,date,manner_of_death,armed,age,gender,race,city,state,signs_of_mental_illness,threat_level,flee,body_camera,longitude,latitude
0,02-01-15,shot,gun,53.0,M,A,Shelton,WA,True,attack,Not fleeing,False,-123.12200000000001,47.247
1,02-01-15,shot,gun,47.0,M,W,Aloha,OR,False,attack,Not fleeing,False,-122.89200000000001,45.486999999999995
2,03-01-15,shot and Tasered,unarmed,23.0,M,H,Wichita,KS,False,other,Not fleeing,False,-97.281,37.695
3,04-01-15,shot,toy weapon,32.0,M,W,San Francisco,CA,True,attack,Not fleeing,False,-122.42200000000001,37.763000000000005
4,04-01-15,shot,nail gun,39.0,M,H,Evans,CO,False,attack,Not fleeing,False,-104.69200000000001,40.384
5,04-01-15,shot,gun,18.0,M,W,Guthrie,OK,False,attack,Not fleeing,False,-97.42299999999999,35.876999999999995
6,05-01-15,shot,gun,22.0,M,H,Chandler,AZ,False,attack,Car,False,-111.84100000000001,33.328
7,06-01-15,shot,gun,35.0,M,W,Assaria,KS,False,attack,Not fleeing,False,-97.564,38.704
8,06-01-15,shot,unarmed,34.0,F,W,Burlington,IA,False,other,Not fleeing,True,-91.119,40.809
9,06-01-15,shot,toy weapon,47.0,M,B,Knoxville,PA,False,attack,Not fleeing,False,-79.991,40.413000000000004
10,06-01-15,shot and Tasered,knife,25.0,M,W,Stockton,CA,False,attack,Not fleeing,False,-121.29899999999999,37.93
11,07-01-15,shot,gun,31.0,M,B,Freeport,TX,False,attack,Not fleeing,False,-95.369,28.955
12,07-01-15,shot,knife,41.0,M,B,Columbus,OH,True,other,Not fleeing,False,-82.885,39.999
13,07-01-15,shot,gun,30.0,M,W,Des Moines,IA,False,attack,Car,False,-93.609,41.582
14,07-01-15,shot,gun,37.0,M,B,New Orleans,LA,False,attack,Foot,True,-90.012,30.022
15,08-01-15,shot,,28.0,M,W,Huntley,MT,False,undetermined,Not fleeing,False,-108.315,45.858999999999995
16,08-01-15,shot,shovel,42.0,M,W,Salt Lake City,UT,False,attack,Not fleeing,True,-111.87200000000001,40.772
17,08-01-15,shot,unarmed,36.0,M,B,Strong,AR,False,attack,Not fleeing,False,-92.359,33.111
18,08-01-15,shot,gun,49.0,M,W,Syracuse,UT,False,attack,Not fleeing,True,-112.083,41.083
19,09-01-15,shot,gun,71.0,M,W,England,AR,False,attack,Not fleeing,False,-91.96600000000001,34.542
20,09-01-15,shot,gun,33.0,M,H,El Paso,TX,False,attack,Not fleeing,False,-106.439,31.858
21,11-01-15,shot,gun,39.0,M,W,Arcola,IL,True,attack,Not fleeing,False,-88.304,39.692
22,11-01-15,shot,gun,23.0,M,H,South Gate,CA,False,attack,Not fleeing,False,-118.18299999999999,33.951
23,11-01-15,shot and Tasered,gun,29.0,M,H,North Las Vegas,NV,False,attack,Foot,False,-115.116,36.185
24,13-01-15,shot,gun,34.0,M,W,Albuquerque,NM,False,attack,Foot,True,-106.586,35.095
25,13-01-15,shot,knife,43.0,M,W,Jourdanton,TX,True,other,Not fleeing,False,-98.542,28.912
26,14-01-15,shot,,24.0,M,B,St. Paul,MN,False,attack,Not fleeing,False,-93.094,44.958
27,14-01-15,shot,,29.0,M,W,Franklin County,MO,False,attack,Not fleeing,False,-90.794,38.317
28,14-01-15,shot,gun,34.0,M,B,Chesapeake,VA,True,attack,Not fleeing,False,-76.348,36.783
29,14-01-15,shot,knife,75.0,M,W,Old Bridge,NJ,False,attack,Not fleeing,False,-74.301,40.405
30,14-01-15,shot,gun,68.0,M,W,Lake Jackson,TX,False,attack,Not fleeing,False,-95.428,29.031
31,14-01-15,shot,knife,34.0,M,W,Draper,UT,False,attack,Not fleeing,True,-111.887,40.54
32,15-01-15,shot,gun,27.0,M,B,Indianapolis,IN,False,attack,Foot,False,-85.991,39.826
33,15-01-15,shot,gun,39.0,M,B,Aurora,CO,False,attack,Not fleeing,False,-104.772,39.726
34,15-01-15,shot,gun,24.0,M,W,Bloomington,MN,True,attack,Not fleeing,False,-93.35799999999999,44.825
35,15-01-15,shot,knife,36.0,M,H,Fairfield,CA,True,other,Not fleeing,False,-121.99700000000001,38.266
36,15-01-15,shot,gun,33.0,M,W,Evangeline Parish,LA,False,attack,Not fleeing,False,-92.441,30.748
37,16-01-15,shot,gun,41.0,M,W,Mabank,TX,False,attack,Car,False,-96.069,32.407
38,16-01-15,shot and Tasered,knife,48.0,M,O,Fremont,CA,False,other,Not fleeing,False,-122.06,37.588
39,17-01-15,shot,gun,21.0,M,B,Muskogee,OK,False,attack,Foot,True,-95.39399999999999,35.766
40,17-01-15,shot,gun,24.0,M,H,Los Angeles,CA,False,attack,Not fleeing,False,-118.23299999999999,34.038000000000004
41,17-01-15,shot,knife,27.0,M,H,Fort Worth,TX,False,attack,Not fleeing,False,-97.334,32.811
42,18-01-15,shot,gun,32.0,M,W,Maricopa,AZ,True,attack,Not fleeing,False,-112.042,33.085
43,18-01-15,shot and Tasered,gun,67.0,M,W,Gunlock,KY,True,attack,Not fleeing,False,-82.921,37.565
44,19-01-15,shot,knife,49.0,M,W,Weymouth,MA,False,attack,Not fleeing,False,-70.932,42.257
45,20-01-15,shot,,42.0,M,B,Scottsdale,AZ,False,other,Car,False,-111.90899999999999,33.509
46,21-01-15,shot,gun,36.0,M,W,Hemet,CA,False,attack,Not fleeing,False,-116.958,33.742
47,21-01-15,shot,gun,36.0,M,H,Chapeno,TX,False,attack,Foot,False,-99.12299999999999,26.559
48,21-01-15,shot,gun,19.0,M,B,St. Louis,MO,False,attack,Not fleeing,False,-90.25,38.665
49,21-01-15,shot,gun,54.0,M,W,Derry,NH,True,attack,Not fleeing,False,-71.337,42.908
50,22-01-15,shot,toy weapon,25.0,M,B,Sierra Blanca,TX,False,attack,Car,False,-105.02799999999999,31.08
51,22-01-15,shot and Tasered,knife,17.0,F,W,Longview,TX,True,other,Not fleeing,False,-94.74600000000001,32.495
52,23-01-15,shot,,29.0,M,B,Fort Lauderdale,FL,False,other,Not fleeing,False,-80.212,26.15
53,23-01-15,shot,knife,56.0,M,H,Levelland,TX,False,other,Not fleeing,False,-102.369,33.578
54,23-01-15,shot,gun,61.0,M,W,Austin,TX,True,attack,Not fleeing,False,-97.789,30.166999999999998
55,24-01-15,shot,gun,45.0,M,W,Rexburg,ID,False,attack,Not fleeing,False,-111.78,43.826
56,24-01-15,shot,knife,26.0,M,B,Baltimore,MD,True,other,Not fleeing,False,-76.648,39.284
57,24-01-15,shot,gun,40.0,M,W,Fort Worth,TX,False,attack,Not fleeing,False,-97.38,32.678000000000004
58,25-01-15,shot,gun,26.0,M,H,Pueblo,CO,False,attack,Car,False,-104.574,38.285
59,25-01-15,shot,gun,59.0,M,,Winslow,NJ,False,attack,Not fleeing,False,-74.929,39.749
60,26-01-15,shot,vehicle,17.0,F,H,Denver,CO,False,other,Not fleeing,False,-104.90899999999999,39.754
61,26-01-15,shot,gun,68.0,M,W,New Hope,MN,True,attack,Not fleeing,False,-93.38600000000001,45.036
62,26-01-15,shot,unarmed,24.0,M,H,Tahoka,TX,False,other,Car,False,-101.666,33.166
63,26-01-15,shot,knife,34.0,M,H,Wasco,CA,True,other,Not fleeing,False,-119.335,35.589
64,27-01-15,shot,knife,39.0,F,W,Omaha,NE,True,attack,Not fleeing,False,-95.99,41.243
65,27-01-15,shot,,26.0,M,N,Phoenix,AZ,False,other,Not fleeing,False,-112.113,33.495
66,27-01-15,shot,gun,29.0,M,W,Morenci,AZ,False,attack,Not fleeing,False,-109.32600000000001,33.054
67,27-01-15,shot,gun,33.0,M,B,Columbus,OH,False,attack,Not fleeing,False,-82.99700000000001,39.879
68,28-01-15,shot,gun,45.0,M,W,Sunset,TX,False,attack,Not fleeing,False,-97.82799999999999,33.47
69,28-01-15,shot,gun,26.0,M,W,Rosenberg,TX,False,attack,Not fleeing,False,-95.78399999999999,29.558000000000003
70,28-01-15,shot and Tasered,hammer,35.0,M,A,Stockton,CA,True,attack,Not fleeing,False,-121.316,38.029
71,29-01-15,shot,gun,31.0,M,W,Wyoming,MI,True,attack,Not fleeing,False,-85.66,42.894
72,29-01-15,shot,unarmed,42.0,M,W,Stillwater,OK,False,other,Foot,False,-97.05,36.121
73,30-01-15,shot,gun,48.0,M,W,Billings,MT,False,attack,Foot,False,-108.51299999999999,45.79
74,31-01-15,shot,gun,31.0,M,H,Houston,TX,False,attack,Not fleeing,False,-95.72,29.861
75,31-01-15,shot and Tasered,knife,54.0,M,B,Randallstown,MD,True,other,Not fleeing,False,-76.821,39.38
76,02-02-15,shot,unarmed,59.0,M,W,Hummelstown,PA,False,other,Foot,False,-76.71300000000001,40.273
77,02-02-15,shot,gun,42.0,M,W,Apple Valley,CA,True,attack,Not fleeing,False,-117.177,34.417
78,02-02-15,shot,gun,17.0,M,W,Bay City,MI,False,attack,Not fleeing,False,-83.87299999999999,43.599
79,03-02-15,shot,gun,23.0,M,B,St. Louis,MO,False,attack,Foot,False,-90.21,38.75
80,03-02-15,shot,gun,38.0,F,B,Emeryville,CA,False,attack,Car,False,-122.28399999999999,37.827
81,03-02-15,shot,knife,29.0,M,B,Antioch,CA,True,other,Not fleeing,False,-121.818,37.999
82,03-02-15,shot,gun,45.0,M,W,Douglas,GA,True,attack,Not fleeing,False,-82.845,31.523000000000003
83,04-02-15,shot,unarmed,28.0,M,B,Tallahassee,FL,False,attack,Not fleeing,False,-84.33,30.465999999999998
84,04-02-15,shot,gun,37.0,M,H,Orlando,FL,False,attack,Not fleeing,False,-81.306,28.5
85,04-02-15,shot,gun,28.0,M,H,Tempe,AZ,False,attack,Car,False,-111.978,33.378
86,04-02-15,shot,unarmed,28.0,M,H,Tempe,AZ,False,other,Not fleeing,False,-111.978,33.378
87,04-02-15,shot,gun,51.0,M,B,Lorena,TX,False,attack,Car,False,-97.208,31.397
88,04-02-15,shot,knife,36.0,M,B,Memphis,TN,False,other,Not fleeing,False,-89.932,35.164
89,05-02-15,shot,gun,59.0,M,W,Chino,CA,False,other,Car,False,-117.65,33.953
90,06-02-15,shot,gun,25.0,M,B,Oklahoma City,OK,False,attack,Not fleeing,False,-97.515,35.404
91,07-02-15,shot,toy weapon,26.0,M,W,Calimesa,CA,False,attack,Not fleeing,False,-117.057,33.994
92,07-02-15,shot,gun,74.0,M,B,Gastonia,NC,False,attack,Not fleeing,False,-81.227,35.266
93,08-02-15,shot,gun,33.0,M,W,Anchorage,AK,False,attack,Car,False,-149.859,61.208
94,08-02-15,shot,gun,27.0,M,W,Austin,TX,False,attack,Not fleeing,False,-97.891,30.244
95,08-02-15,shot,gun,57.0,M,W,New City,NY,True,attack,Not fleeing,False,-74.001,41.152
96,08-02-15,shot,gun,46.0,M,W,Orange County,FL,False,attack,Not fleeing,False,-81.329,28.482
97,08-02-15,shot,gun,41.0,M,W,Nocona,TX,False,attack,Not fleeing,False,-97.712,33.787
98,09-02-15,shot,gun,61.0,M,W,Smyrna,ME,True,undetermined,Not fleeing,False,-68.104,46.159
99,09-02-15,shot,gun,45.0,M,B,Dallas,TX,False,attack,Not fleeing,False,-96.751,32.655
100,10-02-15,shot,gun,49.0,M,B,Whitehaven,TN,False,attack,Not fleeing,False,-90.054,35.025
101,10-02-15,shot,gun,45.0,M,W,New Castle,CO,True,attack,Car,False,-107.454,39.573
102,10-02-15,shot and Tasered,unarmed,35.0,M,H,Pasco,WA,True,other,Foot,False,-119.101,46.228
103,11-02-15,shot,knife,23.0,M,B,San Jose,CA,True,other,Not fleeing,False,-121.876,37.316
104,11-02-15,shot,toy weapon,46.0,M,W,Dadeville,AL,True,attack,Foot,True,-85.72399999999999,32.864000000000004
105,13-02-15,shot,,23.0,M,W,San Bernardino,CA,False,attack,Car,False,-117.333,34.165
106,13-02-15,shot,gun,21.0,M,H,Kansas City,KS,False,attack,Car,False,-94.64,39.071
107,13-02-15,shot,unarmed,35.0,M,H,Reading,PA,False,other,Not fleeing,False,-75.908,40.329
108,13-02-15,shot,gun,27.0,M,W,McLemoresville,TN,False,attack,Not fleeing,False,-88.572,35.95
109,13-02-15,shot,knife,37.0,M,H,San Manuel,AZ,True,other,Not fleeing,False,-110.62799999999999,32.614000000000004
110,14-02-15,shot,gun,16.0,M,W,Essex,MD,True,attack,Car,False,-76.44,39.299
111,14-02-15,shot,gun,51.0,M,W,Laredo,TX,False,attack,Not fleeing,False,-99.47399999999999,27.554000000000002
112,15-02-15,shot,gun,34.0,M,W,Iuka,MS,False,attack,Foot,False,-88.205,34.804
113,15-02-15,shot,hatchet,34.0,M,W,Colton,OR,True,other,Not fleeing,False,-122.43700000000001,45.175
114,15-02-15,shot and Tasered,unarmed,25.0,M,B,Miami Gardens,FL,True,other,Not fleeing,False,-80.208,25.951
115,16-02-15,shot,gun,56.0,M,W,Marana,AZ,False,attack,Not fleeing,False,-111.09,32.359
116,16-02-15,shot,gun,26.0,M,W,Boise,ID,False,attack,Not fleeing,False,-116.22200000000001,43.57899999999999
117,16-02-15,shot,toy weapon,24.0,M,W,Provo,UT,True,attack,Not fleeing,False,-111.624,40.103
118,17-02-15,shot,gun,43.0,F,W,Gaston County,NC,False,attack,Not fleeing,False,-81.169,35.229
119,17-02-15,shot,unarmed,31.0,M,W,Springfield,MO,False,other,Foot,False,-93.319,37.225
120,17-02-15,shot,gun,32.0,M,W,Eaton Rapids Township,MI,False,attack,Not fleeing,False,-84.70100000000001,42.513999999999996
121,17-02-15,shot,toy weapon,30.0,M,W,Tewksbury,MA,False,attack,Foot,False,-71.28399999999999,42.614
122,17-02-15,shot,,50.0,M,H,Del Rio,TX,False,other,Not fleeing,False,-100.831,29.369
123,18-02-15,shot,knife,20.0,F,B,Charlotte,NC,True,other,Not fleeing,False,-80.819,35.25
124,20-02-15,shot,unarmed,31.0,M,H,Euless,TX,False,other,Not fleeing,False,-97.1,32.874
125,20-02-15,shot,gun,38.0,M,B,Homewood,AL,False,attack,Not fleeing,False,-86.824,33.482
126,20-02-15,shot,gun,77.0,M,B,Birmingham,AL,True,attack,Not fleeing,False,-86.72399999999999,33.564
127,20-02-15,shot,gun,,M,H,Houston,TX,False,attack,Car,False,-95.40100000000001,29.983
128,21-02-15,shot,gun,41.0,M,W,Ruidoso,NM,False,attack,Not fleeing,False,-105.665,33.448
129,21-02-15,shot,knife,51.0,M,W,Indianapolis,IN,False,attack,Not fleeing,False,-85.992,39.793
130,22-02-15,shot,gun,50.0,M,W,Palm Bay,FL,False,attack,Not fleeing,False,-80.645,27.99
131,23-02-15,shot,gun,47.0,M,W,Denham Springs,LA,True,attack,Not fleeing,False,-90.956,30.455
132,23-02-15,shot,knife,37.0,M,W,Powder Springs,GA,False,other,Not fleeing,False,-84.695,33.911
133,23-02-15,shot,gun,41.0,M,W,Clarkesville,GA,False,attack,Foot,False,-83.598,34.631
134,23-02-15,shot,gun,16.0,M,B,Millbrook,AL,False,attack,Not fleeing,False,-86.36200000000001,32.53
135,23-02-15,shot and Tasered,knife,42.0,M,W,Allentown,PA,False,attack,Car,False,-75.433,40.632
136,23-02-15,shot and Tasered,unarmed,39.0,M,W,Omaha,NE,False,other,Not fleeing,False,-95.93299999999999,41.244
137,24-02-15,shot and Tasered,knife,30.0,M,W,Green Bay,WI,True,attack,Not fleeing,False,-88.05799999999999,44.527
138,25-02-15,shot,,27.0,M,B,Oklahoma City,OK,False,other,Car,False,-97.552,35.497
139,25-02-15,shot,gun,43.0,M,W,Las Vegas,NV,True,attack,Not fleeing,False,-115.055,36.241
140,26-02-15,shot,gun,42.0,M,H,Lakeland,FL,False,attack,Foot,False,-81.95,28.104
141,26-02-15,shot,knife,21.0,M,H,San Francisco,CA,False,other,Not fleeing,False,-122.414,37.751
142,26-02-15,shot,unarmed,49.0,M,W,Gulfport,MS,False,other,Not fleeing,False,-89.09200000000001,30.425
143,26-02-15,shot,gun,34.0,F,W,Sylvester,GA,False,attack,Car,False,-83.902,31.55
144,26-02-15,shot and Tasered,unarmed,31.0,M,W,Terre Haute,IN,False,other,Not fleeing,False,-87.37899999999999,39.463
145,27-02-15,shot,unarmed,27.0,M,H,Santa Ana,CA,False,undetermined,Not fleeing,False,-117.87899999999999,33.747
146,28-02-15,shot,gun,24.0,M,W,Pelzer,SC,False,attack,Not fleeing,False,-82.40799999999999,34.633
147,28-02-15,shot,unarmed,34.0,M,B,St Louis,MO,False,other,Car,False,-90.23200000000001,38.598
148,28-02-15,shot,knife,28.0,F,H,Tucson,AZ,False,other,Not fleeing,False,-110.99,32.23
149,28-02-15,shot,gun,28.0,M,B,Columbia,MO,False,attack,Car,False,-92.294,38.946
150,28-02-15,shot,gun,40.0,M,B,Tarboro,NC,True,attack,Car,False,-77.548,35.918
151,28-02-15,shot,gun,37.0,F,W,La Paz County,AZ,False,attack,Car,False,-114.45100000000001,33.619
152,28-02-15,shot and Tasered,unarmed,17.0,M,W,Roxand Township,MI,False,attack,Not fleeing,True,-84.837,42.756
153,01-03-15,shot,gun,35.0,M,A,Houston,TX,False,attack,Not fleeing,False,-95.62200000000001,29.704
154,01-03-15,shot,gun,49.0,M,W,Barton,MS,False,attack,Not fleeing,False,-88.604,30.789
155,01-03-15,shot and Tasered,unarmed,43.0,M,B,Los Angeles,CA,True,attack,Not fleeing,True,-118.245,34.043
156,02-03-15,shot,gun,20.0,M,B,Joilet,IL,False,other,Foot,False,-88.074,41.522
157,03-03-15,shot,gun,25.0,M,B,Salisbury,MD,False,attack,Not fleeing,False,-75.609,38.38
158,03-03-15,shot,knife,25.0,M,W,Tempe,AZ,False,attack,Not fleeing,False,-111.931,33.44
159,04-03-15,shot,unarmed,26.0,M,W,Deltona,FL,False,other,Not fleeing,False,-81.25399999999999,28.886999999999997
160,04-03-15,shot,gun,28.0,M,A,Stockton,CA,False,attack,Not fleeing,False,-121.286,37.948
161,05-03-15,shot,knife,45.0,M,B,Milwaukee,WI,True,other,Not fleeing,False,-87.904,42.968
162,05-03-15,shot,unarmed,36.0,M,H,Burbank,CA,False,other,Car,False,-118.345,34.150999999999996
163,05-03-15,shot,gun,34.0,M,W,Lincoln,NE,False,attack,Not fleeing,False,-96.682,40.875
164,06-03-15,shot,unarmed,19.0,M,B,Madison,WI,False,attack,Foot,False,-89.365,43.083
165,06-03-15,shot,unarmed,37.0,M,B,Aurora,CO,False,undetermined,Foot,False,-104.916,39.735
166,06-03-15,shot,,48.0,M,B,Putnam Hall,FL,False,other,Not fleeing,False,-81.959,29.743000000000002
167,07-03-15,shot,gun,29.0,M,W,Phoenix,AZ,False,attack,Not fleeing,False,-112.04299999999999,33.469
168,08-03-15,shot,knife,43.0,F,B,Anaheim,CA,True,other,Not fleeing,True,-117.94,33.819
169,08-03-15,shot,gun,40.0,M,H,Oklahoma City,OK,False,attack,Not fleeing,False,-97.583,35.426
170,08-03-15,shot,,35.0,M,W,Claymont,DE,False,attack,Car,False,-75.456,39.818000000000005
171,09-03-15,shot,unarmed,27.0,M,B,Atlanta,GA,True,other,Not fleeing,False,-84.26700000000001,33.88
172,09-03-15,shot,gun,58.0,M,W,Brevard,NC,False,attack,Not fleeing,False,-82.626,35.269
173,09-03-15,shot,gun,46.0,M,W,Dinosaur,CO,False,attack,Not fleeing,False,-109.01,40.246
174,09-03-15,shot,gun,30.0,M,B,Cocoa,FL,False,attack,Not fleeing,False,-80.749,28.351
175,10-03-15,shot,gun,64.0,M,B,Cleveland,OH,False,attack,Not fleeing,True,-81.641,41.45
176,10-03-15,shot,gun,31.0,M,B,Baton Rouge,LA,False,attack,Not fleeing,False,-91.169,30.535999999999998
177,10-03-15,shot,knife,23.0,M,W,Port Wentworth,GA,False,attack,Not fleeing,True,-81.184,32.165
178,10-03-15,shot,sword,37.0,M,H,Ontario,CA,True,other,Car,False,-117.655,34.05
179,11-03-15,shot,,37.0,M,B,Elkton,MD,False,other,Not fleeing,False,-75.816,39.573
180,11-03-15,shot,gun,31.0,M,W,Memphis,TN,True,attack,Not fleeing,False,-90.0,35.158
181,11-03-15,shot,gun,39.0,M,H,Santa Ana,CA,False,attack,Not fleeing,False,-117.868,33.743
182,11-03-15,shot,toy weapon,31.0,M,W,Kingman,AZ,True,attack,Not fleeing,False,-114.02600000000001,35.204
183,11-03-15,shot,gun,54.0,M,W,Bay Minette,AL,False,attack,Not fleeing,False,-87.891,30.862
184,11-03-15,shot,gun,53.0,M,W,Hoover,AL,True,attack,Not fleeing,False,-86.84899999999999,33.417
185,11-03-15,shot,,25.0,M,H,Los Angeles,CA,False,other,Not fleeing,False,-118.22,33.939
186,12-03-15,shot,unarmed,35.0,M,B,Washington,DC,True,other,Not fleeing,False,-76.983,38.882
187,13-03-15,shot,gun,41.0,M,H,Napa,CA,False,other,Other,False,-122.274,38.306
188,13-03-15,shot,gun,59.0,M,W,Kansas City,MO,False,attack,Not fleeing,False,-94.48700000000001,38.946999999999996
189,13-03-15,shot,knife,36.0,M,W,Fontana,CA,False,attack,Not fleeing,False,-117.43,34.078
190,13-03-15,shot,unarmed,32.0,M,H,Walnut Creek,CA,False,other,Foot,False,-118.229,33.971
191,14-03-15,shot,knife,53.0,M,W,Follansbee,WV,False,other,Not fleeing,False,-80.596,40.330999999999996
192,14-03-15,shot,gun,26.0,M,W,Kenosha,WI,False,attack,Car,False,-87.835,42.583
193,14-03-15,shot,gun,29.0,M,H,San Antonio,TX,True,attack,Not fleeing,False,-98.536,29.513
194,15-03-15,shot,machete,27.0,M,W,Ruth,MS,False,other,Not fleeing,False,-90.303,31.326
195,16-03-15,shot,gun,28.0,M,W,St. Paul,MN,True,attack,Not fleeing,False,-93.025,44.95399999999999
196,16-03-15,shot,gun,52.0,M,W,Gastonia,NC,True,attack,Not fleeing,False,-81.242,35.204
197,17-03-15,shot,gun,49.0,M,W,Medford,OR,True,attack,Not fleeing,False,-122.899,42.33
198,17-03-15,shot,gun,24.0,M,W,Dublin,NC,False,attack,Foot,False,-78.751,34.64
199,17-03-15,shot,vehicle,24.0,F,W,San Francisco,CA,True,other,Not fleeing,False,-122.42200000000001,37.789
200,17-03-15,shot,gun,20.0,M,W,Onalaska,TX,True,attack,Not fleeing,False,-95.104,30.815
201,17-03-15,shot,unarmed,22.0,M,H,Sacramento,CA,False,undetermined,Car,False,-121.50399999999999,38.681999999999995
202,18-03-15,shot,gun,49.0,F,W,Glendale,AZ,False,attack,Not fleeing,False,-112.20299999999999,33.582
203,18-03-15,shot,gun,64.0,M,W,Tallahassee,FL,False,attack,Not fleeing,False,-84.279,30.461
204,18-03-15,shot,knife,47.0,M,W,Bakersfield,CA,False,other,Not fleeing,False,-119.015,35.376
205,19-03-15,shot,box cutter,39.0,M,W,Lawrence County,AL,True,other,Not fleeing,True,-87.287,34.566
206,19-03-15,shot,unarmed,18.0,M,B,Cleveland,OH,False,attack,Not fleeing,False,-81.609,41.528999999999996
207,19-03-15,shot,gun,31.0,M,W,Middleton,ID,False,attack,Not fleeing,True,-116.58,43.70399999999999
208,19-03-15,shot,gun,16.0,M,B,Jacksonville,FL,False,attack,Car,False,-81.68,30.379
209,19-03-15,shot,unarmed,20.0,M,W,Sumas,WA,True,attack,Not fleeing,False,-122.273,49.0
210,19-03-15,shot,gun,36.0,M,W,Bakersfield,CA,False,attack,Not fleeing,False,-119.336,35.355
211,20-03-15,shot,machete,63.0,M,B,New Orleans,LA,True,attack,Not fleeing,False,-90.265,29.993000000000002
212,20-03-15,shot,gun,34.0,M,W,Coal County,OK,False,attack,Not fleeing,False,-96.323,34.506
213,20-03-15,shot,gun,24.0,M,N,Red Valley,AZ,False,attack,Car,False,-109.13799999999999,36.466
214,21-03-15,shot,gun,21.0,M,W,Cottonwood,AZ,False,attack,Not fleeing,False,-112.001,34.713
215,21-03-15,shot,gun,44.0,M,W,Clarendon,NY,False,attack,Car,False,-78.047,43.19
216,21-03-15,shot,gun,60.0,M,W,Harmony,IN,True,attack,Not fleeing,False,-87.073,39.534
217,21-03-15,shot,gun,42.0,M,W,Columbus,OH,False,attack,Not fleeing,False,-82.999,40.03
218,22-03-15,shot,knife,37.0,M,W,Vallejo,CA,True,other,Not fleeing,False,-122.22200000000001,38.133
219,22-03-15,shot and Tasered,knife,36.0,M,W,Portland,OR,True,other,Foot,False,-122.53,45.506
220,22-03-15,shot and Tasered,undetermined,21.0,M,B,Islip,NY,False,attack,Car,False,-73.238,40.74
221,23-03-15,shot,gun,24.0,M,B,Santa Clara,CA,False,attack,Not fleeing,False,-121.959,37.361
222,24-03-15,shot,gun,29.0,M,B,Portsmouth,VA,True,attack,Car,False,-76.37,36.819
223,24-03-15,shot,gun,57.0,M,W,San Jose,CA,True,attack,Not fleeing,False,-121.84100000000001,37.302
224,24-03-15,shot,gun,38.0,M,W,Fond du Lac,WI,False,attack,Not fleeing,False,-88.475,43.782
225,25-03-15,shot,undetermined,23.0,M,B,Smyrna,GA,False,other,Car,True,-84.477,33.866
226,25-03-15,shot,gun,27.0,M,B,Johnsonville,SC,False,attack,Foot,False,-79.462,33.819
227,25-03-15,shot,gun,28.0,M,H,South Los Angeles,CA,False,attack,Foot,False,-118.292,33.94
228,25-03-15,shot and Tasered,gun,63.0,M,W,Glendale,AZ,True,other,Not fleeing,False,-112.20299999999999,33.638000000000005
229,26-03-15,shot,gun,53.0,F,W,Gardner,KS,False,attack,Not fleeing,False,-94.91,38.818000000000005
230,26-03-15,shot,knife,35.0,M,H,Wilmington,CA,True,other,Not fleeing,False,-118.271,33.793
231,27-03-15,shot,knife,26.0,F,B,Oxnard,CA,False,other,Not fleeing,False,-119.18299999999999,34.228
232,27-03-15,shot,gun,42.0,M,W,Fort Ashby,WV,False,attack,Car,False,-78.84100000000001,39.469
233,27-03-15,shot,gun,41.0,M,B,Boston,MA,False,attack,Not fleeing,False,-71.089,42.313
234,27-03-15,shot,gun,56.0,M,W,Encinitas,CA,True,attack,Not fleeing,False,-117.242,33.05
235,27-03-15,shot,knife,39.0,M,B,Fort Pierce,FL,False,other,Not fleeing,False,-80.328,27.435
236,27-03-15,shot,toy weapon,23.0,M,H,Bakersfield,CA,False,attack,Car,False,-119.00299999999999,35.396
237,27-03-15,shot,gun,40.0,M,W,Webster,MA,False,attack,Foot,False,-71.878,42.056000000000004
238,29-03-15,shot,gun,29.0,M,B,Elizabethtown,KY,False,attack,Not fleeing,False,-85.889,37.735
239,29-03-15,shot,,26.0,M,W,Jasper,OH,False,attack,Car,False,-83.255,39.083
240,30-03-15,shot,gun,54.0,M,,Boulder City,NV,False,attack,Not fleeing,False,-114.84,35.974000000000004
241,30-03-15,shot,gun,49.0,M,W,Eugene,OR,True,attack,Not fleeing,False,-123.181,44.091
242,31-03-15,shot,gun,36.0,M,W,Carollwood,FL,False,attack,Not fleeing,False,-82.49,28.101999999999997
243,31-03-15,shot,toy weapon,21.0,M,H,Baytown,TX,False,attack,Not fleeing,False,-94.971,29.733
244,31-03-15,shot,vehicle,27.0,F,B,Fort Meade,MD,False,other,Car,False,-76.77,39.115
245,01-04-15,shot,gun,37.0,M,B,Hawthorne,CA,False,attack,Not fleeing,False,-118.337,33.902
246,01-04-15,shot,knife,36.0,M,W,Hamilton,NJ,False,attack,Not fleeing,False,-74.71,40.217
247,02-04-15,shot,gun,32.0,M,B,Rock Island,IL,False,attack,Foot,False,-90.58200000000001,41.5
248,02-04-15,shot,unarmed,44.0,M,B,Tulsa,OK,False,other,Not fleeing,False,-95.94,36.184
249,02-04-15,shot,gun,27.0,M,W,Pineville,LA,True,attack,Not fleeing,False,-92.40700000000001,31.346
250,02-04-15,shot and Tasered,gun,63.0,M,W,Metropolis,IL,True,attack,Not fleeing,False,-88.677,37.176
251,03-04-15,shot,knife,38.0,M,W,Winchester,VA,False,other,Not fleeing,True,-78.128,39.191
252,04-04-15,shot,gun,17.0,M,B,Zion,IL,False,attack,Foot,False,-87.845,42.452
253,04-04-15,shot,gun,31.0,M,B,Orange,CA,False,attack,Not fleeing,True,-117.852,33.836
254,04-04-15,shot,gun,34.0,M,W,Edgewood,NM,True,attack,Car,False,-106.193,35.056
255,04-04-15,shot and Tasered,unarmed,50.0,M,B,North Charleston,SC,False,other,Foot,False,-80.014,32.899
256,05-04-15,shot,knife,51.0,M,W,Phoenix,AZ,True,other,Not fleeing,False,-112.14399999999999,33.655
257,05-04-15,shot,gun,56.0,M,W,Tehachapi,CA,False,attack,Not fleeing,False,-118.414,35.126999999999995
258,06-04-15,shot,gun,23.0,M,W,Indianapolis,IN,True,attack,Not fleeing,False,-86.273,39.681
259,06-04-15,shot,gun,25.0,M,B,Harvey,LA,False,attack,Foot,False,-90.04799999999999,29.877
260,06-04-15,shot,gun,31.0,M,W,Jefferson County,ID,False,attack,Car,False,-112.04899999999999,43.641999999999996
261,07-04-15,shot,gun,32.0,M,W,Pottawatomie County,OK,False,attack,Car,False,-97.057,35.339
262,08-04-15,shot,gun,60.0,M,W,San Antonio,TX,False,attack,Car,False,-98.427,29.489
263,08-04-15,shot,,42.0,M,B,Valdosta,GA,False,attack,Car,False,-83.333,30.845
264,08-04-15,shot,gun,39.0,M,H,Los Angeles,CA,False,attack,Foot,False,-118.212,34.041
265,08-04-15,shot,knife,28.0,M,A,Sunnyvale,CA,True,other,Not fleeing,False,-121.995,37.404
266,09-04-15,shot,sword,22.0,M,W,Navarre,FL,False,attack,Not fleeing,False,-86.835,30.413
267,09-04-15,shot,gun,29.0,M,B,Monon,IN,False,attack,Car,False,-86.87899999999999,40.879
268,09-04-15,shot,gun,31.0,M,W,Straban Township,PA,True,attack,Not fleeing,False,-77.158,39.859
269,09-04-15,shot,gun,28.0,M,W,Boiling Springs,SC,False,attack,Not fleeing,False,-82.006,35.023
270,09-04-15,shot and Tasered,,54.0,M,,Kellyville,OK,False,attack,Other,False,-96.277,35.954
271,10-04-15,shot,knife,21.0,M,H,Corning,CA,False,attack,Not fleeing,False,-122.20200000000001,39.935
272,10-04-15,shot,gun,38.0,M,W,Topeka,KS,False,attack,Car,False,-95.762,39.054
273,11-04-15,shot,gun,66.0,M,W,Sand Springs,OK,True,attack,Not fleeing,True,-96.134,36.092
274,12-04-15,shot,gun,36.0,M,B,Indianapolis,IN,False,attack,Foot,True,-86.109,39.813
275,12-04-15,shot,machete,83.0,M,W,Oklahoma City,OK,True,other,Not fleeing,False,-97.34,35.404
276,12-04-15,shot,gun,32.0,M,W,Salemburg,NC,True,attack,Car,False,-78.491,35.064
277,13-04-15,shot,gun,27.0,M,H,Alton,IL,False,attack,Not fleeing,False,-90.135,38.891999999999996
278,14-04-15,shot,undetermined,26.0,M,B,DeSoto,TX,False,undetermined,Foot,False,-96.823,32.662
279,14-04-15,shot,machete,31.0,M,W,Jonesboro,AR,True,attack,Not fleeing,False,-90.71799999999999,35.834
280,15-04-15,shot,gun,22.0,M,B,Miami,FL,False,undetermined,Foot,False,-80.212,25.844
281,15-04-15,shot,knife,41.0,M,B,Spartanburg,SC,False,attack,Not fleeing,False,-81.91199999999999,34.904
282,15-04-15,shot,unarmed,41.0,M,B,Houston,TX,False,other,Car,False,-95.17299999999999,29.805999999999997
283,15-04-15,shot,toy weapon,51.0,M,W,Columbia,MO,False,attack,Car,True,-92.32600000000001,38.948
284,15-04-15,shot,gun,72.0,M,W,Cañon City,CO,True,attack,Not fleeing,False,-105.19200000000001,38.446
285,15-04-15,shot,toy weapon,52.0,M,H,Montclair,CA,True,attack,Not fleeing,False,-117.721,34.051
286,16-04-15,shot,knife,47.0,M,H,Shafter,CA,False,other,Not fleeing,False,-119.281,35.5
287,17-04-15,shot,gun,18.0,M,B,Chicago,IL,False,attack,Foot,False,-87.572,41.761
288,17-04-15,shot,gun,29.0,M,H,Hemet,CA,False,attack,Not fleeing,False,-116.954,33.744
289,17-04-15,shot,knife,23.0,M,B,Jennings,MO,True,other,Not fleeing,True,-90.244,38.724000000000004
290,18-04-15,shot,gun,43.0,M,H,Phoenix,AZ,True,attack,Not fleeing,False,-112.039,33.48
291,18-04-15,shot,gun,45.0,M,W,Panama City,FL,False,attack,Not fleeing,False,-85.70200000000001,30.171
292,19-04-15,shot,gun,40.0,M,W,Wilmore,KY,True,attack,Not fleeing,False,-84.66,37.868
293,19-04-15,shot,knife,44.0,M,W,Sidney,NE,False,attack,Not fleeing,False,-102.98299999999999,41.122
294,20-04-15,shot,gun,25.0,M,H,Mission,TX,False,other,Not fleeing,False,-98.35,26.281999999999996
295,21-04-15,shot,unarmed,37.0,M,N,Lakewood,WA,True,other,Foot,False,-122.485,47.16
296,21-04-15,shot,knife,59.0,M,W,Irmo,SC,True,other,Not fleeing,False,-81.2,34.073
297,21-04-15,shot,knife,35.0,M,H,Los Angeles,CA,True,other,Not fleeing,False,-118.205,34.071999999999996
298,21-04-15,shot,,35.0,M,B,Trenton,NJ,False,attack,Not fleeing,False,-74.252,40.713
299,22-04-15,shot,unarmed,18.0,M,B,Portsmouth,VA,False,undetermined,Not fleeing,False,-76.34,36.83
300,22-04-15,shot,knife,51.0,M,H,Bisbee,AZ,False,other,Not fleeing,False,-109.917,31.401
301,22-04-15,shot,gun,30.0,M,W,Queens,NY,True,attack,Foot,False,-73.794,40.71
302,22-04-15,shot,gun,31.0,M,B,Fort Worth,TX,False,attack,Foot,False,-97.304,32.769
303,22-04-15,shot,gun,39.0,M,A,Eldorado Springs,CO,False,attack,Not fleeing,False,-105.257,39.938
304,23-04-15,shot,gun,26.0,M,W,Sylmar,CA,True,attack,Not fleeing,False,-118.43799999999999,34.323
305,23-04-15,shot,gun,51.0,M,W,Rufe,OK,False,attack,Not fleeing,False,-95.15700000000001,34.133
306,23-04-15,shot,unarmed,19.0,M,H,Long Beach,CA,False,other,Not fleeing,False,-118.17399999999999,33.781
307,24-04-15,shot,,46.0,F,W,Windsor,CA,False,attack,Car,False,-122.792,38.375
308,24-04-15,shot,gun,49.0,M,W,Eugene,OR,False,attack,Not fleeing,False,-122.99700000000001,44.913999999999994
309,24-04-15,shot,gun,63.0,M,W,Miami,OK,False,attack,Car,False,-94.887,36.897
310,24-04-15,shot,gun,20.0,M,B,Trinidad,CO,False,attack,Foot,True,-104.493,37.176
311,25-04-15,shot,machete,25.0,M,W,Victoria,TX,True,other,Not fleeing,True,-97.001,28.878
312,25-04-15,shot,unarmed,24.0,M,B,New York,NY,True,attack,Foot,False,-73.982,40.725
313,25-04-15,shot,knife,58.0,M,W,Clermont,FL,True,other,Not fleeing,False,-81.812,28.566999999999997
314,26-04-15,shot,unarmed,29.0,M,W,Bunch,OK,False,attack,Not fleeing,False,-94.772,35.745
315,26-04-15,shot,gun,76.0,M,W,Kings County,CA,False,attack,Not fleeing,False,-119.601,36.211
316,26-04-15,shot,gun,45.0,M,W,Fountain Valley,CA,False,attack,Not fleeing,False,-117.956,33.696
317,27-04-15,shot,hammer,20.0,M,B,Detroit,MI,False,other,Not fleeing,False,-83.236,42.36600000000001
318,28-04-15,shot,gun,58.0,M,W,Mansfield,OH,False,attack,Not fleeing,False,-82.516,40.739000000000004
319,28-04-15,shot,gun,21.0,M,B,New Orleans,LA,False,attack,Not fleeing,True,-89.96600000000001,30.019000000000002
320,28-04-15,shot,gun,27.0,M,W,Marion,IL,True,attack,Not fleeing,False,-88.941,37.731
321,29-04-15,shot,knife,26.0,M,W,Chickasha,OK,False,other,Foot,False,-97.949,35.04
322,29-04-15,shot,gun,33.0,M,H,Mesa,AZ,True,attack,Not fleeing,False,-111.8,33.39
323,29-04-15,shot,gun,27.0,M,H,Elk Grove,CA,False,attack,Not fleeing,False,-121.492,38.37
324,29-04-15,shot,gun,25.0,F,B,Atlanta,GA,False,attack,Not fleeing,False,-84.39,33.751999999999995
325,29-04-15,shot,gun,53.0,M,B,Emporia,VA,True,attack,Not fleeing,False,-77.502,36.611
326,29-04-15,shot,gun,53.0,M,W,Nashville,TN,True,attack,Not fleeing,False,-86.779,36.054
327,30-04-15,shot,unarmed,42.0,M,O,San Diego,CA,True,other,Not fleeing,True,-117.206,32.754
328,30-04-15,shot and Tasered,metal object,22.0,M,H,El Paso,TX,False,other,Not fleeing,False,-106.34200000000001,31.694000000000003
329,02-05-15,shot,gun,52.0,M,W,Smyrna,DE,False,attack,Not fleeing,True,-75.60300000000001,39.28
330,03-05-15,shot,gun,36.0,M,W,Roosevelt,UT,True,attack,Not fleeing,True,-109.99600000000001,40.306
331,03-05-15,shot,gun,30.0,M,B,Garland,TX,False,attack,Not fleeing,False,-96.64200000000001,32.958
332,03-05-15,shot,gun,34.0,M,O,Garland,TX,False,attack,Not fleeing,False,-96.64200000000001,32.958
333,03-05-15,shot,gun,44.0,M,H,Albuquerque,NM,False,attack,Not fleeing,False,-106.68700000000001,35.052
334,03-05-15,shot,gun,53.0,M,W,Chavies,KY,False,attack,Not fleeing,False,-83.245,37.38
335,04-05-15,shot,toy weapon,36.0,M,W,Kennewick,WA,True,attack,Not fleeing,False,-119.16799999999999,46.202
336,05-05-15,shot,unarmed,29.0,M,B,Venice,CA,False,attack,Not fleeing,True,-118.47200000000001,33.988
337,05-05-15,shot,knife,32.0,M,A,South El Monte,CA,False,attack,Not fleeing,False,-118.044,34.054
338,05-05-15,shot,gun,46.0,M,W,Pulaski,VA,True,attack,Not fleeing,False,-80.74600000000001,37.058
339,06-05-15,shot,gun,18.0,M,W,Wake Forest,NC,False,attack,Car,False,-78.52600000000001,35.951
340,07-05-15,shot,knife,72.0,M,,Lawrenceville,GA,True,other,Not fleeing,False,-84.087,33.933
341,07-05-15,shot,knife,38.0,M,W,Beacon,NY,False,other,Car,False,-73.98,41.518
342,07-05-15,shot,,21.0,M,B,Cerritos,CA,False,attack,Car,False,-118.05,33.874
343,08-05-15,shot,sword,35.0,M,W,Kearny,AZ,False,attack,Not fleeing,False,-110.92299999999999,33.079
344,08-05-15,shot,gun,58.0,M,W,Constantia,NY,True,attack,Not fleeing,False,-76.008,43.266000000000005
345,08-05-15,shot,gun,48.0,M,B,Harvey,LA,False,attack,Not fleeing,False,-90.072,29.86
346,08-05-15,shot,,31.0,M,B,Fridley,MN,False,attack,Car,False,-93.266,45.07
347,10-05-15,shot,gun,47.0,M,W,Tacoma,WA,False,attack,Not fleeing,False,-122.48899999999999,47.229
348,10-05-15,shot,,34.0,M,B,Landover,MD,False,other,Car,False,-76.875,38.902
349,11-05-15,shot,,30.0,M,B,Fort Worth,TX,False,attack,Car,False,-97.395,32.661
350,11-05-15,shot,knife,28.0,M,W,St. Augustine,FL,True,other,Not fleeing,False,-81.48100000000001,29.973000000000003
351,12-05-15,shot,gun,28.0,M,B,Jacksonville,FL,False,other,Foot,False,-81.73899999999999,30.213
352,12-05-15,shot,undetermined,40.0,M,W,Rancho Santa Margarita,CA,True,other,Not fleeing,False,-117.613,33.655
353,12-05-15,shot and Tasered,gun,46.0,M,O,Honolulu,HI,False,attack,Not fleeing,False,-157.862,21.31
354,14-05-15,shot,gun,37.0,M,W,Portage,MI,True,attack,Car,False,-85.641,42.229
355,14-05-15,shot,gun,53.0,M,W,St. Augustine,FL,True,attack,Not fleeing,False,-81.278,29.85
356,15-05-15,shot,gun,41.0,M,W,Rockford,IL,True,attack,Not fleeing,False,-89.069,42.25
357,15-05-15,shot,toy weapon,42.0,M,W,Sacramento,CA,True,attack,Not fleeing,False,-121.434,38.552
358,16-05-15,shot,gun,45.0,M,B,Harvey,IL,False,attack,Foot,False,-87.634,41.603
359,17-05-15,shot,gun,34.0,M,W,San Diego,CA,True,attack,Foot,True,-117.154,32.802
360,17-05-15,shot,gun,18.0,M,W,St. Petersburg,FL,True,attack,Not fleeing,False,-82.65899999999999,27.82
361,17-05-15,shot,sword,27.0,M,W,Ruidoso,NM,False,other,Not fleeing,False,-105.67299999999999,33.357
362,19-05-15,shot,unarmed,54.0,M,H,Arlington,VA,False,attack,Not fleeing,False,-77.105,38.873000000000005
363,19-05-15,shot,gun,35.0,M,W,Cabot,AR,False,attack,Not fleeing,False,-92.008,34.967
364,19-05-15,shot,gun,17.0,M,W,Grand Junction,CO,False,attack,Other,False,-108.556,39.074
365,20-05-15,shot,gun,29.0,M,B,Lancaster,PA,False,attack,Not fleeing,False,-76.3,40.042
366,20-05-15,shot,gun,38.0,M,B,Owensboro,KY,False,attack,Not fleeing,False,-87.12299999999999,37.724000000000004
367,20-05-15,shot,gun,26.0,M,B,Omaha,NE,False,attack,Not fleeing,False,-95.95700000000001,41.324
368,20-05-15,shot and Tasered,knife,52.0,M,W,Green,OH,False,other,Not fleeing,False,-81.429,40.965
369,20-05-15,shot and Tasered,knife,39.0,F,W,Gillette,WY,False,other,Car,False,-105.45,44.302
370,21-05-15,shot,gun,22.0,M,H,El Paso,TX,True,undetermined,Not fleeing,False,-106.42299999999999,31.904
371,21-05-15,shot,knife,29.0,M,B,Ft. Lauderdale,FL,False,attack,Not fleeing,False,-80.184,26.107
372,21-05-15,shot,knife,43.0,M,W,North Charleston,SC,False,attack,Not fleeing,False,-80.078,32.858000000000004
373,21-05-15,shot,knife,24.0,M,H,Hackensack,NJ,True,other,Not fleeing,False,-74.041,40.900999999999996
374,21-05-15,shot,gun,32.0,M,B,Charleston,SC,False,attack,Not fleeing,False,-79.938,32.778
375,22-05-15,shot,toy weapon,40.0,M,W,Somerset,PA,False,attack,Not fleeing,False,-79.075,40.033
376,23-05-15,shot,gun,47.0,M,W,Sedalia,MO,False,attack,Not fleeing,False,-93.515,38.658
377,23-05-15,shot,gun,40.0,M,W,Eagar,AZ,False,attack,Car,False,-109.33,34.094
378,23-05-15,shot,gun,25.0,M,B,Detroit,MI,True,attack,Not fleeing,False,-83.18700000000001,42.386
379,25-05-15,shot,gun,31.0,F,W,Austin,TX,True,attack,Not fleeing,False,-97.721,30.331999999999997
380,25-05-15,shot,knife,36.0,M,B,Huntsville,AL,True,attack,Not fleeing,False,-86.564,34.614000000000004
381,26-05-15,shot,gun,51.0,M,B,Queens,NY,False,attack,Not fleeing,False,-73.889,40.657
382,26-05-15,shot,undetermined,24.0,M,W,Bossier City,LA,False,attack,Not fleeing,False,-93.708,32.516999999999996
383,26-05-15,shot,gun,62.0,M,W,Snohomish,WA,True,attack,Not fleeing,False,-122.014,47.838
384,27-05-15,shot,knife,39.0,M,W,Ideal Beach,NJ,False,attack,Not fleeing,False,-74.113,40.444
385,27-05-15,shot,toy weapon,24.0,M,W,Edmond,OK,True,attack,Not fleeing,False,-97.455,35.634
386,27-05-15,shot,knife,57.0,M,W,Rockville,GA,True,attack,Not fleeing,False,-83.206,33.344
387,27-05-15,shot and Tasered,unarmed,20.0,M,O,Long Beach,CA,False,other,Not fleeing,False,-118.139,33.785
388,27-05-15,shot and Tasered,screwdriver,33.0,M,W,Alpine,CA,True,other,Not fleeing,False,-116.699,32.751
389,28-05-15,shot,gun,60.0,M,W,Lancaster,SC,False,attack,Not fleeing,False,-80.797,34.794000000000004
390,28-05-15,shot,gun,32.0,M,B,Northglenn,CO,False,attack,Not fleeing,False,-104.976,39.894
391,28-05-15,shot,gun,40.0,M,B,Carrollton,GA,False,attack,Not fleeing,False,-85.04899999999999,33.59
392,28-05-15,shot and Tasered,lawn mower blade,18.0,M,W,Trenton,MI,False,attack,Not fleeing,False,-83.21600000000001,42.14
393,29-05-15,shot,knife,36.0,M,B,Lyndhurst,NJ,False,other,Not fleeing,False,-74.125,40.812
394,29-05-15,shot,gun,35.0,M,W,Okmulgee County,OK,False,attack,Not fleeing,False,-95.891,35.842
395,29-05-15,shot,gun,55.0,M,W,Wilderville,OR,False,attack,Not fleeing,False,-123.446,42.36
396,30-05-15,shot,unarmed,19.0,M,W,Cottonwood,AZ,False,attack,Foot,False,-111.986,34.69
397,30-05-15,shot,toy weapon,39.0,M,H,Nashville,TN,False,attack,Not fleeing,False,-86.709,36.126
398,31-05-15,shot,gun,40.0,M,,Medford,OR,True,attack,Not fleeing,False,-122.83200000000001,42.31100000000001
399,31-05-15,shot,toy weapon,47.0,M,W,Palestine,TX,False,attack,Not fleeing,True,-95.616,31.734
400,01-06-15,shot,gun,23.0,M,W,Greece,NY,True,attack,Other,False,-77.694,43.208
401,02-06-15,shot,knife,26.0,M,B,Roslindale,MA,False,other,Not fleeing,False,-71.14,42.276
402,02-06-15,shot,knife,26.0,M,W,Azle,TX,True,attack,Not fleeing,False,-97.51700000000001,32.869
403,03-06-15,shot,gun,18.0,M,H,Ellis County,TX,True,attack,Car,False,-96.86399999999999,32.301
404,03-06-15,shot,knife,33.0,M,H,Fuqua,TX,False,other,Car,False,-95.214,29.619
405,03-06-15,shot,gun,56.0,M,W,Byram,NJ,True,attack,Not fleeing,False,-74.741,40.953
406,03-06-15,shot,gun,46.0,M,H,Delano,CA,False,attack,Car,False,-119.223,35.787
407,03-06-15,shot and Tasered,unarmed,36.0,M,H,Los Lunas,NM,False,attack,Not fleeing,False,-106.756,34.751
408,05-06-15,shot,gun,50.0,M,H,Santa Maria,CA,False,attack,Not fleeing,False,-120.439,34.97
409,05-06-15,shot,vehicle,45.0,F,W,Morgantown,WV,False,other,Car,False,-79.907,39.623000000000005
410,06-06-15,shot,gun,53.0,M,W,North Port,FL,False,attack,Not fleeing,False,-82.25,27.059
411,06-06-15,shot,gun,45.0,M,H,Watsonsville,CA,False,attack,Foot,False,-121.751,36.905
412,06-06-15,shot,box cutter,42.0,M,W,Midland,TX,True,other,Not fleeing,False,-102.139,32.009
413,06-06-15,shot,gun,27.0,M,H,Strasburg,CO,False,attack,Car,False,-104.32600000000001,39.734
414,06-06-15,shot and Tasered,gun,30.0,M,B,Oakland,CA,False,attack,Not fleeing,True,-122.243,37.809
415,07-06-15,shot,gun,36.0,M,W,Melbourne,FL,False,attack,Not fleeing,False,-80.60600000000001,28.084
416,07-06-15,shot,gun,58.0,M,W,Woodland,WA,True,attack,Not fleeing,False,-122.75,45.903
417,08-06-15,shot,gun,54.0,M,,Beech Grove,IN,True,attack,Not fleeing,False,-86.086,39.722
418,08-06-15,shot,knife,30.0,M,H,Anaheim,CA,True,other,Not fleeing,True,-117.92200000000001,33.847
419,08-06-15,shot,gun,69.0,M,W,Sun City,AZ,True,attack,Not fleeing,False,-112.257,33.631
420,09-06-15,shot,unarmed,30.0,M,W,Findlay,OH,False,attack,Not fleeing,False,-83.662,41.037
421,09-06-15,shot,gun,45.0,M,W,Tomball,TX,False,attack,Car,False,-95.617,30.031
422,09-06-15,shot,gun,22.0,M,B,Cincinnati,OH,False,attack,Not fleeing,False,-84.546,39.164
423,09-06-15,shot,unarmed,28.0,M,W,Des Moines,IA,False,other,Car,False,-93.698,41.623000000000005
424,10-06-15,shot,gun,19.0,M,B,Bronx,NY,False,attack,Not fleeing,False,-73.896,40.856
425,11-06-15,shot,gun,40.0,M,B,Pompano Beach,FL,False,attack,Not fleeing,False,-80.105,26.276
426,11-06-15,shot,gun,86.0,M,,Columbia,TN,True,attack,Not fleeing,False,-86.943,35.633
427,11-06-15,shot,undetermined,46.0,M,B,Miami,FL,False,other,Not fleeing,False,-80.2,25.787
428,11-06-15,shot,gun,28.0,M,H,Bexar County,TX,True,attack,Not fleeing,False,-98.355,29.523000000000003
429,11-06-15,shot,knife,22.0,M,H,Hackensack,NJ,True,other,Not fleeing,False,-74.04,40.907
430,12-06-15,shot,toy weapon,17.0,F,W,Kokomo,IN,True,attack,Not fleeing,False,-86.165,40.469
431,13-06-15,shot,gun,46.0,M,W,Fort Wayne,IN,False,attack,Not fleeing,False,-85.156,41.098
432,13-06-15,shot,flagpole,35.0,M,B,Louisville,KY,False,other,Not fleeing,False,-85.76,38.235
433,13-06-15,shot,guns and explosives,35.0,M,W,Hutchins,TX,True,attack,Not fleeing,False,-96.708,32.648
434,14-06-15,shot,,28.0,M,H,Stockton,CA,False,attack,Car,False,-121.34299999999999,37.977
435,14-06-15,shot,gun,15.0,M,W,Cocoa,FL,True,attack,Not fleeing,False,-80.792,28.36
436,15-06-15,shot,unarmed,22.0,M,B,South Lake Tahoe,CA,False,other,Foot,False,-119.95100000000001,38.951
437,16-06-15,shot,gun,28.0,M,H,Visalia,CA,False,attack,Not fleeing,False,-119.31299999999999,36.305
438,16-06-15,shot,gun,31.0,M,N,Wood Lake,ND,False,attack,Not fleeing,False,-98.863,47.937
439,17-06-15,shot,gun,40.0,F,W,Clanton,AL,False,attack,Car,False,-86.625,32.885999999999996
440,17-06-15,shot,gun,48.0,M,W,Hobbs,NM,True,attack,Not fleeing,False,-103.135,32.732
441,18-06-15,shot,knife,58.0,M,W,Coney Island,NY,False,attack,Foot,False,-73.968,40.576
442,19-06-15,shot,knife,44.0,M,H,Boston,MA,True,other,Foot,False,-71.101,42.351000000000006
443,19-06-15,shot,gun,21.0,M,B,Cincinnati,OH,True,attack,Not fleeing,False,-84.39399999999999,39.156
444,19-06-15,shot,gun,50.0,M,H,Greeley,CO,False,attack,Not fleeing,False,-104.704,40.427
445,20-06-15,shot,gun,23.0,M,B,Chicago,IL,False,attack,Foot,False,-87.573,41.766000000000005
446,21-06-15,shot,unarmed,24.0,M,H,Azusa,CA,True,other,Not fleeing,False,-117.9,34.129
447,21-06-15,shot,cordless drill,49.0,M,W,Houston,TX,True,other,Not fleeing,False,-95.44200000000001,30.03
448,22-06-15,shot,gun,60.0,M,W,Ronda,NC,False,attack,Foot,False,-80.887,36.229
449,22-06-15,shot,gun,35.0,M,H,Citrus Heights,CA,False,attack,Not fleeing,False,-121.29,38.677
450,22-06-15,shot,gun,29.0,M,W,Augusta,GA,True,attack,Not fleeing,False,-82.02,33.415
451,22-06-15,shot,gun,20.0,M,B,Pittsburgh,PA,False,attack,Car,False,-80.005,40.409
452,23-06-15,shot,unarmed,34.0,M,W,Indianapolis,IN,False,other,Car,False,-86.12,39.826
453,23-06-15,shot,knife,22.0,M,W,Hutchinson,KS,False,attack,Not fleeing,False,-97.944,38.063
454,23-06-15,shot,knife,49.0,M,W,Weatherford,TX,True,other,Foot,False,-97.795,32.736
455,23-06-15,shot,gun,32.0,M,W,Omaha,NE,False,attack,Not fleeing,False,-96.15799999999999,41.278
456,24-06-15,shot,gun,26.0,M,B,York County,VA,False,attack,Not fleeing,True,-76.517,37.179
457,25-06-15,shot,unarmed,41.0,M,B,Owings Mills,MD,True,other,Not fleeing,False,-76.806,39.411
458,25-06-15,shot,gun,61.0,M,W,Fresno,CA,False,attack,Not fleeing,False,-119.65899999999999,37.08
459,26-06-15,shot,gun,49.0,M,W,Malone,NY,False,attack,Other,False,-74.285,44.743
460,26-06-15,shot,gun,28.0,M,H,San Antonio,TX,False,other,Foot,False,-98.64,29.418000000000003
461,27-06-15,shot,gun,35.0,M,W,Tahlequah,OK,False,attack,Not fleeing,True,-94.979,35.909
462,28-06-15,shot,toy weapon,29.0,M,W,Portland,OR,False,attack,Not fleeing,False,-122.536,45.536
463,29-06-15,shot,gun,51.0,M,W,Edinburg,NY,True,attack,Not fleeing,False,-74.069,43.208
464,30-06-15,shot,gun,52.0,M,W,Franklin,NC,False,attack,Not fleeing,False,-83.38799999999999,35.194
465,01-07-15,shot,,24.0,M,B,McMinnville,OR,False,attack,Foot,False,-123.16799999999999,45.23
466,01-07-15,shot,gun,32.0,M,W,Josephine County,OR,False,attack,Car,False,-123.384,42.646
467,02-07-15,shot,toy weapon,45.0,M,W,Brockton,MA,True,attack,Not fleeing,False,-71.014,42.053000000000004
468,02-07-15,shot,knife,60.0,M,A,San Diego,CA,False,other,Not fleeing,False,-117.164,32.99
469,02-07-15,shot,unarmed,23.0,M,B,Jacksonville,FL,False,attack,Foot,False,-81.626,30.3
470,02-07-15,shot,crossbow,59.0,M,,Meadow Bridge,WV,True,attack,Not fleeing,False,-80.854,37.859
471,03-07-15,shot,gun,46.0,M,H,Lancaster,CA,False,attack,Not fleeing,False,-118.18700000000001,34.671
472,03-07-15,shot,gun,33.0,M,H,Camden,NJ,True,attack,Not fleeing,False,-75.08800000000001,39.963
473,03-07-15,shot,gun,40.0,M,W,Miami Beach,FL,False,attack,Not fleeing,False,-80.134,25.813000000000002
474,03-07-15,shot and Tasered,knife,27.0,M,H,West Covina,CA,False,attack,Not fleeing,False,-117.89399999999999,34.024
475,04-07-15,shot,gun,42.0,M,B,Oklahoma City,OK,False,attack,Foot,False,-97.444,35.414
476,04-07-15,shot,gun,37.0,M,W,Morristown,TN,False,attack,Not fleeing,False,-83.28,36.196
477,04-07-15,shot,gun,23.0,M,B,Newport News,VA,False,attack,Foot,False,-76.4,36.984
478,04-07-15,shot,gun,36.0,M,W,Henderson,NV,False,attack,Not fleeing,False,-115.04299999999999,36.056999999999995
479,05-07-15,shot,unarmed,19.0,M,W,Pleasanton,CA,False,attack,Foot,False,-121.87200000000001,37.662
480,05-07-15,shot,gun,35.0,M,W,Austin,TX,False,attack,Foot,False,-97.74,30.269000000000002
481,05-07-15,shot,unarmed,43.0,M,W,Hawaiian Gardens,CA,False,other,Not fleeing,False,-118.071,33.833
482,05-07-15,shot and Tasered,toy weapon,25.0,M,W,Austin,TX,True,attack,Not fleeing,False,-97.70200000000001,30.38
483,06-07-15,shot,gun,20.0,M,W,Oklahoma City,OK,False,attack,Not fleeing,False,-97.57600000000001,35.418
484,06-07-15,shot,knife,42.0,M,W,Bath,NH,True,other,Not fleeing,True,-71.976,44.153
485,06-07-15,shot,knife,29.0,M,B,Los Angeles,CA,False,attack,Not fleeing,False,-118.406,34.321999999999996
486,06-07-15,shot and Tasered,knife,42.0,M,H,Atwater,CA,False,attack,Car,False,-120.579,37.339
487,06-07-15,shot and Tasered,,31.0,M,W,Lakewood,CA,True,attack,Other,False,-118.124,33.857
488,07-07-15,shot,gun,18.0,M,B,Houston,TX,False,attack,Not fleeing,False,-95.51899999999999,29.595
489,07-07-15,shot,metal pole,33.0,M,W,Mesa,AZ,False,other,Not fleeing,False,-111.821,33.405
490,07-07-15,shot,gun,59.0,M,W,Dallas,TX,False,attack,Not fleeing,False,-96.82700000000001,32.758
491,07-07-15,shot,gun,47.0,M,H,Bakersfield,CA,False,attack,Not fleeing,False,-119.01299999999999,35.306999999999995
492,07-07-15,shot,gun,39.0,M,H,Edinburg,TX,True,attack,Not fleeing,False,-98.137,26.259
493,07-07-15,shot,knife,37.0,M,B,Atlantic City,NJ,False,attack,Foot,False,-74.428,39.369
494,07-07-15,shot,gun,35.0,M,W,Sugar Creek,MO,False,attack,Car,False,-94.42200000000001,39.137
495,07-07-15,shot,knife,28.0,M,W,Elizabethtown,KY,False,other,Not fleeing,False,-85.906,37.718
496,08-07-15,shot,gun,59.0,M,W,Beaverton,OR,False,attack,Not fleeing,False,-122.78399999999999,45.468999999999994
497,08-07-15,shot,,62.0,M,W,Ashe County,NC,False,attack,Car,True,-81.426,36.446
498,09-07-15,shot,gun,50.0,M,W,Parowan,UT,False,attack,Not fleeing,False,-112.84,37.839
499,09-07-15,shot,gun,68.0,M,W,Phoenix,AZ,False,attack,Foot,False,-112.1,33.597
500,09-07-15,shot,gun,27.0,M,B,Chicago,IL,False,attack,Foot,False,-87.60799999999999,41.75899999999999
501,09-07-15,shot,gun,17.0,M,W,Boulder Creek,CA,True,attack,Not fleeing,False,-122.12700000000001,37.15
502,09-07-15,shot,sword,21.0,M,B,Kansas City,MO,False,other,Not fleeing,False,-94.565,39.001
503,09-07-15,shot and Tasered,Taser,38.0,M,W,Los Angeles,CA,False,attack,Other,False,-118.344,34.059
504,10-07-15,shot,gun,54.0,M,W,Las Vegas,NV,True,attack,Not fleeing,True,-115.21700000000001,36.144
505,10-07-15,shot,gun,20.0,M,B,Covington,GA,False,attack,Not fleeing,False,-83.97,33.576
506,10-07-15,shot,gun,25.0,M,B,Chicago,IL,False,attack,Not fleeing,False,-87.60799999999999,41.702
507,11-07-15,shot,gun,31.0,M,W,Olivehurst,CA,False,attack,Not fleeing,False,-121.55799999999999,39.092
508,12-07-15,shot,knife,35.0,M,N,Denver,CO,True,other,Foot,False,-105.04700000000001,39.701
509,12-07-15,shot,gun,60.0,M,W,Austin,TX,False,attack,Foot,False,-97.91,30.247
510,12-07-15,shot,gun,24.0,M,W,River Forest,IL,False,attack,Not fleeing,False,-87.815,41.881
511,12-07-15,shot,gun,27.0,M,W,Casper,WY,False,attack,Not fleeing,False,-106.354,42.833999999999996
512,12-07-15,shot and Tasered,unarmed,36.0,M,B,Plantation,FL,False,attack,Not fleeing,False,-80.20100000000001,26.118000000000002
513,13-07-15,shot,gun,20.0,M,B,Stone Mountain,GA,False,attack,Not fleeing,False,-84.212,33.823
514,13-07-15,shot,gun,24.0,M,W,Dunsmuir,CA,False,attack,Car,False,-122.275,41.2
515,13-07-15,shot,,23.0,M,H,Lynn,MA,False,attack,Not fleeing,False,-70.944,42.472
516,13-07-15,shot and Tasered,box cutter,41.0,M,W,Los Angeles,CA,False,other,Not fleeing,False,-118.47200000000001,33.999
517,14-07-15,shot,gun,20.0,M,B,Mascotte,FL,False,attack,Not fleeing,False,-81.916,28.579
518,14-07-15,shot,gun,76.0,M,,Southington,OH,False,attack,Not fleeing,False,-80.984,41.288999999999994
519,15-07-15,shot and Tasered,metal pipe,43.0,M,W,Marion,MI,True,other,Not fleeing,False,-85.25,44.103
520,16-07-15,shot,sword,29.0,M,H,Wauwatosa,WI,True,other,Not fleeing,False,-88.01899999999999,43.036
521,16-07-15,shot,gun,35.0,M,B,Homestead,FL,False,attack,Not fleeing,False,-80.493,25.462
522,16-07-15,shot,gun,30.0,M,W,Kansas City,KS,False,attack,Other,False,-94.64399999999999,39.048
523,16-07-15,shot,gun,24.0,M,O,Chattanooga,TN,True,attack,Not fleeing,False,-85.245,35.096
524,16-07-15,shot,gun,23.0,M,N,Cheyenne,WY,False,attack,Not fleeing,False,-104.82600000000001,41.117
525,16-07-15,shot,gun,29.0,M,W,Opp,AL,False,attack,Foot,False,-86.375,31.288
526,16-07-15,shot and Tasered,metal hand tool,25.0,M,B,Moreno Valley,CA,True,other,Not fleeing,False,-117.228,33.939
527,17-07-15,shot,knife,27.0,M,W,Seattle,WA,False,other,Foot,False,-122.304,47.676
528,17-07-15,shot,gun,50.0,M,W,Needles,CA,True,attack,Not fleeing,False,-114.64,34.884
529,17-07-15,shot,unarmed,19.0,M,B,Memphis,TN,False,attack,Foot,False,-89.874,35.05
530,17-07-15,shot,undetermined,24.0,M,H,Brownsville,TX,False,other,Other,False,-97.47200000000001,25.897
531,17-07-15,shot and Tasered,unarmed,23.0,M,B,Orlando,FL,False,attack,Foot,False,-81.334,28.522
532,18-07-15,shot,knife,22.0,M,W,Fort Collins,CO,True,attack,Not fleeing,False,-105.1,40.565
533,18-07-15,shot,gun,46.0,M,W,Phoenix,AZ,False,attack,Not fleeing,False,-112.152,33.553000000000004
534,18-07-15,shot,gun,65.0,M,W,Colby,KS,False,attack,Not fleeing,False,-101.04,39.398
535,19-07-15,shot,unarmed,43.0,M,B,Mt. Auburn,OH,False,other,Car,True,-84.51299999999999,39.122
536,20-07-15,shot,gun,35.0,M,W,Winnie,TX,False,attack,Other,False,-94.35700000000001,29.83
537,20-07-15,shot,knife,54.0,M,,Fremont,CA,False,other,Not fleeing,False,-122.027,37.556
538,21-07-15,shot,unarmed,47.0,M,W,White,GA,False,other,Not fleeing,False,-84.79899999999999,34.313
539,21-07-15,shot,gun,24.0,M,W,Oakland Park,FL,False,other,Car,False,-80.12899999999999,26.19
540,21-07-15,shot,gun,35.0,M,W,Jesup,GA,False,attack,Not fleeing,False,-81.893,31.679000000000002
541,22-07-15,shot,gun,25.0,M,H,Monroe,WI,False,attack,Not fleeing,False,-89.646,42.6
542,22-07-15,shot,gun,27.0,M,B,Philadelphia,PA,False,attack,Not fleeing,False,-74.986,40.097
543,22-07-15,shot and Tasered,knife,26.0,M,B,Oklahoma City,OK,False,other,Other,False,-97.48899999999999,35.495
544,23-07-15,shot,gun,34.0,M,B,Dayton,OH,False,attack,Not fleeing,False,-84.214,39.804
545,23-07-15,shot,gun,32.0,M,W,Myrtle Beach,SC,False,attack,Not fleeing,False,-78.947,33.708
546,23-07-15,shot,toy weapon,47.0,M,W,Douglas,WY,False,attack,Not fleeing,False,-105.39,42.72
547,23-07-15,shot,gun,44.0,F,W,Meadow Vista,CA,True,attack,Not fleeing,False,-121.01799999999999,38.975
548,23-07-15,shot and Tasered,unarmed,31.0,M,W,Plymouth,MN,True,attack,Not fleeing,False,-93.41,44.985
549,24-07-15,shot,gun,44.0,M,W,Studio City,CA,False,attack,Not fleeing,False,-118.398,34.143
550,24-07-15,shot and Tasered,knife,30.0,M,W,Pinnacle,NC,False,other,Not fleeing,False,-80.433,36.329
551,25-07-15,shot,blunt object,60.0,M,W,New Orleans,LA,True,attack,Car,False,-90.01700000000001,29.956
552,25-07-15,shot,gun,50.0,M,W,Decatur,GA,True,attack,Not fleeing,False,-84.735,30.849
553,25-07-15,shot,toy weapon,36.0,M,B,Las Vegas,NV,False,attack,Not fleeing,False,-115.10600000000001,36.159
554,25-07-15,shot,gun,59.0,M,B,Micanopy,FL,False,attack,Not fleeing,False,-82.28,29.505
555,26-07-15,shot,gun,33.0,M,B,Shreveport,LA,False,attack,Not fleeing,False,-93.789,32.482
556,26-07-15,shot,,19.0,M,W,Seneca,SC,False,other,Other,False,-82.97399999999999,34.693000000000005
557,27-07-15,shot,knife,56.0,M,W,Irmo,SC,False,attack,Not fleeing,False,-81.229,34.077
558,27-07-15,shot,toy weapon,45.0,M,W,Houma,LA,True,attack,Car,False,-90.62799999999999,29.541999999999998
559,27-07-15,shot and Tasered,knife,22.0,M,W,Boulder,CO,False,other,Not fleeing,False,-105.271,40.018
560,28-07-15,shot,knife,41.0,M,,Manila,AR,False,other,Not fleeing,False,-90.181,35.885999999999996
561,29-07-15,shot,gun,34.0,M,H,Las Cruces,NM,False,undetermined,Foot,False,-106.79700000000001,32.312
562,29-07-15,shot,gun,53.0,M,W,Logan,UT,True,attack,Not fleeing,False,-111.83,41.738
563,30-07-15,shot,gun,48.0,M,W,Gardnerville Ranchos,NV,False,attack,Not fleeing,False,-119.728,38.906
564,30-07-15,shot,gun,25.0,M,W,Dunsmuir,CA,False,attack,Car,False,-122.27,41.236000000000004
565,30-07-15,shot,gun,30.0,M,H,Fort Worth,TX,False,attack,Not fleeing,False,-97.331,32.754
566,30-07-15,shot and Tasered,metal stick,47.0,M,H,Whittier,CA,False,attack,Not fleeing,False,-118.055,33.972
567,31-07-15,shot,gun,33.0,M,H,Albuquerque,NM,False,attack,Not fleeing,True,-106.64299999999999,35.073
568,31-07-15,shot,gun,34.0,M,W,Roswell,NM,False,attack,Not fleeing,False,-104.523,33.395
569,01-08-15,shot,gun,52.0,M,,Nitro,WV,False,attack,Not fleeing,False,-81.84100000000001,38.402
570,01-08-15,shot,gun,29.0,M,H,Tucson,AZ,False,attack,Not fleeing,False,-110.973,32.272
571,02-08-15,shot,,63.0,M,W,Houston,TX,True,other,Not fleeing,False,-95.557,29.689
572,03-08-15,shot,gun,49.0,M,B,Oakland,CA,False,attack,Not fleeing,False,-122.26899999999999,37.827
573,03-08-15,shot,gun,18.0,M,W,Campbelltown,PA,False,attack,Foot,False,-76.571,40.279
574,03-08-15,shot,gun,71.0,M,W,Powhatan County,VA,False,attack,Not fleeing,False,-77.791,37.510999999999996
575,03-08-15,shot,toy weapon,35.0,M,W,Muncie,IN,True,attack,Not fleeing,False,-85.37799999999999,40.176
576,04-08-15,shot,undetermined,55.0,M,H,San Diego County,CA,True,other,Not fleeing,False,-117.465,33.299
577,04-08-15,shot,gun,31.0,M,B,Rantoul,IL,True,undetermined,Not fleeing,True,-88.175,40.308
578,05-08-15,shot,knife,18.0,M,W,Louisville,KY,False,attack,Not fleeing,False,-85.75200000000001,38.253
579,05-08-15,shot,knife,51.0,M,W,Greenfield,WI,True,other,Not fleeing,False,-88.02600000000001,42.972
580,05-08-15,shot,gun,39.0,M,B,Maui,HI,False,attack,Not fleeing,False,-156.483,20.894000000000002
581,05-08-15,shot,gun,20.0,M,B,Richmond,VA,False,attack,Foot,False,-77.467,37.548
582,05-08-15,shot,hatchet,29.0,M,W,Antioch,TN,True,attack,Not fleeing,False,-86.652,36.051
583,05-08-15,shot,gun,40.0,M,W,Tacoma,WA,False,attack,Not fleeing,False,-122.484,47.206
584,06-08-15,shot,knife,42.0,M,H,Elsmere,KY,False,attack,Not fleeing,False,-84.594,38.99
585,06-08-15,shot,gun,22.0,M,B,El Paso,TX,False,attack,Car,False,-106.444,31.813000000000002
586,07-08-15,shot,unarmed,19.0,M,B,Arlington,TX,False,other,Not fleeing,False,-97.09299999999999,32.68
587,07-08-15,shot,sharp object,24.0,M,H,Las Vegas,NV,True,other,Not fleeing,True,-115.245,36.106
588,07-08-15,shot,toy weapon,30.0,M,W,Fresno,CA,True,attack,Not fleeing,False,-119.898,36.808
589,07-08-15,shot,,53.0,M,W,Superior,MT,False,other,Car,False,-114.881,47.19
590,07-08-15,shot,gun,25.0,M,B,Greenville,NC,False,attack,Not fleeing,False,-77.37,35.584
591,07-08-15,shot,knife,28.0,M,B,Long Beach,CA,False,attack,Not fleeing,False,-118.156,33.875
592,08-08-15,shot,gun,33.0,M,,Brookshire,TX,False,attack,Not fleeing,False,-95.944,29.789
593,08-08-15,shot,gun,24.0,M,B,Summerville,SC,False,attack,Car,False,-80.247,32.981
594,08-08-15,shot,gun,59.0,M,W,Gastonia,NC,False,attack,Not fleeing,False,-81.24,35.193000000000005
595,08-08-15,shot,gun,46.0,M,W,Spokane,WA,False,attack,Not fleeing,False,-117.4,47.706
596,09-08-15,shot,,15.0,M,B,Indianapolis,IN,False,attack,Not fleeing,False,-86.08,39.817
597,09-08-15,shot,gun,41.0,M,W,Ardmore,OK,True,attack,Not fleeing,False,-97.12799999999999,34.157
598,09-08-15,shot,toy weapon,77.0,M,,Pittston,PA,True,attack,Not fleeing,False,-75.789,41.326
599,09-08-15,shot,meat cleaver,22.0,M,H,San Jose,CA,False,attack,Foot,False,-121.84299999999999,37.355
600,10-08-15,shot,,24.0,M,W,Gilbert,AZ,False,other,Not fleeing,False,-111.756,33.365
601,11-08-15,shot,gun,34.0,M,W,Sandpoint,ID,False,attack,Not fleeing,False,-116.561,48.282
602,11-08-15,shot and Tasered,knife,48.0,M,W,Waco,TX,False,other,Not fleeing,False,-97.17299999999999,31.58
603,12-08-15,shot,gun,24.0,M,W,Odessa,TX,False,attack,Not fleeing,False,-102.384,31.881999999999998
604,12-08-15,shot,gun,27.0,M,B,Oakland,CA,False,attack,Car,True,-122.271,37.804
605,12-08-15,shot,gun,27.0,M,H,Hemet,CA,False,attack,Car,False,-117.015,33.745
606,12-08-15,shot,gun,27.0,M,B,Toledo,OH,False,attack,Car,False,-83.51299999999999,41.632
607,12-08-15,shot,gun,49.0,M,W,Hobbs,NM,False,undetermined,Car,False,-103.131,32.774
608,12-08-15,shot and Tasered,knife,30.0,F,B,Los Angeles,CA,False,other,Not fleeing,False,-118.34299999999999,34.009
609,14-08-15,shot,gun,38.0,M,B,Staten Island,NY,False,attack,Not fleeing,False,-74.161,40.63
610,14-08-15,shot,gun,26.0,M,H,Boerne,TX,False,attack,Not fleeing,False,-98.721,29.79
611,14-08-15,shot,unarmed,30.0,M,B,District Heights,MD,True,attack,Foot,False,-76.916,38.865
612,14-08-15,shot and Tasered,box cutter,53.0,M,W,Bolton,CT,False,attack,Car,False,-72.447,41.79
613,15-08-15,shot,gun,23.0,M,B,Sunnyvale,CA,False,attack,Not fleeing,False,-122.027,37.395
614,15-08-15,shot,,34.0,M,B,Inyokern,CA,False,attack,Not fleeing,False,-117.87,35.702
615,15-08-15,shot,gun,30.0,M,W,Carson City,NV,False,attack,Not fleeing,False,-119.72200000000001,39.184
616,15-08-15,shot and Tasered,unarmed,43.0,M,W,Hanover,IN,False,attack,Not fleeing,False,-70.877,42.06399999999999
617,16-08-15,shot,gun,29.0,M,H,San Jose,CA,False,other,Not fleeing,False,-121.834,37.295
618,16-08-15,shot,gun,47.0,M,W,Kerrville,TX,False,attack,Not fleeing,False,-99.12200000000001,30.051
619,17-08-15,shot,gun,35.0,M,B,Houston,TX,False,attack,Not fleeing,False,-95.31299999999999,29.799
620,17-08-15,shot,unarmed,40.0,M,H,San Jose,CA,False,other,Foot,False,-121.82799999999999,37.273
621,19-08-15,shot,gun,18.0,M,B,St. Louis,MO,False,attack,Foot,False,-90.256,38.658
622,19-08-15,shot,gun,24.0,M,B,Bloomfield Township,MI,False,attack,Car,False,-83.265,42.604
623,19-08-15,shot,gun,29.0,M,W,Hunters,WA,True,attack,Foot,False,-118.20200000000001,48.117
624,19-08-15,shot,gun,44.0,M,W,Canton,NC,True,attack,Not fleeing,False,-82.875,35.512
625,20-08-15,shot,gun,17.0,M,H,Ontario,CA,True,attack,Not fleeing,False,-117.59299999999999,34.019
626,20-08-15,shot,gun,19.0,M,W,Beverly,OH,True,attack,Not fleeing,False,-81.627,39.553000000000004
627,20-08-15,shot and Tasered,unarmed,50.0,M,W,Tuscaloosa,AL,True,attack,Not fleeing,False,-87.493,33.207
628,21-08-15,shot,gun,57.0,M,W,Grapeview,WA,True,attack,Not fleeing,False,-122.92399999999999,47.286
629,21-08-15,shot,,30.0,M,W,North East,MD,False,attack,Car,False,-75.95100000000001,39.61
630,21-08-15,shot,knife,38.0,M,W,Wake Forest,NC,False,other,Not fleeing,False,-78.51100000000001,36.008
631,22-08-15,shot,gun,31.0,M,W,Cohasset,MN,False,attack,Not fleeing,False,-93.62899999999999,47.263000000000005
632,22-08-15,shot,carjack,29.0,M,W,Bakersfield,CA,False,undetermined,Not fleeing,False,-119.04700000000001,35.411
633,22-08-15,shot,,26.0,M,W,Wichita,KS,False,attack,Car,False,-97.413,37.673
634,22-08-15,shot,knife,64.0,M,W,King George,VA,False,other,Not fleeing,False,-77.17,38.265
635,22-08-15,shot and Tasered,gun,39.0,M,B,Troy,NY,False,attack,Foot,False,-73.707,42.723
636,23-08-15,shot,gun,57.0,M,W,Las Vegas,NV,False,attack,Not fleeing,False,-115.255,36.168
637,23-08-15,shot,gun,36.0,M,W,Jacksonville,FL,True,attack,Not fleeing,False,-81.845,30.333000000000002
638,23-08-15,shot,gun,36.0,M,W,Arab,AL,False,attack,Car,False,-86.512,34.274
639,23-08-15,shot,toy weapon,21.0,M,W,Brick Township,NJ,False,attack,Not fleeing,False,-74.138,40.099000000000004
640,23-08-15,shot,gun,53.0,M,B,Archdale,NC,False,attack,Not fleeing,False,-79.928,35.896
641,25-08-15,shot,gun,30.0,M,H,Santa Fe,NM,False,attack,Foot,False,-106.035,35.606
642,25-08-15,shot,knife,34.0,M,B,West Chester,PA,False,attack,Not fleeing,False,-75.608,39.958
643,25-08-15,shot,gun,53.0,M,W,Thonotosassa,FL,False,attack,Not fleeing,False,-82.302,28.061
644,25-08-15,shot,gun,45.0,M,W,Phoenix,AZ,False,attack,Not fleeing,False,-112.134,33.466
645,25-08-15,shot,gun,22.0,M,H,Miami,FL,False,attack,Not fleeing,False,-80.185,25.897
646,26-08-15,shot,toy weapon,22.0,M,W,Hendersonville,TN,True,attack,Not fleeing,False,-86.594,36.266999999999996
647,26-08-15,shot,gun,46.0,M,W,Chattanooga,TN,False,attack,Car,False,-86.58,35.516999999999996
648,26-08-15,shot,gun,27.0,M,W,West Jordan,UT,True,attack,Not fleeing,False,-111.98700000000001,40.606
649,27-08-15,shot,chain,30.0,M,B,Oakland,CA,False,attack,Not fleeing,True,-122.251,37.812
650,27-08-15,shot,box cutter,54.0,M,W,San Diego,CA,False,other,Not fleeing,True,-117.1,32.792
651,27-08-15,shot,contractor's level,29.0,M,H,Los Angeles,CA,False,attack,Not fleeing,False,-118.45100000000001,34.205
652,27-08-15,shot and Tasered,box cutter,42.0,M,B,Dallas,TX,False,attack,Not fleeing,False,-96.75299999999999,32.771
653,28-08-15,shot,undetermined,41.0,M,H,San Antonio,TX,True,undetermined,Not fleeing,False,-98.65100000000001,29.669
654,28-08-15,shot,gun,28.0,M,W,Spanish Fork,UT,True,attack,Not fleeing,True,-111.65,40.11
655,28-08-15,shot,unarmed,61.0,M,B,Mount Vernon,NY,False,other,Not fleeing,False,-73.825,40.908
656,28-08-15,shot,gun,23.0,M,W,Longview,TX,False,attack,Not fleeing,False,-94.78299999999999,32.525999999999996
657,29-08-15,shot,gun,25.0,M,B,North Las Vegas,NV,False,attack,Foot,False,-115.125,36.22
658,29-08-15,shot,knife,,M,W,San Antonio,TX,False,other,Not fleeing,False,-98.616,29.554000000000002
659,29-08-15,shot,unarmed,29.0,M,H,Chicago,IL,False,undetermined,Car,False,-87.671,41.851000000000006
660,30-08-15,shot,gun,20.0,M,W,Cushing,OK,False,attack,Not fleeing,False,-96.76799999999999,35.976
661,30-08-15,shot,gun,40.0,M,H,Tucson,AZ,False,attack,Not fleeing,False,-110.96,32.147
662,31-08-15,shot,knife,45.0,M,W,Loveland,CO,False,attack,Foot,False,-105.02799999999999,40.407
663,01-09-15,shot,guns and explosives,33.0,M,B,Bluefield,WV,False,attack,Foot,False,-81.222,37.269
664,01-09-15,shot,gun,76.0,M,W,Twinsburg,OH,False,attack,Not fleeing,False,-81.445,41.338
665,01-09-15,shot,gun,47.0,M,W,Artesia,NM,False,attack,Not fleeing,False,-104.419,32.827
666,02-09-15,shot,gun,45.0,M,W,Prescott,AZ,True,attack,Not fleeing,True,-112.54299999999999,34.72
667,03-09-15,shot,unarmed,40.0,M,H,Fresno,CA,True,attack,Not fleeing,True,-119.764,36.735
668,04-09-15,shot,gun,37.0,M,W,Mitchell,SD,True,attack,Not fleeing,False,-98.014,43.714
669,04-09-15,shot,gun,27.0,M,W,Weitchpec,CA,False,attack,Car,False,-123.704,41.187
670,04-09-15,shot,gun,36.0,M,W,Springtown,TX,False,attack,Not fleeing,False,-97.634,32.917
671,04-09-15,shot,knife,23.0,M,W,Merrimack,NH,True,other,Not fleeing,False,-71.518,42.867
672,04-09-15,shot and Tasered,metal pipe,49.0,M,H,French Lick,IN,False,attack,Not fleeing,False,-86.615,38.547
673,05-09-15,shot,toy weapon,21.0,M,B,Durham,NC,True,attack,Not fleeing,False,-78.882,35.984
674,05-09-15,shot,metal pipe,32.0,M,H,Ontario,CA,True,other,Not fleeing,True,-117.647,34.034
675,05-09-15,shot,gun,35.0,M,B,Virginia Beach,VA,False,attack,Not fleeing,False,-76.125,36.79
676,05-09-15,shot,unarmed,27.0,F,B,Virginia Beach,VA,False,undetermined,Not fleeing,False,-76.125,36.79
677,06-09-15,shot,gun,59.0,M,H,Little Havana,FL,False,attack,Car,False,-80.236,25.769000000000002
678,06-09-15,shot,gun,28.0,M,B,Shreveport,LA,True,attack,Car,False,-93.727,32.485
679,06-09-15,shot,gun,45.0,M,W,Hobbs,NM,False,attack,Not fleeing,False,-103.12200000000001,32.705999999999996
680,07-09-15,shot,metal pipe,45.0,M,H,Fresno,CA,False,other,Foot,True,-119.70100000000001,36.789
681,08-09-15,shot,gun,19.0,M,N,Fairbanks,AK,False,attack,Not fleeing,False,-147.779,64.827
682,09-09-15,shot,gun,25.0,M,W,Ashwaubenon,WI,False,attack,Not fleeing,False,-88.054,44.498000000000005
683,09-09-15,shot,guns and explosives,37.0,M,B,Kansas City,MO,True,other,Not fleeing,False,-94.542,39.045
684,09-09-15,shot,gun,33.0,M,N,Fairbanks,AK,False,attack,Car,False,-147.543,64.806
685,09-09-15,shot,knife,59.0,M,A,El Monte,CA,False,attack,Not fleeing,False,-118.029,34.079
686,10-09-15,shot,knife,31.0,M,A,Potsdam,NY,False,attack,Not fleeing,False,-74.992,44.668
687,10-09-15,shot,knife,35.0,M,,Fontana,CA,True,other,Not fleeing,False,-117.44,34.07
688,10-09-15,shot,gun,29.0,M,B,Indianapolis,IN,False,attack,Not fleeing,False,-86.28,39.836
689,10-09-15,shot,gun,32.0,M,W,Lodi,CA,False,attack,Foot,False,-121.272,38.134
690,10-09-15,shot,gun,41.0,M,H,Downey,CA,False,attack,Car,False,-118.11399999999999,33.955
691,11-09-15,shot,gun,31.0,M,W,Chester,PA,False,attack,Not fleeing,False,-75.393,39.834
692,11-09-15,shot,gun,44.0,M,W,Broomfield,CO,False,attack,Car,False,-105.06200000000001,39.958
693,12-09-15,shot,undetermined,23.0,M,W,Sylacauga,AL,False,undetermined,Other,False,-86.26,33.178000000000004
694,12-09-15,shot,gun,45.0,M,W,West Knox,TN,False,attack,Not fleeing,False,-84.09200000000001,35.965
695,13-09-15,shot,gun,39.0,M,W,Wellman,IA,True,attack,Not fleeing,False,-91.927,41.468999999999994
696,13-09-15,shot,gun,67.0,M,B,McAlester,OK,True,attack,Not fleeing,False,-95.77,34.933
697,13-09-15,shot,gun,29.0,M,W,Clute,TX,False,attack,Car,False,-95.305,29.003
698,14-09-15,shot,gun,25.0,M,B,Princeton,KY,False,attack,Car,False,-87.88,36.969
699,14-09-15,shot,unarmed,28.0,M,W,Barstow,CA,True,attack,Not fleeing,False,-117.01899999999999,34.884
700,15-09-15,shot,unknown weapon,21.0,M,B,Chalmette,LA,False,attack,Not fleeing,False,-89.95299999999999,29.93
701,15-09-15,shot,gun,32.0,M,H,Panorama City,CA,False,attack,Not fleeing,True,-118.43799999999999,34.23
702,15-09-15,shot,gun,51.0,M,H,Miami,FL,True,undetermined,Car,False,-80.453,25.726999999999997
703,15-09-15,shot,gun,39.0,M,H,Los Angeles,CA,False,attack,Not fleeing,False,-118.26700000000001,34.132
704,15-09-15,shot,gun,27.0,M,B,Alexandria,LA,False,other,Not fleeing,False,-92.445,31.268
705,16-09-15,shot,gun,31.0,M,W,Lead,SD,True,attack,Foot,False,-103.802,44.305
706,17-09-15,shot,gun,50.0,M,W,Beaverton,MI,False,attack,Not fleeing,False,-84.426,43.886
707,17-09-15,shot,gun,,M,W,Brodhead,KY,False,attack,Not fleeing,False,-84.419,37.385999999999996
708,18-09-15,shot,,32.0,M,W,San Bernardino,CA,False,undetermined,Car,False,-117.365,34.211
709,18-09-15,shot,undetermined,47.0,M,W,Dickson,TN,False,undetermined,Not fleeing,False,-87.38799999999999,36.077
710,19-09-15,shot,gun,46.0,M,W,Slidell,LA,False,attack,Car,False,-89.749,30.284000000000002
711,19-09-15,shot,gun,57.0,M,W,Washington County,AL,True,attack,Not fleeing,True,-88.212,31.623
712,20-09-15,shot,gun,23.0,M,W,Harrisonburg,VA,False,attack,Not fleeing,True,-78.875,38.48
713,20-09-15,shot,gun,56.0,M,W,Shelbyville,IN,False,attack,Not fleeing,False,-85.791,39.522
714,21-09-15,shot,gun,24.0,M,H,Dallas,TX,True,attack,Not fleeing,False,-96.775,32.895
715,21-09-15,shot,gun,27.0,M,W,Sand City,CA,False,attack,Not fleeing,False,-121.844,36.622
716,21-09-15,shot,gun,23.0,F,W,Sand City,CA,False,attack,Not fleeing,False,-121.844,36.622
717,21-09-15,shot,gun,26.0,M,W,Barberville,FL,False,attack,Not fleeing,False,-81.42399999999999,29.184
718,21-09-15,shot,stapler,34.0,M,H,Auburndale,FL,False,other,Foot,False,-81.844,28.076
719,21-09-15,shot and Tasered,unarmed,21.0,M,W,Paris,TX,False,attack,Not fleeing,False,-95.632,33.657
720,22-09-15,shot,gun,32.0,M,B,Oakland,CA,False,attack,Car,False,-119.20700000000001,36.295
721,22-09-15,shot,gun,33.0,M,W,Niceville,FL,True,attack,Not fleeing,False,-86.49600000000001,30.523000000000003
722,22-09-15,shot,gun,55.0,M,W,Happy Valley,CA,True,attack,Not fleeing,False,-122.389,40.481
723,22-09-15,shot,gun,26.0,M,,North Las Vegas,NV,False,attack,Not fleeing,False,-115.14,36.231
724,23-09-15,shot,knife,48.0,M,O,Salt Lake City,UT,False,attack,Not fleeing,False,-111.884,40.742
725,23-09-15,shot,gun,35.0,M,W,McKinney,TX,False,attack,Not fleeing,False,-96.637,33.178000000000004
726,23-09-15,shot,unarmed,19.0,M,B,Reisterstown,MD,False,other,Foot,False,-76.83,39.468
727,23-09-15,shot,gun,45.0,M,W,Grayson County,VA,False,attack,Not fleeing,False,-81.271,36.718
728,23-09-15,shot,gun,28.0,M,B,Wilmington,DE,True,undetermined,Not fleeing,False,-75.57300000000001,39.745
729,24-09-15,shot,knife,42.0,M,H,Miami,FL,False,attack,Not fleeing,False,-80.374,25.584
730,24-09-15,shot,gun,17.0,M,W,Fountain,CO,False,attack,Not fleeing,False,-104.694,38.704
731,24-09-15,shot,screwdriver,30.0,M,O,St. Paul,MN,True,other,Not fleeing,False,-93.134,44.923
732,25-09-15,shot,unarmed,21.0,M,W,Akron,OH,True,undetermined,Other,False,-81.509,41.099
733,25-09-15,shot,gun,45.0,M,W,Wilhoit,AZ,False,attack,Not fleeing,False,-112.589,34.416
734,25-09-15,shot and Tasered,box cutter,33.0,M,B,Chicago,IL,False,other,Not fleeing,False,-87.71700000000001,41.897
735,26-09-15,shot,knife,46.0,M,B,Baton Rouge,LA,False,attack,Not fleeing,False,-91.125,30.506999999999998
736,26-09-15,shot,gun,23.0,M,H,Lovington,NM,False,attack,Not fleeing,False,-103.367,32.951
737,27-09-15,shot,knife,37.0,F,H,Los Angeles,CA,True,other,Not fleeing,True,-118.259,34.025
738,27-09-15,shot,gun,43.0,M,W,Rossville,GA,False,attack,Not fleeing,False,-85.26700000000001,34.961
739,27-09-15,shot,gun,40.0,M,H,Ponder,TX,False,attack,Not fleeing,False,-97.27799999999999,33.167
740,28-09-15,shot,toy weapon,59.0,M,H,San Ysidro,CA,False,attack,Not fleeing,True,-117.066,32.562
741,28-09-15,shot and Tasered,unarmed,31.0,M,B,Miami,FL,False,attack,Foot,False,-92.419,45.347
742,29-09-15,shot,blunt object,46.0,M,N,Rapid City,SD,False,attack,Not fleeing,False,-103.214,44.071999999999996
743,29-09-15,shot,unarmed,37.0,M,W,Mora,MN,False,attack,Not fleeing,False,-93.296,45.872
744,30-09-15,shot,gun,28.0,M,B,Beckley,WV,False,attack,Car,False,-81.214,37.826
745,02-10-15,shot,gun,28.0,M,H,Sierra Vista,AZ,False,attack,Car,False,-110.23299999999999,31.467
746,02-10-15,shot,knife,55.0,F,W,Aloha,OR,True,other,Not fleeing,False,-122.86200000000001,45.493
747,02-10-15,shot,unarmed,29.0,M,W,Amarillo,TX,False,undetermined,Not fleeing,False,-101.883,35.056999999999995
748,02-10-15,shot and Tasered,knife,26.0,M,H,Rialto,CA,False,attack,Not fleeing,False,-117.40299999999999,34.097
749,04-10-15,shot,beer bottle,45.0,M,,Van Nuys,CA,False,undetermined,Not fleeing,False,-118.46600000000001,34.187
750,04-10-15,shot,gun,27.0,M,W,Muscle Shoals,AL,True,attack,Foot,False,-87.62,34.789
751,04-10-15,shot,gun,31.0,M,B,Chicago,IL,False,attack,Not fleeing,False,-87.713,41.867
752,05-10-15,shot,gun,51.0,M,W,Hurst,TX,False,attack,Foot,False,-97.20200000000001,32.817
753,05-10-15,shot,gun,50.0,M,W,Woodbridge,NJ,False,attack,Not fleeing,False,-74.26899999999999,40.573
754,05-10-15,shot,unarmed,27.0,M,O,Akron,OH,False,other,Not fleeing,False,-81.436,41.042
755,05-10-15,shot,gun,18.0,M,B,Midwest City,OK,False,attack,Not fleeing,False,-97.413,35.45
756,06-10-15,shot,gun,39.0,M,,Monterey,CA,True,attack,Not fleeing,False,-121.89399999999999,36.603
757,07-10-15,shot,machete,46.0,M,H,West Palm Beach,FL,False,attack,Not fleeing,False,-80.109,26.668000000000003
758,09-10-15,shot,knife,19.0,M,B,Columbia,MD,False,other,Not fleeing,False,-76.88,39.195
759,09-10-15,shot,gun,62.0,F,W,Aguanga,CA,False,attack,Not fleeing,False,-116.819,33.477
760,10-10-15,shot,,49.0,M,W,Beverly,MA,True,attack,Not fleeing,False,-70.889,42.56399999999999
761,10-10-15,shot,gun,31.0,M,W,Old Saybrook,CT,False,attack,Not fleeing,False,-72.419,41.285
762,10-10-15,shot,,38.0,M,W,Pinion Hills,CA,True,other,Car,False,-117.603,34.400999999999996
763,10-10-15,shot,crossbow,40.0,M,W,Cato Township,MI,False,attack,Not fleeing,False,-85.244,43.446000000000005
764,10-10-15,shot and Tasered,unknown weapon,35.0,M,H,Lisle,IL,False,undetermined,Not fleeing,False,-88.09299999999999,41.805
765,11-10-15,shot,undetermined,34.0,M,H,San Bernardino,CA,False,undetermined,Other,False,-117.285,34.108000000000004
766,11-10-15,shot,gun,44.0,M,A,Lakes Charles,LA,False,attack,Not fleeing,False,-93.229,30.174
767,11-10-15,shot,gun,23.0,M,B,Taylors,SC,False,attack,Not fleeing,False,-82.30799999999999,34.949
768,11-10-15,shot,machete,43.0,M,H,West Odessa,TX,False,other,Car,False,-102.44200000000001,31.866999999999997
769,12-10-15,shot,gun,,M,B,Lawton,OK,False,attack,Not fleeing,False,-98.42200000000001,34.599000000000004
770,12-10-15,shot,gun,31.0,M,W,Brookhaven,MS,False,attack,Not fleeing,False,-90.45,31.590999999999998
771,14-10-15,shot,gun,27.0,M,W,Cartersville,GA,False,attack,Not fleeing,False,-84.76,34.178000000000004
772,14-10-15,shot,gun,46.0,F,W,Naples,FL,True,attack,Car,False,-87.415,39.413000000000004
773,14-10-15,shot,,18.0,M,H,Indio,CA,False,other,Car,False,-116.235,33.718
774,14-10-15,shot,gun,59.0,M,,Seaside,CA,False,attack,Not fleeing,False,-121.844,36.613
775,14-10-15,shot,gun,57.0,M,B,Monroeville,AL,False,attack,Not fleeing,False,-86.955,31.434
776,15-10-15,shot,gun,15.0,M,H,Miami,FL,False,attack,Car,False,-80.413,25.506999999999998
777,15-10-15,shot,gun,25.0,M,B,Columbus,OH,False,attack,Not fleeing,False,-82.86399999999999,39.922
778,15-10-15,shot,gun,50.0,F,W,Las Vegas,NV,True,attack,Car,False,-115.259,36.129
779,15-10-15,shot,toy weapon,31.0,M,W,Parma,OH,False,attack,Car,False,-81.71,41.42100000000001
780,15-10-15,shot,gun,35.0,M,W,Kirkland,WA,False,attack,Foot,False,-122.18700000000001,47.707
781,15-10-15,shot,gun,27.0,M,H,San Francisco,CA,False,attack,Not fleeing,False,-122.415,37.779
782,15-10-15,shot,gun,20.0,M,B,Houston,TX,False,attack,Not fleeing,False,-95.465,29.849
783,16-10-15,shot,unarmed,27.0,M,H,Valinda,CA,False,attack,Not fleeing,False,-117.916,34.031
784,16-10-15,shot,gun,45.0,M,,Barrow County,GA,False,attack,Not fleeing,False,-83.65899999999999,34.033
785,16-10-15,shot,undetermined,33.0,M,B,Columbus,MS,False,undetermined,Foot,True,-88.41,33.510999999999996
786,16-10-15,shot,gun,27.0,M,W,Houston,TX,True,attack,Not fleeing,False,-95.363,29.785999999999998
787,17-10-15,shot,toy weapon,22.0,M,H,Modesto,CA,False,attack,Not fleeing,False,-120.92,37.667
788,17-10-15,shot and Tasered,knife,28.0,M,B,York,PA,True,other,Not fleeing,False,-76.749,39.973
789,18-10-15,shot,gun,31.0,M,B,Palm Beach Gardens,FL,False,undetermined,Not fleeing,False,-80.082,26.758000000000003
790,18-10-15,shot,knife,28.0,M,W,Fresno,CA,True,attack,Not fleeing,False,-119.76899999999999,36.803000000000004
791,19-10-15,shot,,53.0,M,B,Los Angeles,CA,False,attack,Not fleeing,False,-118.281,33.935
792,20-10-15,shot,toy weapon,30.0,M,W,Louisville,KY,False,attack,Not fleeing,False,-85.57799999999999,38.227
793,20-10-15,shot,toy weapon,39.0,M,B,San Diego,CA,False,attack,Not fleeing,False,-117.15899999999999,32.714
794,20-10-15,shot,gun,40.0,M,H,Truth or Consequences,NM,False,attack,Not fleeing,False,-107.166,33.251
795,20-10-15,shot,knife,30.0,M,W,Mandeville,LA,False,attack,Not fleeing,False,-90.031,30.409000000000002
796,20-10-15,shot,gun,21.0,M,W,Cedar Rapids,IA,False,attack,Foot,False,-91.713,41.97
797,21-10-15,shot,knife,35.0,M,H,Calexico,CA,False,other,Other,False,-115.49600000000001,32.665
798,21-10-15,shot,unarmed,21.0,M,H,West Goshen,CA,True,attack,Not fleeing,False,-119.462,36.351
799,21-10-15,shot,gun,47.0,M,W,Kentwood,MI,True,attack,Not fleeing,False,-85.63,42.857
800,22-10-15,shot,knife,38.0,M,B,Shreveport,LA,False,attack,Not fleeing,False,-93.74600000000001,32.518
801,22-10-15,shot,gun,36.0,M,B,Carmichael,CA,False,attack,Car,False,-121.337,38.639
802,22-10-15,shot,undetermined,53.0,M,W,Pine Top,KY,False,other,Not fleeing,False,-82.86,37.284
803,24-10-15,shot,gun,34.0,M,H,Highgrove,CA,False,attack,Not fleeing,False,-117.34,34.019
804,24-10-15,shot,gun,34.0,M,B,Cape Coral,FL,False,attack,Not fleeing,True,-81.943,26.739
805,24-10-15,shot,undetermined,30.0,M,B,Cathedral City,CA,False,undetermined,Not fleeing,False,-116.464,33.809
806,24-10-15,shot,gun,28.0,M,W,Zanesville,OH,True,attack,Not fleeing,False,-82.044,39.898
807,24-10-15,shot,gun,47.0,M,W,Paddock Lake,WI,False,attack,Not fleeing,False,-88.095,42.583
808,24-10-15,shot,undetermined,49.0,M,W,Kenai Peninsula,AK,False,attack,Not fleeing,False,-151.283,60.287
809,24-10-15,shot,gun,,M,,New Paltz,NY,False,attack,Not fleeing,False,-74.08,41.747
810,25-10-15,shot,gun,36.0,M,W,Talking Rock,GA,False,attack,Not fleeing,False,-84.601,34.5
811,26-10-15,shot,,45.0,M,B,Frederick,MD,False,other,Not fleeing,False,-77.389,39.408
812,26-10-15,shot,gun,21.0,F,B,Washington,DC,False,attack,Not fleeing,False,-77.027,38.983000000000004
813,26-10-15,shot,unarmed,18.0,M,O,Tampa,FL,False,attack,Foot,False,-82.516,28.03
814,27-10-15,shot,gun,25.0,M,B,Savannah,GA,False,attack,Not fleeing,True,-81.111,32.061
815,28-10-15,shot,unarmed,29.0,M,B,Point Loma,CA,False,attack,Not fleeing,False,-117.22399999999999,32.726
816,28-10-15,shot,gun,57.0,M,W,Smithville,MS,False,attack,Not fleeing,False,-88.43799999999999,34.039
817,28-10-15,shot,gun,34.0,M,B,Jacksonville,FL,False,attack,Not fleeing,False,-81.566,30.318
818,28-10-15,shot,gun,35.0,M,W,Salem,OR,False,attack,Car,False,-122.99799999999999,44.885
819,29-10-15,shot,gun,,M,B,Columbus,OH,False,other,Not fleeing,False,-82.863,39.922
820,29-10-15,shot,gun,18.0,M,W,Hohenwald,TN,False,attack,Not fleeing,False,-87.552,35.551
821,30-10-15,shot,gun,62.0,M,W,Burkesville,KY,False,attack,Other,False,-85.365,36.669000000000004
822,30-10-15,shot,gun,29.0,M,H,Mesquite,TX,False,attack,Car,False,-96.62799999999999,32.81
823,30-10-15,shot,gun,25.0,M,B,Houston,TX,False,other,Foot,False,-95.48899999999999,29.976
824,30-10-15,shot and Tasered,knife,30.0,M,W,Norwood,OK,False,attack,Foot,False,-95.251,35.798
825,30-10-15,shot,gun,24.0,M,B,Houston,TX,False,attack,Not fleeing,False,-95.495,29.984
826,30-10-15,shot,gun,52.0,M,W,Old Town,FL,False,attack,Not fleeing,False,-83.031,29.675
827,31-10-15,shot,gun,33.0,M,W,Colorado Springs,CO,False,attack,Not fleeing,False,-104.818,38.838
828,31-10-15,shot,unarmed,56.0,M,B,Opelika,AL,False,other,Car,False,-85.36,32.61
829,01-11-15,shot,gun,49.0,M,W,Hutchinson,MN,False,attack,Not fleeing,False,-94.376,44.891000000000005
830,01-11-15,shot,gun,20.0,M,W,Eureka,CA,False,attack,Not fleeing,False,-124.155,40.806
831,01-11-15,shot,gun,62.0,M,W,Council,ID,False,undetermined,Not fleeing,True,-116.40700000000001,44.813
832,02-11-15,shot,gun,62.0,M,B,Washington,DC,False,attack,Car,False,-76.968,38.855
833,03-11-15,shot,unarmed,6.0,M,W,Marksville,LA,False,other,Car,True,-92.05,31.125
834,04-11-15,shot,gun,30.0,M,W,Springfield,MO,False,attack,Foot,False,-93.256,37.239000000000004
835,04-11-15,shot,gun,57.0,M,B,Houston,TX,False,attack,Car,False,-95.35600000000001,29.733
836,04-11-15,shot,knife,18.0,M,O,Merced,CA,False,attack,Foot,False,-120.425,37.365
837,04-11-15,shot,unarmed,47.0,M,W,Pacific Beach,CA,False,other,Foot,True,-117.23899999999999,32.797
838,05-11-15,shot,gun,48.0,M,W,Morgantown,WV,False,attack,Not fleeing,False,-79.941,39.634
839,05-11-15,shot,gun,20.0,M,W,Hominy,OK,True,attack,Car,False,-96.431,36.409
840,05-11-15,shot,hammer,30.0,M,W,Lakeshire,MO,False,attack,Not fleeing,False,-90.34100000000001,38.538000000000004
841,05-11-15,shot,gun,36.0,F,W,Goose Creek,SC,True,attack,Not fleeing,False,-80.02,32.964
842,06-11-15,shot,gun,51.0,M,W,Portland,OR,True,attack,Not fleeing,False,-122.698,45.53
843,06-11-15,shot,,55.0,M,W,Las Vegas,NV,False,other,Car,False,-115.137,36.038000000000004
844,06-11-15,shot,undetermined,48.0,M,W,Wadesboro,NC,False,undetermined,Not fleeing,False,-80.04,34.981
845,09-11-15,shot,,20.0,M,B,Spartanburg,SC,False,attack,Car,False,-81.979,34.949
846,09-11-15,shot,gun,25.0,M,H,North Laredo,TX,True,attack,Not fleeing,False,-99.45299999999999,27.603
847,09-11-15,shot,gun,26.0,M,W,Braxton County,WV,False,attack,Not fleeing,False,-80.675,38.592
848,09-11-15,shot,gun,45.0,M,H,San Jose,CA,False,attack,Not fleeing,False,-121.914,37.255
849,09-11-15,shot and Tasered,bean-bag gun,35.0,M,H,Los Angeles,CA,False,other,Not fleeing,False,-118.512,34.211999999999996
850,10-11-15,shot,gun,34.0,M,H,Chico,CA,False,attack,Not fleeing,False,-121.848,39.717
851,10-11-15,shot,,36.0,M,H,Brighton,CO,False,other,Car,False,-104.83200000000001,39.958
852,10-11-15,shot,gun,22.0,M,W,Dillon,MT,False,attack,Not fleeing,False,-112.77799999999999,45.098
853,10-11-15,shot,toy weapon,63.0,M,W,Colorado Springs,CO,True,attack,Not fleeing,False,-104.87799999999999,38.909
854,11-11-15,shot,,31.0,M,H,Albuquerque,NM,False,other,Car,False,-106.68299999999999,35.062
855,11-11-15,shot,gun,25.0,M,H,San Francisco,CA,False,attack,Not fleeing,False,-122.421,37.748000000000005
856,11-11-15,shot,gun,57.0,M,W,Aiken,SC,False,attack,Not fleeing,False,-81.734,33.57
857,11-11-15,shot,gun,32.0,M,B,Baltimore,MD,False,attack,Not fleeing,False,-76.67699999999999,39.343
858,12-11-15,shot,knife,42.0,M,B,Sunnyvale,CA,False,other,Not fleeing,False,-122.053,37.384
859,13-11-15,shot,toy weapon,52.0,M,W,Gibson County,TN,False,attack,Not fleeing,False,-88.874,35.957
860,13-11-15,shot,undetermined,25.0,M,H,Jurupa Valley,CA,False,undetermined,,False,-117.51100000000001,34.029
861,13-11-15,shot,gun,25.0,M,W,Eden,GA,False,attack,Foot,False,-81.395,32.172
862,14-11-15,shot,hammer,31.0,M,H,Jurupa Valley,CA,False,other,Not fleeing,False,-117.4,34.005
863,15-11-15,shot,toy weapon,39.0,M,B,Oakland,CA,False,attack,Not fleeing,False,-122.166,37.754
864,15-11-15,shot,unknown weapon,16.0,M,B,Germantown,PA,False,attack,Not fleeing,False,-75.179,40.028
865,15-11-15,shot,unarmed,24.0,M,B,Minneapolis,MN,False,undetermined,Not fleeing,False,-93.301,44.992
866,15-11-15,shot and Tasered,Taser,32.0,M,W,Spring Lake,NC,False,attack,Not fleeing,False,-78.954,35.259
867,16-11-15,shot,,25.0,M,W,Whitfield County,GA,False,other,Car,False,-84.895,34.779
868,16-11-15,shot,,28.0,M,W,Leon County,TX,False,undetermined,Car,False,-95.99,31.258000000000003
869,17-11-15,shot,gun,28.0,M,B,Miami,FL,True,attack,Foot,False,-80.39699999999999,25.576
870,17-11-15,shot,gun,21.0,M,B,Cayce,SC,False,attack,Not fleeing,False,-81.05199999999999,33.976
871,17-11-15,shot,,30.0,M,B,Weatherford,TX,False,other,Car,False,-95.434,29.904
872,17-11-15,shot,unarmed,58.0,M,W,Arlington,GA,False,other,Not fleeing,False,-84.723,31.432
873,17-11-15,shot,gun,47.0,M,W,Little Egg Harbor,NJ,True,attack,Not fleeing,False,-74.357,39.611
874,17-11-15,shot,gun,41.0,M,W,Weatherford,TX,False,undetermined,Car,False,-97.839,32.638000000000005
875,18-11-15,shot,unknown weapon,25.0,M,B,Opa-Locka,FL,False,other,Not fleeing,False,-80.252,25.897
876,18-11-15,shot,gun,44.0,M,B,Benton Township,MI,False,attack,Not fleeing,False,-86.411,42.09
877,19-11-15,shot,gun,34.0,M,B,Manatee,FL,False,attack,,False,-82.555,27.448
878,19-11-15,shot,knife,27.0,M,B,Fort Pierce,FL,False,attack,Not fleeing,False,-80.352,27.438000000000002
879,19-11-15,shot,knife,34.0,M,B,Washington,DC,False,other,Not fleeing,False,-76.92399999999999,38.895
880,20-11-15,shot,unarmed,29.0,M,B,Barstow,CA,True,attack,Not fleeing,False,-117.027,34.898
881,20-11-15,shot,gun,39.0,M,W,Paulding County,GA,True,attack,Not fleeing,False,-84.742,33.918
882,20-11-15,shot,gun,50.0,M,,Fontana,CA,True,other,Not fleeing,False,-117.421,34.095
883,21-11-15,shot,unarmed,24.0,M,W,Colbert,OK,False,attack,Foot,False,-96.512,33.853
884,22-11-15,shot,knife,47.0,M,W,Fontana,CA,True,attack,Not fleeing,False,-117.436,34.063
885,22-11-15,shot,gun,45.0,M,W,Reno,NV,False,attack,Not fleeing,False,-119.796,39.501
886,22-11-15,shot,gun,28.0,M,H,Denver,CO,False,attack,Not fleeing,False,-105.01700000000001,39.711
887,23-11-15,shot,gun,50.0,M,W,Columbus,OH,False,attack,Not fleeing,False,-83.066,39.946999999999996
888,23-11-15,shot and Tasered,knife,49.0,M,H,Corpus Christi,TX,False,other,Not fleeing,True,-97.402,27.726
889,24-11-15,shot,toy weapon,45.0,M,W,Columbia Heights,MN,False,other,Not fleeing,False,-93.25200000000001,45.041000000000004
890,24-11-15,shot,gun,24.0,M,B,Camden,NJ,False,attack,Not fleeing,False,-75.097,39.903
891,24-11-15,shot and Tasered,toy weapon,32.0,M,W,Las Vegas,NV,True,attack,Foot,True,-115.137,36.122
892,25-11-15,shot,knife,23.0,M,W,Springfield,MO,False,attack,Not fleeing,False,-93.337,37.24
893,25-11-15,shot,gun,52.0,M,W,Eagar,AZ,False,attack,Not fleeing,False,-109.29299999999999,34.116
894,25-11-15,shot,gun,37.0,F,W,Ozark,MO,False,attack,Not fleeing,False,-93.27799999999999,37.05
895,26-11-15,shot,unarmed,26.0,M,W,Chico,CA,False,other,Car,True,-121.624,39.751999999999995
896,27-11-15,shot,gun,58.0,M,W,Lampe,MO,False,attack,Not fleeing,False,-93.501,36.532
897,28-11-15,shot,baseball bat and fireplace poker,50.0,M,W,Seagoville,TX,False,other,Not fleeing,False,-96.546,32.641999999999996
898,29-11-15,shot,gun,22.0,M,W,Celina,OH,False,attack,Not fleeing,False,-84.571,40.55
899,29-11-15,shot,gun,53.0,M,W,Maysville,MO,False,attack,Not fleeing,False,-94.57799999999999,39.758
900,29-11-15,shot,gun,69.0,M,H,Sun City,AZ,True,attack,Not fleeing,False,-112.29799999999999,33.593
901,29-11-15,shot,gun,23.0,M,H,Bakersfield,CA,False,attack,Foot,False,-119.021,35.375
902,29-11-15,shot,gun,29.0,M,W,Lincoln,NE,False,attack,,False,-96.62299999999999,40.842
903,30-11-15,shot,,25.0,M,A,Aurora,CO,False,attack,Car,False,-104.77600000000001,39.704
904,30-11-15,shot,gun,18.0,M,B,Atlanta,GA,False,attack,Foot,False,-84.387,33.779
905,30-11-15,shot,undetermined,31.0,M,H,Wink,TX,False,other,Not fleeing,False,-103.163,31.74
906,01-12-15,shot,gun,23.0,M,W,Bangor,ME,False,attack,Foot,False,-68.817,44.788999999999994
907,01-12-15,shot,gun,18.0,M,H,Norwalk,CA,False,attack,Not fleeing,False,-118.08200000000001,33.917
908,02-12-15,shot,gun,35.0,M,H,Denver,CO,False,attack,Car,False,-105.037,39.755
909,02-12-15,shot,gun,27.0,F,O,San Bernardino,CA,False,attack,Car,False,-117.29,34.108000000000004
910,02-12-15,shot,gun,28.0,M,O,San Bernardino,CA,False,attack,Car,False,-117.24799999999999,34.077
911,02-12-15,shot,knife,26.0,M,B,San Francisco,CA,False,other,Not fleeing,False,-122.397,37.721
912,02-12-15,shot,gun,32.0,M,H,San Antonio,TX,False,other,Not fleeing,False,-98.585,29.185
913,02-12-15,shot,gun,36.0,M,H,Deming,NM,False,attack,Not fleeing,False,-107.734,32.256
914,03-12-15,shot,gun,66.0,M,W,Big Springs,NE,False,attack,Not fleeing,False,-102.074,41.063
915,04-12-15,shot,gun,21.0,M,B,Mount Washington,PA,False,attack,Not fleeing,False,-80.007,40.43
916,04-12-15,shot and Tasered,metal stick,47.0,M,W,Mesa,AZ,False,other,Not fleeing,False,-111.67299999999999,33.466
917,05-12-15,shot,gun,24.0,M,W,Irving,TX,False,attack,Foot,False,-96.955,32.806999999999995
918,05-12-15,shot,gun,60.0,M,W,Neenah,WI,False,other,Not fleeing,False,-88.46600000000001,44.187
919,05-12-15,shot,gun,61.0,F,W,St. Louis,MO,True,attack,Not fleeing,False,-90.23899999999999,38.811
920,05-12-15,shot,gun,38.0,M,H,Indio,CA,False,attack,Not fleeing,False,-116.251,33.698
921,05-12-15,shot and Tasered,straight edge razor,51.0,M,W,Miami,FL,False,other,Not fleeing,True,-80.141,25.788
922,06-12-15,shot,gun,35.0,M,W,Seattle,WA,False,attack,Car,False,-122.33200000000001,47.606
923,06-12-15,shot,gun,46.0,M,B,Richmond Heights,OH,True,attack,Not fleeing,False,-81.498,41.541000000000004
924,06-12-15,shot,knife,48.0,M,W,Laramie,WY,True,other,Not fleeing,False,-105.75200000000001,41.321999999999996
925,08-12-15,shot,unarmed,36.0,M,B,Yonkers,NY,False,other,Foot,False,-73.87899999999999,40.924
926,08-12-15,shot,gun,33.0,M,B,Cleveland,OH,False,attack,Not fleeing,False,-81.735,41.486000000000004
927,09-12-15,shot,gun,66.0,M,W,Leitchfield,KY,False,attack,Not fleeing,False,-86.22399999999999,37.567
928,09-12-15,shot,gun,51.0,M,,Pryor,OK,True,attack,Not fleeing,False,-95.31700000000001,36.308
929,10-12-15,shot,gun,34.0,M,W,Indianapolis,IN,False,attack,Not fleeing,False,-86.198,39.741
930,10-12-15,shot,gun,55.0,M,B,Taylors,SC,False,attack,Not fleeing,False,-82.28399999999999,34.917
931,10-12-15,shot,knife,54.0,M,W,Marina,CA,False,attack,Not fleeing,False,-121.791,36.674
932,10-12-15,shot,gun,,M,,Hemet,CA,False,attack,Not fleeing,False,-116.971,33.729
933,11-12-15,shot,unarmed,36.0,M,W,Tucson,AZ,False,attack,Not fleeing,False,-110.875,32.309
934,12-12-15,shot,knife,25.0,M,B,Indianapolis,IN,True,attack,Not fleeing,False,-86.02799999999999,39.827
935,12-12-15,shot,gun and knife,24.0,M,B,Chattanooga,TN,False,attack,Not fleeing,False,-85.307,34.989000000000004
936,12-12-15,shot,gun,28.0,M,B,Lynwood,CA,False,attack,Not fleeing,False,-118.209,33.917
937,12-12-15,shot,Taser,36.0,M,W,Healdton,OK,False,attack,Not fleeing,False,-97.488,34.233000000000004
938,12-12-15,shot,gun,20.0,M,W,East Stroudsburg,PA,True,attack,Not fleeing,False,-75.182,40.99100000000001
939,12-12-15,shot,knife,49.0,M,H,San Bernardino,CA,False,attack,,False,-117.322,34.108000000000004
940,12-12-15,shot,unknown weapon,,M,,Aurora,CO,False,attack,,False,-104.861,39.726
941,13-12-15,shot,gun,51.0,F,W,Arlington,TX,True,attack,Not fleeing,False,-97.101,32.728
942,13-12-15,shot,ax,21.0,M,W,Denton,TX,True,other,Not fleeing,False,-97.133,33.215
943,13-12-15,shot,knife,30.0,M,O,Thurston County,WA,False,attack,Not fleeing,False,-122.762,47.001999999999995
944,13-12-15,shot,gun,32.0,M,H,Mountain View,CO,False,attack,Not fleeing,False,-105.051,39.777
945,14-12-15,shot,gun,33.0,M,B,New Orleans,LA,False,attack,Not fleeing,True,-89.905,30.038
946,14-12-15,shot,undetermined,56.0,M,W,Humboldt,TN,False,undetermined,Not fleeing,False,-88.845,35.852
947,14-12-15,shot,gun,48.0,F,W,Las Vegas,NV,True,attack,Not fleeing,False,-115.057,36.244
948,14-12-15,shot,knife,39.0,M,A,Long Beach,CA,False,other,Not fleeing,False,-118.189,33.803000000000004
949,14-12-15,shot,undetermined,19.0,M,H,Gilroy,CA,False,undetermined,,True,-121.573,36.995
950,14-12-15,shot,gun,45.0,M,H,Las Vegas,NV,False,attack,Not fleeing,False,-115.09,36.229
951,14-12-15,shot,gun,33.0,M,W,Mount Hope,WV,False,attack,Not fleeing,False,-81.15899999999999,37.895
952,14-12-15,shot and Tasered,knife,52.0,M,W,Middle River,MD,True,other,Not fleeing,False,-76.372,39.304
953,15-12-15,shot,,51.0,M,B,Dallas,NC,False,attack,Car,False,-81.202,35.38
954,16-12-15,shot,knife,,M,W,Camarillo,CA,True,attack,Not fleeing,False,-119.051,34.219
955,17-12-15,shot,machete,25.0,M,W,Kent,OH,True,other,Not fleeing,False,-81.34,41.163000000000004
956,17-12-15,shot,gun,24.0,M,W,Modesto,CA,False,attack,Other,False,-120.999,37.639
957,18-12-15,shot,gun,22.0,F,W,Northwood,OH,False,attack,Other,False,-83.462,41.618
958,18-12-15,shot,,32.0,M,W,Knoxville,TN,False,attack,Car,False,-84.09200000000001,35.908
959,18-12-15,shot,toy weapon,58.0,M,H,Taos,NM,True,attack,Not fleeing,False,-105.573,36.407
960,19-12-15,shot,gun,24.0,M,B,Concord,VA,False,attack,,False,-79.01899999999999,37.391999999999996
961,19-12-15,shot,undetermined,26.0,M,H,Los Angeles,CA,True,attack,Not fleeing,False,-118.307,33.843
962,20-12-15,shot,gun,30.0,M,B,Palmdale,CA,False,attack,Not fleeing,False,-118.045,34.571999999999996
963,20-12-15,shot,gun,31.0,M,H,Amarillo,TX,True,attack,Not fleeing,False,-101.855,35.207
964,21-12-15,shot,gun,34.0,M,H,Hemet,CA,False,attack,Not fleeing,False,-116.971,33.724000000000004
965,21-12-15,shot,gun,48.0,M,B,Douglasville,GA,False,attack,Not fleeing,False,-84.70700000000001,33.755
966,21-12-15,shot,unarmed,,M,B,Breaux Bridge,LA,True,other,Not fleeing,False,-91.86399999999999,30.239
967,21-12-15,shot,gun,21.0,M,W,Canaan Township,PA,True,attack,Not fleeing,False,-75.381,41.568999999999996
968,21-12-15,shot,gun,39.0,M,W,Deltona,FL,False,attack,Not fleeing,False,-81.19,28.886999999999997
969,21-12-15,shot,gun,25.0,M,B,Aurora,CO,False,attack,Not fleeing,False,-104.885,39.733000000000004
970,21-12-15,shot,gun,30.0,M,W,Smartsville,CA,False,attack,Not fleeing,False,-121.29,39.189
971,22-12-15,shot,gun,61.0,M,,Ludlow,KY,False,attack,Not fleeing,True,-84.546,39.095
972,22-12-15,shot,gun,56.0,M,W,Burlington,VT,False,attack,Not fleeing,True,-73.214,44.483000000000004
973,22-12-15,shot,undetermined,29.0,M,W,Brooksville,FL,False,undetermined,Car,False,-82.384,28.465999999999998
974,22-12-15,shot,gun,19.0,M,H,Albuquerque,NM,False,undetermined,Foot,True,-106.566,35.076
975,23-12-15,shot,unarmed,35.0,M,B,Dearborn,MI,True,other,Not fleeing,False,-83.194,42.351000000000006
976,24-12-15,shot,,36.0,M,W,Winnsboro,LA,False,other,Car,False,-91.72200000000001,32.166
977,24-12-15,shot,gun,54.0,M,,Pride,LA,True,attack,Not fleeing,False,-90.97200000000001,30.694000000000003
978,24-12-15,shot,gun,24.0,M,B,Lansing,MI,False,attack,Not fleeing,False,-84.57799999999999,42.673
979,24-12-15,shot,knife,23.0,M,H,Porterville,CA,False,other,Not fleeing,False,-119.006,36.069
980,25-12-15,shot,knife,31.0,M,W,Palo Alto,CA,True,attack,Not fleeing,False,-122.156,37.448
981,26-12-15,shot,brick,41.0,M,W,Phoenix,AZ,True,other,Not fleeing,False,-112.06200000000001,33.68
982,26-12-15,shot,unarmed,55.0,F,B,Chicago,IL,False,other,,False,-87.744,41.893
983,26-12-15,shot,baseball bat,19.0,M,B,Chicago,IL,True,undetermined,Not fleeing,False,-87.744,41.893
984,26-12-15,shot,gun,38.0,M,H,Homedale,ID,False,attack,Not fleeing,True,-116.94,43.62
985,27-12-15,shot,undetermined,36.0,M,W,Lucedale,MS,False,undetermined,Car,False,-88.64299999999999,30.889
986,27-12-15,shot,knife,34.0,M,W,Tempe,AZ,True,other,Not fleeing,True,-111.92200000000001,33.381
987,27-12-15,shot,undetermined,52.0,M,W,Franklin,LA,False,undetermined,Not fleeing,False,-91.613,29.849
988,28-12-15,shot,toy weapon,28.0,M,W,Suffolk,VA,False,attack,Not fleeing,True,-76.596,36.727
989,29-12-15,shot,knife,50.0,F,,Santa Nella,CA,True,other,Not fleeing,False,-121.022,37.09
990,29-12-15,shot,unknown weapon,,M,A,Rosemead,CA,False,undetermined,Not fleeing,False,-118.056,34.073
991,30-12-15,shot,knife,55.0,M,H,Fresno,CA,False,attack,Not fleeing,True,-119.81200000000001,36.75
992,30-12-15,shot,undetermined,39.0,M,,Rawlins,WY,False,undetermined,,False,-107.21600000000001,41.799
993,31-12-15,shot,unarmed,23.0,M,B,Las Vegas,NV,False,other,Not fleeing,True,-115.272,36.133
994,01-01-16,shot,knife,30.0,M,W,San Diego,CA,False,other,Not fleeing,True,-117.16,32.755
995,02-01-16,shot,gun,54.0,M,W,Maryneal,TX,False,attack,Car,False,-100.45,32.235
996,02-01-16,shot,gun,37.0,M,W,Sioux Falls,SD,False,attack,Not fleeing,False,-96.711,43.547
997,02-01-16,shot and Tasered,knife,37.0,M,W,Livingston,MT,False,other,Not fleeing,False,-110.573,45.656000000000006
998,03-01-16,shot,gun,30.0,M,B,Charlotte,NC,False,attack,Not fleeing,False,-80.885,35.218
999,04-01-16,shot,unknown weapon,27.0,M,B,Ragley,LA,False,undetermined,Not fleeing,False,-93.21,30.494
1000,04-01-16,shot,gun,22.0,M,B,Oklahoma City,OK,False,attack,Foot,True,-97.52,35.512
1001,05-01-16,shot,,29.0,M,W,Olympia,WA,False,attack,Foot,False,-122.33200000000001,47.606
1002,05-01-16,shot,knife,39.0,M,W,Johnson City,TN,False,other,Foot,False,-82.337,36.32
1003,05-01-16,shot,gun,33.0,M,B,Charlotte,NC,False,attack,Not fleeing,False,-80.913,35.242
1004,05-01-16,shot,gun,52.0,M,W,Redding,CA,True,other,Not fleeing,False,-122.368,40.613
1005,05-01-16,shot,hand torch,28.0,M,H,Ceres,CA,False,other,Foot,False,-120.947,37.584
1006,05-01-16,shot and Tasered,knife,54.0,M,W,Upper Darby,PA,True,other,Not fleeing,False,-75.31,39.929
1007,06-01-16,shot,toy weapon,38.0,M,W,Zion,IL,True,other,Foot,False,-87.834,42.456
1008,06-01-16,shot,gun,32.0,M,H,Carrizozo,NM,True,attack,Not fleeing,False,-105.91799999999999,33.683
1009,06-01-16,shot,gun,34.0,M,W,Daviess County,KY,False,attack,Not fleeing,False,-87.18,37.787
1010,08-01-16,shot,knife,26.0,M,W,Geneva,WI,False,other,Not fleeing,False,-88.48899999999999,42.608999999999995
1011,08-01-16,shot,gun,50.0,M,W,Acworth,GA,True,attack,Not fleeing,False,-84.677,34.133
1012,10-01-16,shot,chain saw,37.0,M,W,Kelso,WA,True,other,Not fleeing,False,-122.669,46.16
1013,10-01-16,shot,toy weapon,45.0,F,W,Rising Sun,MD,True,attack,Not fleeing,False,-75.959,39.718
1014,11-01-16,shot,,56.0,M,W,San Fernando,CA,False,attack,Car,False,-118.449,34.29
1015,11-01-16,shot,toy weapon,45.0,M,W,Cincinnati,OH,True,attack,Foot,False,-84.585,39.118
1016,11-01-16,shot,gun,32.0,M,W,Denver,CO,False,other,Not fleeing,False,-105.016,39.755
1017,11-01-16,shot,unarmed,12.0,F,W,Penn Township,PA,False,other,Not fleeing,False,-77.03399999999999,40.398
1018,12-01-16,shot,knife,49.0,M,N,Spenard,AK,True,other,Not fleeing,False,-149.898,61.192
1019,12-01-16,shot,gun,58.0,M,W,Norfolk,VA,True,attack,Not fleeing,False,-76.188,36.856
1020,13-01-16,shot,gun,29.0,M,W,Sevierville,TN,False,other,Foot,True,-83.55799999999999,35.836999999999996
1021,13-01-16,shot,gun,60.0,M,W,Cle Elum,WA,True,attack,Not fleeing,False,-120.954,47.196999999999996
1022,14-01-16,shot,gun,40.0,M,W,Hurst,IL,True,attack,Not fleeing,False,-89.14299999999999,37.830999999999996
1023,14-01-16,shot,knife,39.0,M,H,Santa Clarita,CA,False,other,Not fleeing,False,-118.46,34.42
1024,15-01-16,shot,gun,26.0,M,W,Elkins,WV,False,attack,Not fleeing,False,-79.855,38.914
1025,15-01-16,shot,gun,24.0,M,B,Southfield,MI,False,attack,Not fleeing,False,-83.277,42.483999999999995
1026,16-01-16,shot,toy weapon,34.0,M,H,Hollywood Hills,CA,False,other,Foot,False,-118.35799999999999,34.104
1027,16-01-16,shot,gun,27.0,M,W,San Antonio,TX,False,attack,Foot,False,-98.601,29.415
1028,16-01-16,shot,toy weapon,44.0,M,W,Beaverton,OR,False,other,Not fleeing,False,-122.82600000000001,45.446000000000005
1029,16-01-16,shot,unarmed,25.0,F,W,El Cajon,CA,False,other,Car,False,-116.963,32.795
1030,16-01-16,shot,,55.0,M,W,Petroleum,WV,False,other,Car,False,-81.268,39.191
1031,16-01-16,shot,gun,19.0,M,B,Belle Glade,FL,False,attack,Foot,False,-80.67699999999999,26.683000000000003
1032,17-01-16,shot,gun,52.0,M,B,St. Louis,MO,False,attack,Not fleeing,False,-90.244,38.593
1033,17-01-16,shot,gun,31.0,M,W,Salt Lake City,UT,False,attack,Foot,True,-111.81299999999999,40.675
1034,17-01-16,shot,unarmed,26.0,M,W,Mesa,AZ,False,other,Not fleeing,True,-111.685,33.415
1035,17-01-16,shot and Tasered,knife,24.0,M,H,North Hills,CA,False,other,Not fleeing,False,-118.46,34.23
1036,17-01-16,shot and Tasered,gun,38.0,M,W,Rainbow City,AL,False,other,Not fleeing,False,-86.036,33.95
1037,18-01-16,shot,gun,33.0,M,W,Tucson,AZ,True,attack,Not fleeing,False,-110.926,32.222
1038,18-01-16,shot,toy weapon,28.0,M,W,Orlando,FL,False,other,Not fleeing,False,-81.3,28.469
1039,18-01-16,shot,knife,27.0,M,W,Medford,OR,False,other,Foot,False,-122.859,42.361000000000004
1040,18-01-16,shot,gun,39.0,M,W,Phoenix,AZ,True,attack,Not fleeing,False,-112.098,33.582
1041,18-01-16,shot,garden tool,29.0,M,W,Union City,CA,True,other,Not fleeing,True,-122.079,37.592
1042,19-01-16,shot,gun,36.0,M,W,Dallas,TX,False,attack,Car,False,-96.69,32.698
1043,19-01-16,shot,knife,55.0,M,W,Statesville,NC,True,other,Not fleeing,False,-81.164,33.836
1044,19-01-16,shot,gun,28.0,M,W,Valdosta,GA,True,attack,Not fleeing,False,-83.18299999999999,31.025
1045,20-01-16,shot,gun,40.0,M,B,Port Barre,LA,False,attack,Not fleeing,False,-91.948,30.544
1046,20-01-16,shot,gun,33.0,M,W,Meridianville,AL,False,other,Foot,True,-86.571,34.87
1047,20-01-16,shot,knife,37.0,M,W,Kerrville,TX,False,other,Other,False,-99.14,30.046999999999997
1048,21-01-16,shot,gun,39.0,M,B,Eufaula,OK,True,attack,Car,False,-95.58200000000001,35.287
1049,23-01-16,shot,toy weapon,43.0,M,W,Clanton,AL,False,other,Not fleeing,True,-86.652,32.852
1050,25-01-16,shot and Tasered,knife,38.0,M,H,Reno,NV,True,other,Not fleeing,False,-119.804,39.477
1051,26-01-16,shot,gun,55.0,M,W,Burns,OR,False,other,Not fleeing,False,-119.054,43.586000000000006
1052,27-01-16,shot,gun,52.0,M,W,Mountain Pine,AR,False,attack,Not fleeing,False,-93.169,34.659
1053,27-01-16,shot,gun,32.0,M,B,Memphis,TN,False,attack,Other,True,-90.03299999999999,35.108000000000004
1054,27-01-16,shot,gun,31.0,M,H,Santa Fe,NM,False,attack,Not fleeing,False,-105.992,35.654
1055,27-01-16,shot,knife,27.0,M,W,Latta,SC,False,other,Not fleeing,False,-79.574,34.354
1056,27-01-16,shot,toy weapon,40.0,M,A,Lenoir City,TN,True,other,Not fleeing,False,-84.23100000000001,35.816
1057,27-01-16,shot,vehicle,31.0,F,B,Dearborn,MI,True,other,Car,False,-83.208,42.321999999999996
1058,27-01-16,shot,gun,30.0,M,W,Mansfield,TX,False,attack,Car,False,-97.096,32.571999999999996
1059,27-01-16,shot,gun,26.0,M,H,Cobb County,GA,False,attack,Car,False,-84.484,33.923
1060,28-01-16,shot,vehicle,32.0,F,N,Tacoma,WA,False,other,Not fleeing,False,-122.454,47.233999999999995
1061,28-01-16,shot,gun,33.0,M,W,Omaha,NE,True,attack,Foot,False,-96.01700000000001,41.227
1062,28-01-16,shot,gun,19.0,M,B,Clackamas County,OR,True,other,Not fleeing,False,-122.625,45.409
1063,29-01-16,shot,gun,33.0,M,B,Lynn,MA,False,attack,Other,False,-70.949,42.465
1064,29-01-16,shot,gun,29.0,M,B,Irving,TX,False,other,Not fleeing,False,-97.006,32.835
1065,29-01-16,shot,vehicle,41.0,F,W,Phenix City,AL,False,attack,Car,False,-85.06700000000001,32.486
1066,30-01-16,shot,gun,29.0,M,B,Chicago,IL,False,attack,Not fleeing,False,-87.666,41.761
1067,30-01-16,shot,scissors,38.0,M,H,Fort Collins,CO,False,other,Not fleeing,False,-105.03200000000001,40.592
1068,30-01-16,shot,gun,64.0,M,H,Rossville,GA,True,attack,Not fleeing,False,-85.26899999999999,34.985
1069,30-01-16,shot,gun,42.0,M,W,Sugar Creek,MO,False,attack,Car,False,-94.425,39.121
1070,31-01-16,shot,knife,46.0,M,H,Immokalee,FL,False,other,Not fleeing,False,-81.419,26.418000000000003
1071,31-01-16,shot,gun,62.0,M,,Newark,CA,True,attack,Not fleeing,False,-122.052,37.53
1072,31-01-16,shot,gun,42.0,M,W,Bakersfield,CA,False,attack,Car,False,-118.914,35.296
1073,31-01-16,shot and Tasered,knife,37.0,M,B,Wilkinsburg,PA,True,attack,Not fleeing,False,-79.882,40.442
1074,31-01-16,shot and Tasered,unarmed,25.0,M,W,Saginaw,TX,False,attack,Not fleeing,False,-97.391,32.873000000000005
1075,01-02-16,shot,toy weapon,36.0,M,B,Washington,DC,False,attack,Foot,False,-76.925,38.894
1076,01-02-16,shot,gun,21.0,M,H,Albuquerque,NM,True,attack,Car,True,-106.583,35.094
1077,02-02-16,shot and Tasered,knife,30.0,M,W,Rancho Cordova,CA,True,other,Not fleeing,False,-121.291,38.596
1078,03-02-16,shot,gun,53.0,M,W,Schulter,OK,False,attack,Not fleeing,False,-95.95299999999999,35.532
1079,03-02-16,shot,gun,31.0,M,H,Ocala,FL,True,attack,Not fleeing,False,-82.053,29.168000000000003
1080,03-02-16,shot,gun,22.0,M,N,Rosebud,SD,False,attack,Not fleeing,True,-100.626,43.188
1081,04-02-16,shot,knife,24.0,M,W,Mesa,AZ,True,other,Not fleeing,True,-111.65899999999999,33.437
1082,04-02-16,shot,unarmed,36.0,M,B,San Antonio,TX,False,other,Not fleeing,False,-98.493,29.529
1083,04-02-16,shot,gun,47.0,M,W,Kansas City,MO,False,attack,Foot,False,-94.51100000000001,38.918
1084,04-02-16,shot,toy weapon,54.0,M,W,Perry Township,OH,False,attack,Not fleeing,False,-81.179,41.729
1085,04-02-16,shot,gun,43.0,M,H,El Paso,TX,False,attack,Not fleeing,False,-106.49,31.756999999999998
1086,05-02-16,shot,,38.0,M,O,Hilo,HI,False,other,Car,False,-155.066,19.695999999999998
1087,05-02-16,shot,gun,30.0,M,W,Milton,FL,False,other,Car,False,-87.054,30.521
1088,05-02-16,shot,gun,51.0,M,W,Union Grove,NC,False,attack,Foot,False,-80.904,36.031
1089,05-02-16,shot,gun,55.0,M,W,Seaside,OR,False,attack,Not fleeing,True,-123.926,45.993
1090,06-02-16,shot,gun,16.0,M,H,Los Angeles,CA,False,attack,Car,True,-118.294,34.063
1091,07-02-16,shot,gun,23.0,M,B,Columbus,OH,False,other,Other,False,-83.056,39.945
1092,07-02-16,shot,gun,36.0,M,W,Austin,AR,False,other,Not fleeing,False,-91.934,34.95
1093,07-02-16,shot,knife,27.0,M,,Manchester,NJ,False,other,Not fleeing,False,-74.279,39.995
1094,08-02-16,shot,gun,33.0,M,B,Chester,PA,False,attack,Car,False,-75.402,39.836
1095,08-02-16,shot,unarmed,17.0,M,B,Austin,TX,False,other,Not fleeing,False,-97.667,30.396
1096,08-02-16,shot,,22.0,M,B,New Orleans,LA,False,other,Car,False,-90.087,29.939
1097,09-02-16,shot,unarmed,22.0,M,H,Anaheim,CA,False,undetermined,Not fleeing,True,-117.934,33.843
1098,09-02-16,shot,gun,29.0,M,O,Hilo,HI,False,attack,Not fleeing,False,-155.066,19.695999999999998
1099,10-02-16,shot,gun,41.0,M,W,Louisville,KY,False,attack,Not fleeing,False,-85.859,38.193000000000005
1100,10-02-16,shot,gun,67.0,M,W,Abingdon,MD,False,attack,Not fleeing,False,-76.309,39.469
1101,10-02-16,shot,gun,36.0,M,N,Barrow,AK,False,attack,Not fleeing,False,-156.738,71.301
1102,10-02-16,shot,knife,52.0,M,W,Roseville,MN,True,attack,Not fleeing,True,-93.156,45.006
1103,10-02-16,shot,gun,56.0,M,O,Henderson County,TX,True,attack,Not fleeing,False,-96.182,32.282
1104,11-02-16,shot,knife,35.0,M,W,Maiden,NC,True,other,Not fleeing,False,-81.193,35.561
1105,11-02-16,shot,ax,45.0,M,W,Lancaster,CA,False,other,Not fleeing,False,-118.08,34.681999999999995
1106,11-02-16,shot,machete,30.0,M,B,Columbus,OH,False,attack,Car,False,-82.86399999999999,40.064
1107,12-02-16,shot,gun,29.0,M,B,Boston,MA,True,attack,Not fleeing,False,-71.078,42.308
1108,12-02-16,shot,gun,53.0,M,W,Fort Worth,TX,False,other,Not fleeing,False,-97.446,32.723
1109,12-02-16,shot,gun,32.0,F,B,Syracuse,NY,True,other,Not fleeing,False,-76.14399999999999,43.068999999999996
1110,13-02-16,shot,gun,22.0,M,B,Baton Rouge,LA,True,attack,Car,True,-91.133,30.468000000000004
1111,13-02-16,shot,unarmed,24.0,M,B,Beckville,TX,False,other,Other,False,-94.465,32.26
1112,13-02-16,shot,unarmed,19.0,M,B,Arvonia,VA,False,attack,Not fleeing,False,-78.396,37.673
1113,13-02-16,shot and Tasered,gun,29.0,M,B,Urbandale,IA,False,attack,Not fleeing,True,-93.7,41.648999999999994
1114,14-02-16,shot,knife,50.0,M,W,Bradenton,FL,True,other,Not fleeing,False,-82.499,27.456999999999997
1115,14-02-16,shot,gun,29.0,M,H,Los Angeles,CA,False,other,Not fleeing,False,-118.163,34.022
1116,14-02-16,shot,knife,26.0,M,W,Van Nuys,CA,False,other,Not fleeing,False,-118.45700000000001,34.196
1117,15-02-16,shot,undetermined,39.0,M,W,Yorba Linda,CA,False,undetermined,Not fleeing,False,-117.741,33.872
1118,15-02-16,shot,gun,52.0,M,H,Jal,NM,False,attack,Not fleeing,False,-103.426,32.166
1119,16-02-16,shot,knife,51.0,M,W,Fairfield,CT,True,other,Not fleeing,False,-73.267,41.181999999999995
1120,16-02-16,shot,,48.0,M,W,Republic,MO,False,attack,Car,False,-93.469,37.118
1121,16-02-16,shot,gun,30.0,M,W,Mena,AR,False,other,Foot,False,-94.249,34.58
1122,17-02-16,shot,toy weapon,37.0,M,B,Cincinnati,OH,False,other,Other,False,-84.605,39.155
1123,18-02-16,shot,undetermined,30.0,M,H,Santa Ana,CA,False,undetermined,Not fleeing,False,-117.854,33.748000000000005
1124,18-02-16,shot,undetermined,35.0,M,H,Santa Ana,CA,False,undetermined,Not fleeing,False,-117.85,33.748000000000005
1125,18-02-16,shot,gun,32.0,M,H,Reno,TX,False,attack,Not fleeing,False,-97.57799999999999,32.944
1126,18-02-16,shot and Tasered,undetermined,25.0,M,W,Commerce,GA,False,other,Not fleeing,False,-83.45,34.199
1127,19-02-16,shot,knife,35.0,M,W,Ogden,UT,True,attack,Not fleeing,False,-111.964,40.266999999999996
1128,19-02-16,shot,gun,31.0,M,W,Elizabethton,TN,False,attack,Not fleeing,False,-82.211,36.349000000000004
1129,20-02-16,shot,gun,30.0,M,H,Anaheim,CA,False,attack,Car,True,-117.95200000000001,33.808
1130,20-02-16,shot,gun,23.0,M,H,Albuquerque,NM,False,attack,Foot,False,-106.72,35.08
1131,20-02-16,shot,gun,41.0,M,B,Lakewood,WA,False,attack,Car,False,-122.559,47.12
1132,20-02-16,shot,gun,45.0,M,W,Iuka,MS,True,attack,Not fleeing,False,-88.19,34.812
1133,21-02-16,shot,undetermined,46.0,M,B,Seattle,WA,False,other,Not fleeing,False,-122.306,47.691
1134,21-02-16,shot,gun,36.0,F,N,Phoenix,AZ,True,attack,Foot,False,-112.10799999999999,33.495
1135,21-02-16,shot,gun,31.0,F,B,Inglewood,CA,False,other,Not fleeing,False,-118.36200000000001,33.961999999999996
1136,21-02-16,shot,undetermined,32.0,M,B,Inglewood,CA,False,other,Not fleeing,False,-118.36200000000001,33.961999999999996
1137,21-02-16,shot,gun,38.0,F,N,Houston,AK,False,attack,Not fleeing,False,-149.778,61.585
1138,22-02-16,shot,gun,33.0,M,H,Denver,CO,False,attack,Other,False,-105.035,39.766
1139,22-02-16,shot,knife,45.0,M,W,Bakersfield,CA,False,attack,Not fleeing,False,-119.008,35.372
1140,22-02-16,shot,,38.0,M,W,Mission,TX,True,other,Car,False,-98.324,26.238000000000003
1141,22-02-16,shot,toy weapon,22.0,M,W,Fairborn,OH,False,other,Not fleeing,False,-84.01100000000001,39.836999999999996
1142,23-02-16,shot,,48.0,M,B,Baton Rouge,LA,True,attack,Not fleeing,False,-91.175,30.436
1143,23-02-16,shot,gun,36.0,M,H,Ripon,CA,False,other,Other,False,-121.14299999999999,37.775999999999996
1144,23-02-16,shot,gun,26.0,M,W,Phoenix,AZ,True,attack,Not fleeing,False,-112.169,33.596
1145,23-02-16,shot and Tasered,machete,39.0,M,H,Houston,TX,True,attack,Not fleeing,False,-95.316,29.713
1146,24-02-16,shot,knife,16.0,M,W,Blue Springs,MO,True,other,Not fleeing,False,-94.288,39.001
1147,24-02-16,shot,gun,58.0,M,W,Bailey,CO,True,attack,Not fleeing,False,-105.475,39.446
1148,24-02-16,shot,,27.0,M,H,Phoenix,AZ,False,other,Car,False,-112.221,33.466
1149,24-02-16,shot,,26.0,M,H,Cerritos,CA,False,attack,Not fleeing,False,-118.1,33.887
1150,24-02-16,shot,unarmed,21.0,M,B,East Troy,WI,False,other,Car,False,-88.385,42.79600000000001
1151,25-02-16,shot,gun,37.0,M,W,Evans,CO,False,attack,Foot,True,-104.696,40.373000000000005
1152,25-02-16,shot,pole,56.0,M,B,Montgomery,AL,False,undetermined,Not fleeing,True,-86.3,32.367
1153,25-02-16,shot,gun,19.0,M,W,Silver Springs,NV,False,attack,Not fleeing,True,-119.225,39.415
1154,25-02-16,shot,gun,38.0,M,B,Hesston,KS,True,attack,Not fleeing,False,-97.425,38.135999999999996
1155,26-02-16,shot,toy weapon,18.0,M,B,Roanoke,VA,True,other,Not fleeing,False,-79.995,37.241
1156,26-02-16,shot,unarmed,35.0,M,W,Rapid Valley,SD,False,attack,Not fleeing,False,-103.156,44.067
1157,27-02-16,shot,gun,23.0,M,H,San Antonio,TX,False,attack,Car,True,-98.70200000000001,29.498
1158,28-02-16,shot,gun,41.0,M,W,Ashville,AL,False,attack,Not fleeing,False,-86.25399999999999,33.836999999999996
1159,28-02-16,shot,gun,44.0,M,W,Rapid City,SD,True,attack,Not fleeing,False,-103.23100000000001,44.081
1160,29-02-16,shot,gun,24.0,M,B,Raleigh,NC,False,attack,Foot,False,-78.633,35.766
1161,01-03-16,shot,gun,39.0,M,H,Palm Bay,FL,True,attack,Not fleeing,False,-80.641,28.028000000000002
1162,01-03-16,shot,gun,22.0,M,H,Euless,TX,True,attack,Not fleeing,False,-97.09100000000001,32.830999999999996
1163,01-03-16,shot,gun,37.0,M,W,Gautier,MS,False,attack,Not fleeing,False,-88.646,30.447
1164,02-03-16,shot,unarmed,36.0,M,W,Bel Air,MD,True,other,Not fleeing,False,-76.333,39.492
1165,02-03-16,shot and Tasered,knife,41.0,M,W,Johnstown,PA,False,other,Not fleeing,False,-78.922,40.327
1166,03-03-16,shot,knife,27.0,M,H,Gilbert,AZ,False,other,Car,False,-111.777,33.33
1167,04-03-16,shot,undetermined,66.0,M,,Sims,AR,False,undetermined,,False,-93.691,34.659
1168,04-03-16,shot,unarmed,30.0,M,W,East Bernstadt,KY,False,undetermined,Not fleeing,False,-84.10799999999999,37.19
1169,05-03-16,shot,gun,34.0,M,W,Cheektowaga,NY,True,attack,Not fleeing,False,-78.715,42.93600000000001
1170,05-03-16,shot,gun,22.0,M,W,Beaumont,TX,True,other,Not fleeing,False,-94.14299999999999,30.059
1171,06-03-16,shot,gun,51.0,M,W,Azle,TX,True,attack,Not fleeing,False,-97.51299999999999,32.864000000000004
1172,06-03-16,shot,unarmed,42.0,M,W,Bismarck,ND,False,other,Foot,False,-100.743,46.809
1173,06-03-16,shot,gun,41.0,M,H,South Gate,CA,False,attack,Other,False,-118.176,33.941
1174,07-03-16,shot,gun,49.0,M,W,Rochester,NY,True,attack,Not fleeing,False,-77.623,43.238
1175,07-03-16,shot,knife,45.0,M,W,San Jose,CA,False,other,Not fleeing,False,-121.87799999999999,37.324
1176,07-03-16,shot,undetermined,45.0,M,W,Topeka,KS,False,undetermined,Not fleeing,False,-95.682,39.055
1177,07-03-16,shot,gun,42.0,M,W,Billings,MT,False,attack,Not fleeing,False,-108.501,45.783
1178,07-03-16,shot,,41.0,M,H,Carlsbad,NM,False,other,Car,False,-104.277,32.422
1179,08-03-16,shot,toy weapon,27.0,M,W,Tampa,FL,True,attack,Not fleeing,False,-82.462,28.084
1180,10-03-16,shot,toy weapon,37.0,M,W,Biloxi,MS,False,other,Not fleeing,False,-88.885,30.396
1181,10-03-16,shot,toy weapon,22.0,M,B,Reno,NV,True,attack,Foot,False,-119.86200000000001,39.678000000000004
1182,10-03-16,shot,gun,21.0,M,H,Long Beach,CA,False,other,Foot,False,-118.20299999999999,33.878
1183,10-03-16,shot,gun,50.0,M,W,Odessa,TX,True,attack,Not fleeing,False,-102.374,31.888
1184,10-03-16,shot,,23.0,M,H,Colorado City,CO,False,attack,Car,False,-104.835,37.945
1185,11-03-16,shot,gun,25.0,M,B,Norfolk,VA,False,attack,Not fleeing,True,-76.244,36.93
1186,11-03-16,shot,gun,51.0,M,W,Rosalia,KS,True,attack,Not fleeing,True,-96.62,37.815
1187,11-03-16,shot,knife,46.0,M,W,Clinton,IL,True,other,Not fleeing,False,-88.956,40.145
1188,11-03-16,shot,gun,23.0,M,H,Newark,CA,False,attack,Foot,False,-122.02799999999999,37.54
1189,12-03-16,shot,gun,43.0,M,W,Greensboro,NC,True,attack,Not fleeing,True,-79.809,36.108000000000004
1190,12-03-16,shot and Tasered,unarmed,37.0,M,B,Houston,TX,False,other,Foot,False,-95.337,29.794
1191,12-03-16,shot and Tasered,Taser,20.0,M,B,Houston,TX,False,attack,Not fleeing,False,-95.488,29.994
1192,13-03-16,shot,,45.0,M,W,Glendale,CA,True,attack,Car,False,-118.24700000000001,34.146
1193,13-03-16,shot,unarmed,16.0,M,H,Addison,TX,False,undetermined,Car,False,-96.85600000000001,32.94
1194,13-03-16,shot,unarmed,30.0,M,W,Lenoir City,TN,False,other,Car,True,-84.256,35.797
1195,13-03-16,shot,gun,26.0,M,W,Piedmont,AL,False,attack,Car,False,-85.611,33.925
1196,13-03-16,shot,gun,24.0,M,B,Chester,PA,False,attack,Not fleeing,False,-75.368,39.845
1197,13-03-16,shot,hammer,38.0,F,W,Vancouver,WA,True,attack,Not fleeing,False,-122.574,45.681999999999995
1198,13-03-16,shot,gun,28.0,M,B,Landover,MD,False,other,Not fleeing,False,-76.875,38.918
1199,14-03-16,shot,gun,29.0,M,B,Chicago,IL,False,attack,Foot,False,-87.71799999999999,41.871
1200,15-03-16,shot,gun,34.0,M,W,Russellville,KY,False,other,Foot,False,-86.891,36.852
1201,15-03-16,shot,knife,38.0,M,W,Evansville,IN,False,other,Car,True,-87.51,37.993
1202,15-03-16,shot,gun,43.0,M,W,Fort Worth,TX,False,other,Other,True,-97.38799999999999,32.73
1203,16-03-16,shot,unarmed,23.0,M,H,Florence,CA,True,other,Not fleeing,False,-118.241,33.981
1204,16-03-16,shot,gun,33.0,M,H,San Antonio,TX,True,attack,Not fleeing,False,-98.484,29.363000000000003
1205,16-03-16,shot,gun,40.0,M,W,Anson County,NC,True,attack,Not fleeing,False,-80.188,34.905
1206,17-03-16,shot,gun,38.0,M,A,Burnsville,MN,True,other,Not fleeing,True,-93.318,44.776
1207,17-03-16,shot,gun,53.0,M,A,Tampa,FL,False,attack,Not fleeing,False,-82.499,27.889
1208,17-03-16,shot,gun,29.0,M,B,Houston,TX,False,attack,,False,-95.42399999999999,29.99
1209,17-03-16,shot,gun,30.0,M,B,Houston,TX,False,attack,Not fleeing,False,-95.42399999999999,29.99
1210,18-03-16,shot,gun,49.0,M,,Byron,CA,True,attack,Not fleeing,False,-121.66,37.882
1211,18-03-16,shot,gun,60.0,M,W,Idaho Falls,ID,False,other,Not fleeing,False,-112.155,43.503
1212,19-03-16,shot,toy weapon,25.0,F,B,Norfolk,VA,False,attack,Not fleeing,False,-76.191,36.927
1213,19-03-16,shot,undetermined,24.0,M,W,Covington,LA,False,undetermined,Car,False,-90.06,30.426
1214,19-03-16,shot,gun,21.0,M,B,Chicago,IL,False,attack,Foot,False,-87.79299999999999,41.992
1215,19-03-16,shot,gun,23.0,M,W,White Plains,KY,False,attack,Other,False,-87.40799999999999,37.145
1216,20-03-16,shot,knife,61.0,M,W,Hopewell,VA,True,other,Not fleeing,True,-77.289,37.291
1217,20-03-16,shot,gun,54.0,M,W,Fort Littleton,PA,False,attack,Other,False,-77.968,40.071
1218,20-03-16,shot,gun,62.0,M,H,Fort Wayne,IN,False,attack,Foot,False,-85.133,41.05
1219,20-03-16,shot,toy weapon,16.0,M,B,Gainesville,FL,True,other,Not fleeing,False,-82.405,29.641
1220,21-03-16,shot,toy weapon,25.0,M,W,Stamford,CT,True,attack,Not fleeing,False,-73.528,41.114
1221,21-03-16,shot,gun,28.0,M,W,South Greensburg,PA,True,attack,Car,False,-79.547,40.279
1222,21-03-16,shot and Tasered,knife,76.0,M,W,Burlington,VT,True,other,Not fleeing,True,-73.21600000000001,44.477
1223,22-03-16,shot,pick-axe,25.0,M,H,Miami,FL,True,other,Not fleeing,False,-80.422,25.596999999999998
1224,22-03-16,shot,,33.0,M,W,Fredericksburg,VA,False,attack,Other,True,-77.48100000000001,38.281
1225,23-03-16,shot,gun,51.0,M,W,Thornton,CO,False,attack,Not fleeing,False,-104.984,39.789
1226,23-03-16,shot,gun,34.0,M,H,Fresno,CA,False,attack,Foot,True,-119.791,36.77
1227,23-03-16,shot,gun,30.0,M,B,Raleigh,TN,True,attack,Not fleeing,False,-89.95,35.228
1228,24-03-16,shot,knife,44.0,M,W,Braintree,MA,False,other,Foot,False,-71.033,42.272
1229,24-03-16,shot,toy weapon,24.0,M,B,Pawtucket,RI,False,attack,Foot,False,-71.369,41.891000000000005
1230,24-03-16,shot,gun,29.0,M,W,Redlands,CA,False,attack,Not fleeing,False,-117.17399999999999,34.06
1231,24-03-16,shot,gun and knife,48.0,M,H,Pueblo,CO,False,other,Not fleeing,True,-104.564,38.275
1232,24-03-16,shot,gun,19.0,M,H,Pueblo of Laguna,NM,False,attack,Not fleeing,True,-106.617,35.086
1233,24-03-16,shot,gun,22.0,M,B,Blue Springs,MO,False,attack,Not fleeing,False,-94.272,39.037
1234,26-03-16,shot,meat cleaver,39.0,M,H,Lowell,MA,True,other,Not fleeing,False,-71.317,42.632
1235,26-03-16,shot,gun,36.0,M,W,Grundy,VA,True,other,Not fleeing,False,-82.09899999999999,37.278
1236,26-03-16,shot,gun,55.0,M,W,Myrtle Beach,SC,False,attack,Not fleeing,True,-78.882,33.711
1237,26-03-16,shot,gun,46.0,M,W,Tampa,FL,True,attack,Not fleeing,False,-82.426,28.054000000000002
1238,27-03-16,shot,knife,34.0,M,W,Lee's Summit,MO,True,other,Not fleeing,False,-94.385,38.989000000000004
1239,27-03-16,shot,scissors,27.0,F,N,Winslow,AZ,True,other,Not fleeing,True,-110.697,35.024
1240,27-03-16,shot,gun,33.0,M,W,Roswell,NM,True,attack,Not fleeing,True,-104.554,33.385
1241,27-03-16,shot,gun,18.0,M,B,Kinston,NC,False,other,Not fleeing,False,-77.634,35.330999999999996
1242,27-03-16,shot,gun,33.0,M,W,Splendora,TX,True,attack,Not fleeing,False,-95.161,30.233
1243,29-03-16,shot,gun,51.0,M,W,Piedmont,SC,True,attack,Not fleeing,False,-82.414,34.783
1244,29-03-16,shot,gun,50.0,F,W,Aitkin,MN,True,attack,Not fleeing,False,-93.71,46.533
1245,29-03-16,shot and Tasered,flashlight,46.0,M,W,Clearlake Park,CA,False,attack,Not fleeing,True,-122.655,38.976
1246,30-03-16,shot,gun,33.0,M,W,Los Angeles,CA,False,attack,Foot,False,-118.139,34.015
1247,30-03-16,shot,gun,25.0,M,H,Glendale,AZ,False,undetermined,Not fleeing,False,-112.225,33.523
1248,30-03-16,shot,gun,52.0,M,W,Jackson,GA,False,attack,Not fleeing,False,-83.963,33.282
1249,31-03-16,shot,gun,18.0,M,B,Baltimore,MD,False,attack,Not fleeing,False,-76.61,39.309
1250,31-03-16,shot,gun,43.0,M,B,Baltimore,MD,False,attack,Not fleeing,False,-76.61,39.309
1251,31-03-16,shot,gun,34.0,M,B,Richmond,VA,False,attack,Not fleeing,False,-77.411,37.534
1252,31-03-16,shot,gun,31.0,M,B,Las Vegas,NV,False,attack,Foot,True,-115.296,36.328
1253,01-04-16,shot,shovel,65.0,M,H,Lockhart,TX,True,undetermined,Not fleeing,False,-97.669,29.873
1254,01-04-16,shot,gun,37.0,M,H,Odessa,TX,False,attack,Not fleeing,False,-102.32799999999999,31.865
1255,02-04-16,shot,gun,30.0,M,B,Indianapolis,IN,False,attack,Not fleeing,False,-86.235,39.824
1256,03-04-16,shot,unknown weapon,36.0,F,W,Macon County,AL,True,other,Not fleeing,True,-85.685,32.373000000000005
1257,03-04-16,shot,gun,25.0,M,W,Austin,TX,False,attack,Foot,False,-97.751,30.27
1258,03-04-16,shot,Taser,69.0,M,W,Eau Claire,WI,False,attack,Not fleeing,False,-91.546,44.824
1259,03-04-16,shot,unarmed,48.0,M,W,Raceland,LA,False,undetermined,,False,-90.62,29.736
1260,04-04-16,shot,knife,50.0,M,H,Minneapolis,MN,True,attack,Not fleeing,False,-93.244,44.961999999999996
1261,05-04-16,shot,knife,52.0,M,W,West Springfield,MA,True,other,Not fleeing,False,-72.627,42.133
1262,05-04-16,shot,unarmed,44.0,M,B,Indianapolis,IN,False,attack,Not fleeing,True,-86.117,39.797
1263,06-04-16,shot,ax,60.0,M,W,Oak Hill,OH,False,other,Not fleeing,False,-82.67,38.876999999999995
1264,06-04-16,shot,ax,40.0,F,B,Gallatin,TN,False,attack,Not fleeing,True,-86.436,36.37
1265,06-04-16,shot and Tasered,knife,20.0,M,H,Sylmar,CA,True,attack,Not fleeing,False,-118.45299999999999,34.308
1266,07-04-16,shot,knife,45.0,M,H,San Francisco,CA,False,other,Not fleeing,False,-122.416,37.762
1267,07-04-16,shot,,44.0,M,W,Omaha,NE,False,attack,Not fleeing,False,-95.96,41.211999999999996
1268,08-04-16,shot,knife,40.0,M,B,Sacramento,CA,True,other,Foot,False,-121.44,38.482
1269,08-04-16,shot,hatchet,25.0,F,W,Lake Hallie,WI,True,other,Not fleeing,False,-91.441,44.876000000000005
1270,08-04-16,shot,knife,43.0,M,B,Kentwood,MI,False,other,Not fleeing,True,-85.60700000000001,42.897
1271,09-04-16,shot,gun,27.0,M,B,New Brunswick,NJ,False,attack,Foot,False,-74.468,40.486999999999995
1272,09-04-16,shot,gun,19.0,M,B,Philadelphia,PA,False,attack,Foot,False,-75.143,40.04
1273,10-04-16,shot,gun,39.0,M,W,Modesto,CA,False,other,Car,False,-120.962,37.649
1274,10-04-16,shot,knife,30.0,M,W,Rotterdam,NY,True,attack,Not fleeing,False,-73.936,42.776
1275,10-04-16,shot,knife,28.0,M,H,Los Angeles,CA,False,attack,Not fleeing,False,-118.226,34.049
1276,11-04-16,shot,gun,22.0,M,H,Las Vegas,NV,False,attack,Not fleeing,False,-115.154,36.148
1277,11-04-16,shot,gun,16.0,M,B,Chicago,IL,False,attack,Foot,False,-87.711,41.867
1278,12-04-16,shot,unarmed,40.0,M,W,Denver,CO,False,other,Car,False,-104.99,39.736999999999995
1279,12-04-16,shot,gun,38.0,M,H,Benton,IL,False,attack,Car,False,-88.935,37.957
1280,12-04-16,shot,,20.0,M,W,Noma,FL,False,other,Car,True,-85.80799999999999,30.874000000000002
1281,13-04-16,shot,undetermined,35.0,M,B,Stockton,CA,False,attack,Not fleeing,False,-121.295,38.024
1282,13-04-16,shot,gun,52.0,M,W,Llano,TX,False,attack,Not fleeing,False,-98.639,30.718000000000004
1283,13-04-16,shot,gun,26.0,M,W,Sparta,TN,False,attack,Car,False,-85.493,36.035
1284,14-04-16,shot and Tasered,unarmed,54.0,M,W,McPherson,KS,True,attack,Not fleeing,False,-97.574,38.376999999999995
1285,15-04-16,shot,baseball bat,38.0,M,H,Lake Elsinore,CA,False,other,Not fleeing,False,-117.333,33.669000000000004
1286,15-04-16,shot,gun,52.0,M,W,Cache,OK,True,attack,Not fleeing,False,-98.603,34.604
1287,15-04-16,shot,undetermined,26.0,M,W,Muncie,IN,False,attack,Foot,True,-85.339,40.193000000000005
1288,16-04-16,shot,gun,53.0,M,W,Antioch,IL,False,attack,Not fleeing,False,-88.14399999999999,42.473
1289,17-04-16,shot,gun,35.0,F,B,Dayton,OH,False,other,Car,False,-84.243,39.742
1290,17-04-16,shot,unarmed,22.0,M,W,El Paso,TX,True,other,Not fleeing,False,-106.554,31.872
1291,17-04-16,shot,gun,31.0,M,B,Vineland,NJ,False,attack,Foot,False,-75.02199999999999,39.481
1292,17-04-16,shot,gun,32.0,M,B,New York,NY,False,attack,Foot,False,-73.805,40.679
1293,17-04-16,shot,,37.0,M,B,Troy,NY,False,attack,Car,False,-73.683,42.74
1294,18-04-16,shot,gun,28.0,M,B,Greenbelt,MD,False,attack,Not fleeing,False,-76.90100000000001,39.004
1295,18-04-16,shot,gun,18.0,M,B,Mableton,GA,False,attack,Not fleeing,False,-84.564,33.798
1296,19-04-16,shot,gun,41.0,M,A,Charlotte,NC,True,attack,Not fleeing,False,-80.936,35.246
1297,19-04-16,shot,gun,15.0,M,B,St. Louis,MO,False,attack,Other,False,-90.219,38.654
1298,19-04-16,shot,gun,38.0,M,W,Brooksville,AL,False,attack,Car,False,-86.84899999999999,34.172
1299,20-04-16,shot,gun,41.0,M,W,Homestead,FL,False,attack,Not fleeing,False,-80.484,25.493000000000002
1300,20-04-16,shot,unknown weapon,52.0,M,W,Perryville,AR,False,other,Not fleeing,False,-92.795,35.016999999999996
1301,21-04-16,shot,knife,48.0,M,H,Everett,MA,False,other,Not fleeing,False,-71.042,42.403
1302,22-04-16,shot,knife,29.0,M,W,Austin,TX,True,attack,Not fleeing,False,-97.837,30.221
1303,22-04-16,shot,knife,51.0,M,W,Berne,NY,True,attack,Not fleeing,False,-74.183,42.589
1304,23-04-16,shot,,21.0,M,B,Fort Pierce,FL,False,attack,Car,False,-80.344,27.456999999999997
1305,23-04-16,shot,gun,24.0,M,W,Chandler,AZ,True,attack,Not fleeing,False,-111.84100000000001,33.254
1306,23-04-16,shot,gun,18.0,M,W,Antigo,WI,False,attack,Not fleeing,False,-89.152,45.14
1307,23-04-16,shot,gun,30.0,M,W,Norfolk,VA,True,attack,Not fleeing,False,-76.278,36.86
1308,23-04-16,shot and Tasered,,33.0,M,B,Fayetteville,AR,False,other,Car,True,-94.15299999999999,36.098
1309,25-04-16,shot,gun,60.0,F,W,East Flat Rock,NC,True,attack,Not fleeing,False,-82.41799999999999,35.285
1310,26-04-16,shot,gun,28.0,M,W,Lakewood,CO,False,attack,Foot,False,-105.08200000000001,39.724000000000004
1311,26-04-16,shot,gun,26.0,M,B,Chesapeake,VA,True,attack,Not fleeing,True,-76.233,36.817
1312,26-04-16,shot,gun,24.0,F,W,Albuquerque,NM,True,attack,Car,False,-106.527,35.146
1313,26-04-16,shot,gun,44.0,M,W,Kingsbury,TX,False,other,Other,False,-97.823,29.649
1314,27-04-16,shot,machete,34.0,M,A,Atlanta,GA,False,other,Not fleeing,False,-84.26799999999999,33.854
1315,27-04-16,shot,gun,21.0,M,W,Westminster,CO,False,attack,Not fleeing,False,-105.044,39.829
1316,27-04-16,shot,gun,36.0,M,W,Milcreek,UT,False,attack,Not fleeing,False,-111.87200000000001,40.678000000000004
1317,28-04-16,shot,knife,37.0,M,B,Miami,FL,False,attack,Not fleeing,False,-80.206,25.776
1318,28-04-16,shot,gun,53.0,M,W,Boise,ID,True,attack,Not fleeing,True,-116.316,43.553000000000004
1319,28-04-16,shot,,24.0,M,B,Houston,TX,False,other,Car,False,-95.186,29.843000000000004
1320,28-04-16,shot and Tasered,knife,45.0,M,W,Spokane,WA,True,other,Not fleeing,True,-117.412,47.656000000000006
1321,29-04-16,shot,,48.0,M,W,Jackson,MO,False,attack,Car,False,-90.185,32.299
1322,30-04-16,shot,knife,42.0,M,W,Wausau,WI,False,other,Not fleeing,False,-89.62,44.979
1323,30-04-16,shot,knife,33.0,M,W,Spanish Fork,UT,False,other,Foot,False,-111.655,40.115
1324,30-04-16,shot,,55.0,M,W,Florence,AZ,False,attack,Car,False,-111.387,33.031
1325,30-04-16,shot,knife,28.0,M,A,Los Angeles,CA,False,other,Not fleeing,True,-118.47200000000001,34.228
1326,01-05-16,shot,toy weapon,25.0,M,B,Orlando,FL,False,attack,Not fleeing,False,-81.402,28.535999999999998
1327,01-05-16,shot,gun,28.0,M,W,Alamo,TN,True,other,Not fleeing,False,-89.12799999999999,35.851
1328,02-05-16,shot,gun,52.0,M,B,Greenville,SC,False,attack,Not fleeing,False,-82.336,34.902
1329,03-05-16,shot,knife,59.0,M,W,Visalia,CA,False,other,Not fleeing,False,-119.264,36.343
1330,04-05-16,shot,,52.0,M,W,Philadelphia,PA,False,other,Not fleeing,False,-75.25,39.988
1331,04-05-16,shot,gun,39.0,M,W,Burien,WA,False,attack,Car,False,-122.361,47.494
1332,04-05-16,shot,knife,18.0,M,,Temecula,CA,False,other,Not fleeing,False,-117.09,33.478
1333,04-05-16,shot,undetermined,40.0,M,W,Buffalo,MO,False,attack,Not fleeing,False,-78.876,42.928000000000004
1334,05-05-16,shot,,36.0,M,W,Gretna,LA,False,attack,Car,False,-90.05,29.914
1335,05-05-16,shot,gun,38.0,M,B,Milwaukee,WI,False,attack,Foot,True,-88.006,43.13399999999999
1336,05-05-16,shot,gun,26.0,F,B,Orlando,FL,False,attack,Not fleeing,False,-81.442,28.551
1337,06-05-16,shot,gun,,M,B,Weirton,WV,True,other,Not fleeing,False,-80.53699999999999,40.41
1338,07-05-16,shot,gun,29.0,M,W,Lake Stevens,WA,True,other,Not fleeing,False,-122.065,48.048
1339,07-05-16,shot,gun,37.0,M,B,St. Petersburg,FL,False,attack,Other,False,-82.663,27.75
1340,07-05-16,shot and Tasered,knife,29.0,M,O,Presque Isle,ME,False,other,Not fleeing,False,-68.014,46.68600000000001
1341,08-05-16,shot,toy weapon,21.0,M,B,Long Beach,CA,False,other,Not fleeing,False,-118.191,33.795
1342,09-05-16,shot,gun,33.0,M,B,St. Paul,MN,False,attack,Not fleeing,False,-93.096,44.964
1343,09-05-16,shot,unarmed,23.0,M,W,St. Martin,MS,False,attack,Not fleeing,False,-88.844,30.458000000000002
1344,09-05-16,shot,gun,26.0,M,W,Chicago,IL,False,other,Foot,False,-87.726,41.803999999999995
1345,09-05-16,shot,gun,59.0,M,,Hog Valley,FL,False,attack,Not fleeing,False,-81.516,27.665
1346,09-05-16,shot,gun,29.0,M,W,Nacogdoches,TX,True,attack,Other,False,-94.64,31.622
1347,09-05-16,shot,toy weapon,33.0,M,B,El Paso,TX,False,other,Not fleeing,False,-106.41799999999999,31.929000000000002
1348,10-05-16,shot,knife,28.0,M,B,Taunton,MA,True,attack,Not fleeing,False,-71.051,41.863
1349,11-05-16,shot,gun,35.0,M,W,Aurora,CO,False,attack,Car,False,-104.725,39.719
1350,11-05-16,shot,,33.0,M,A,San Diego,CA,False,other,Car,True,-117.056,32.705
1351,11-05-16,shot,gun,24.0,M,B,Greeley,CO,False,attack,Car,False,-104.691,40.385
1352,11-05-16,shot,gun,,M,W,Byng,OK,True,attack,Car,False,-96.666,34.861
1353,13-05-16,shot,gun,28.0,M,H,Boyle Heights,CA,False,attack,Not fleeing,True,-118.20200000000001,34.025999999999996
1354,14-05-16,shot,knife,19.0,M,W,Jacksonsville,FL,True,other,Not fleeing,False,-81.653,30.331
1355,14-05-16,shot,gun,43.0,M,N,Phoenix,AZ,False,attack,Not fleeing,True,-112.139,33.466
1356,14-05-16,shot,gun,59.0,M,W,Osteen,FL,False,attack,Not fleeing,False,-81.134,28.9
1357,14-05-16,shot and Tasered,gun,34.0,M,W,Stockbridge,GA,True,other,Not fleeing,False,-84.191,33.591
1358,15-05-16,shot,gun,35.0,M,W,Shawnee National Forest,IL,False,attack,Foot,False,-88.4,37.547
1359,16-05-16,shot,gun,23.0,M,B,Riverdale,GA,False,attack,Foot,False,-84.449,33.58
1360,17-05-16,shot,ax,36.0,M,W,Siskiyou County,CA,True,other,Not fleeing,False,-121.48,41.961000000000006
1361,18-05-16,shot,knife,46.0,M,W,New York,NY,True,other,Not fleeing,False,-73.987,40.762
1362,18-05-16,shot,gun,44.0,M,W,Sullivan,MO,False,attack,Other,False,-91.181,38.199
1363,18-05-16,shot,gun,20.0,M,H,Phoenix,AZ,False,attack,Not fleeing,False,-111.978,33.378
1364,19-05-16,shot,unarmed,30.0,M,H,Las Vegas,NV,False,attack,Not fleeing,False,-115.124,36.199
1365,19-05-16,shot,unarmed,29.0,F,B,San Francisco,CA,False,other,Car,False,-122.431,37.732
1366,19-05-16,shot,knife,35.0,M,H,Citrus Heights,CA,False,other,Not fleeing,True,-121.27600000000001,38.674
1367,19-05-16,shot,gun,36.0,M,W,Fisty,KY,False,attack,Not fleeing,False,-83.101,37.335
1368,19-05-16,shot,gun,22.0,M,B,Miami,FL,False,other,Not fleeing,False,-80.23,25.844
1369,20-05-16,shot,knife,31.0,M,B,Omaha,NE,False,other,Foot,True,-96.17299999999999,41.292
1370,21-05-16,shot,gun,63.0,M,W,Chesterfield County,SC,False,attack,Not fleeing,False,,
1371,21-05-16,shot,unarmed,38.0,M,W,Oregon City,OR,True,attack,Not fleeing,False,-122.615,45.351000000000006
1372,21-05-16,shot,gun,31.0,M,N,Flagstaff,AZ,True,attack,Not fleeing,True,,
1373,22-05-16,shot,unarmed,27.0,M,B,Hallandale Beach,FL,False,other,Car,True,-80.125,25.980999999999998
1374,22-05-16,shot,gun,35.0,M,H,Oxford,MA,False,attack,Not fleeing,False,,
1375,22-05-16,shot,unarmed,22.0,M,B,Jacksonville,FL,False,other,Car,False,-81.85300000000001,30.234
1376,22-05-16,shot,gun,28.0,M,W,Boulder,CO,True,attack,Not fleeing,False,-105.28200000000001,40.027
1377,23-05-16,shot,gun,26.0,M,N,Flagstaff,AZ,False,attack,Foot,True,-111.655,35.198
1378,24-05-16,shot,knife,22.0,M,W,Gresham,OR,False,other,Not fleeing,False,-122.469,45.507
1379,24-05-16,shot,Taser,57.0,M,,Harrisonville,MO,False,other,Car,False,-94.36200000000001,38.646
1380,24-05-16,shot,gun,31.0,M,H,Albuquerque,NM,False,attack,Not fleeing,False,-106.51,35.069
1381,25-05-16,shot,knife,43.0,M,W,Oklahoma City,OK,True,other,Not fleeing,False,-97.53,35.466
1382,25-05-16,shot,,24.0,M,B,Miami Gardens,FL,False,other,Car,False,-80.241,25.934
1383,26-05-16,shot,gun,29.0,M,W,St. Paul,MN,False,attack,Not fleeing,False,-93.012,44.963
1384,26-05-16,shot,gun,43.0,M,W,Lansing,IL,False,attack,Foot,False,-87.559,41.586000000000006
1385,26-05-16,shot,gun,,M,,San Antonio,TX,False,other,Not fleeing,False,-98.65,29.418000000000003
1386,26-05-16,shot,undetermined,21.0,M,B,Washington Park,IL,False,undetermined,Foot,False,-90.09700000000001,38.632
1387,26-05-16,shot,gun,19.0,M,H,Solvang,CA,False,attack,Car,False,,
1388,26-05-16,shot,knife,48.0,F,W,Sneads,FL,False,other,Not fleeing,False,-84.941,30.708000000000002
1389,26-05-16,shot,gun,25.0,M,H,Socorro,NM,False,attack,Car,False,-106.89200000000001,34.058
1390,27-05-16,shot,gun,59.0,M,W,Indianapolis,IN,False,attack,Not fleeing,False,-86.16,39.727
1391,28-05-16,shot,gun,50.0,M,B,Eastaboga,AL,False,attack,Not fleeing,False,-86.01899999999999,33.607
1392,28-05-16,shot,gun,58.0,M,W,Albuquerque,NM,False,attack,Not fleeing,True,-106.601,35.128
1393,29-05-16,shot,gun,25.0,M,H,Houston,TX,True,attack,Not fleeing,False,-95.573,29.774
1394,29-05-16,shot,knife,32.0,M,W,Deland,FL,False,other,Not fleeing,False,-81.3,28.978
1395,29-05-16,shot,gun,53.0,M,W,Clinton,NC,False,attack,Not fleeing,True,-78.32300000000001,34.998000000000005
1396,29-05-16,shot and Tasered,unarmed,38.0,M,W,Stoneville,NC,False,other,Car,False,-79.907,36.467
1397,30-05-16,shot,gun,70.0,M,W,Tualatin,OR,False,attack,Not fleeing,False,-122.77600000000001,45.388999999999996
1398,30-05-16,shot,gun,33.0,M,B,Tucson,AZ,False,attack,Not fleeing,False,-110.90100000000001,32.24
1399,31-05-16,shot,knife,36.0,M,W,Bend,OR,False,other,Not fleeing,False,-121.34200000000001,43.968
1400,01-06-16,shot,gun,,M,,Phoenix,AZ,False,attack,Not fleeing,False,-112.221,33.466
1401,01-06-16,shot,gun,21.0,M,B,Newnan,GA,False,attack,Foot,True,,
1402,01-06-16,shot,gun,51.0,M,W,Berea,KY,False,attack,Foot,False,-84.20100000000001,37.604
1403,02-06-16,shot,knife,43.0,M,B,Norfolk,VA,True,other,Not fleeing,True,-76.282,36.848
1404,02-06-16,shot,gun,18.0,M,B,Charlotte,NC,False,other,Not fleeing,True,-80.757,35.291
1405,03-06-16,shot,knife,33.0,M,W,Wasilla,AK,False,other,Not fleeing,False,-149.439,61.581
1406,03-06-16,shot,knife,34.0,M,N,Parker,AZ,False,other,Not fleeing,False,-112.139,33.863
1407,04-06-16,shot,undetermined,31.0,M,W,Yreka,CA,False,attack,Not fleeing,False,-122.634,41.735
1408,04-06-16,shot,gun,35.0,M,B,Eufaula,AL,False,attack,Other,True,,
1409,04-06-16,shot,knife,31.0,M,W,Muncie,IN,True,other,Not fleeing,True,-85.40100000000001,40.173
1410,05-06-16,shot,gun,31.0,M,W,Cape Coral,FL,False,other,Car,False,-81.991,26.555999999999997
1411,06-06-16,shot,gun,23.0,M,B,Columbus,OH,False,attack,Not fleeing,False,-82.977,40.009
1412,06-06-16,shot,knife,25.0,M,O,Hilo,HI,False,other,Not fleeing,False,-155.066,19.685
1413,07-06-16,shot,unarmed,25.0,M,W,Wagoner,OK,False,other,Car,True,-95.384,35.946999999999996
1414,07-06-16,shot,vehicle,21.0,M,H,Turlock,CA,False,other,Not fleeing,False,-120.874,37.493
1415,07-06-16,shot,gun,49.0,M,B,Norman,VA,False,other,Not fleeing,False,-78.657,37.431999999999995
1416,07-06-16,shot,gun,63.0,M,W,Stockbridge,GA,False,attack,Not fleeing,False,-84.19,33.593
1417,08-06-16,shot,gun,43.0,M,H,Kansas City,MO,False,attack,Not fleeing,False,-94.54799999999999,39.062
1418,09-06-16,shot,gun,34.0,M,W,Birmingham,AL,False,attack,Car,False,-86.788,33.515
1419,09-06-16,shot,gun,38.0,M,W,York,PA,False,attack,,False,-76.708,39.972
1420,09-06-16,shot,gun,52.0,M,B,Port Arthur,TX,False,other,Foot,False,-93.986,29.955
1421,09-06-16,shot,gun,68.0,M,W,Ishpeming Township,MI,True,attack,Not fleeing,True,-87.68799999999999,46.608999999999995
1422,09-06-16,shot,baton,,M,,Somerton,AZ,False,attack,Not fleeing,False,,
1423,10-06-16,shot,baseball bat,29.0,M,W,Iredell County,NC,False,other,Not fleeing,False,-80.935,35.966
1424,10-06-16,shot,gun,32.0,M,H,Pueblo,CO,False,attack,Foot,False,-104.645,38.295
1425,10-06-16,shot,gun,50.0,M,H,Yakima,WA,False,attack,Not fleeing,True,-120.59899999999999,46.567
1426,10-06-16,shot,gun,31.0,M,B,Los Angeles,CA,False,attack,Not fleeing,False,-118.333,33.989000000000004
1427,11-06-16,shot,gun,27.0,M,B,Tupelo,MS,False,attack,Car,False,-88.73700000000001,34.251999999999995
1428,11-06-16,shot,spear,31.0,M,H,Maywood,CA,False,other,Not fleeing,False,-118.193,33.994
1429,12-06-16,shot,gun,29.0,M,O,Orlando,FL,True,attack,Not fleeing,True,-81.377,28.52
1430,12-06-16,shot,knife,23.0,M,W,Eagle Mountain,UT,True,other,Not fleeing,False,-112.001,40.314
1431,12-06-16,shot,gun,61.0,M,B,Hiseville,KY,False,attack,Car,False,-85.821,37.095
1432,13-06-16,shot,gun,33.0,M,W,Schenectady,NY,False,attack,Not fleeing,False,-73.954,42.802
1433,13-06-16,shot,gun,18.0,M,B,Mobile,AL,False,other,Not fleeing,False,-88.096,30.706
1434,13-06-16,shot,gun,80.0,M,H,Tiverton,RI,False,attack,Car,False,-71.199,41.656000000000006
1435,13-06-16,shot,undetermined,43.0,M,W,Vancouver,WA,False,undetermined,Car,False,-122.661,45.638999999999996
1436,14-06-16,shot,,50.0,M,H,Boise,ID,False,other,Car,True,-116.289,43.647
1437,14-06-16,shot,gun,47.0,M,W,Odessa,MO,False,attack,Not fleeing,False,-93.954,38.999
1438,14-06-16,shot,gun,54.0,M,O,Amarillo,TX,False,attack,Not fleeing,False,-101.863,35.17
1439,14-06-16,shot,undetermined,22.0,M,H,Chula Vista,CA,False,attack,Not fleeing,False,-116.961,32.662
1440,15-06-16,shot,,43.0,M,W,Tulsa,OK,False,attack,Car,False,-95.93299999999999,36.177
1441,15-06-16,shot,gun,38.0,M,W,Pembine,WI,True,attack,Car,False,,
1442,16-06-16,shot,gun,36.0,M,W,Butte,MT,False,attack,Not fleeing,True,-112.546,46.007
1443,16-06-16,shot,,30.0,M,H,Westminster,CO,False,attack,Car,False,-105.054,39.852
1444,16-06-16,shot,gun,59.0,M,W,Montpelier,OH,True,other,Not fleeing,False,-84.689,41.64
1445,16-06-16,shot,gun,21.0,M,H,Albuquerque,NM,False,attack,Car,False,,
1446,18-06-16,shot,toy weapon,34.0,M,W,Huntsville,AL,False,attack,Not fleeing,True,-86.62700000000001,34.736
1447,18-06-16,shot,,17.0,M,W,Carmichael,CA,False,other,Car,False,-121.333,38.634
1448,18-06-16,shot,unarmed,37.0,M,B,Tupelo,MS,False,attack,Foot,False,-88.72,34.245
1449,19-06-16,shot,gun,25.0,M,B,New York,NY,False,attack,Not fleeing,False,-73.866,40.817
1450,19-06-16,shot,gun,30.0,M,,Fort Walton Beach,FL,False,other,Not fleeing,False,-86.625,30.421
1451,20-06-16,shot,gun,23.0,M,B,Hardeeville,SC,False,attack,Not fleeing,False,-81.082,32.283
1452,20-06-16,shot and Tasered,knife,20.0,M,W,Lake Havasu City,AZ,False,other,Not fleeing,True,-114.324,34.494
1453,21-06-16,shot,toy weapon,19.0,M,W,Peterborough,NH,True,attack,Car,False,-71.917,42.922
1454,21-06-16,shot,gun,50.0,M,W,Casper,WY,True,attack,Not fleeing,False,-106.305,42.85
1455,21-06-16,shot,chair,24.0,M,H,Lawndale,NC,True,attack,Not fleeing,False,-81.473,35.429
1456,22-06-16,shot,gun,25.0,M,W,Colorado Springs,CO,False,attack,Not fleeing,False,-104.76700000000001,38.795
1457,22-06-16,shot,,20.0,M,B,Birmingham,AL,False,attack,Car,False,-86.721,33.534
1458,22-06-16,shot,knife,37.0,M,W,Wellington,FL,False,other,Not fleeing,False,-80.265,26.663
1459,22-06-16,shot,gun,44.0,M,B,Walls,MS,False,attack,Foot,False,-90.096,34.961999999999996
1460,22-06-16,shot,unarmed,22.0,M,B,Atlanta,GA,False,undetermined,Other,False,-84.37,33.811
1461,22-06-16,shot,gun,31.0,M,W,Bellville,TX,False,attack,Not fleeing,True,-96.198,29.916999999999998
1462,23-06-16,shot,gun,25.0,M,B,Wauwatosa,WI,False,other,Not fleeing,True,-88.038,43.101000000000006
1463,23-06-16,shot,gun,,M,B,Belleville,IL,False,attack,Foot,False,-90.008,38.547
1464,23-06-16,shot,gun,29.0,M,,Hanover,NM,False,undetermined,Not fleeing,False,-108.064,32.873000000000005
1465,24-06-16,shot,gun,36.0,M,B,Paterson,NJ,False,attack,Not fleeing,False,-74.164,40.911
1466,24-06-16,shot,gun,50.0,M,W,Farmington,AR,False,attack,Not fleeing,False,-94.235,36.041
1467,24-06-16,shot,gun,42.0,F,W,Fulshear,TX,True,attack,Not fleeing,False,-95.9,29.693
1468,24-06-16,shot,gun,42.0,M,H,Oklahoma City,OK,True,other,Other,False,-97.493,35.338
1469,24-06-16,shot,gun,26.0,M,H,Riverview,FL,False,attack,Not fleeing,False,-82.34700000000001,27.888
1470,25-06-16,shot,unarmed,19.0,M,W,Fresno,CA,True,other,Car,True,-119.67299999999999,36.779
1471,25-06-16,shot,gun,59.0,M,W,Pinellas Park,FL,False,attack,Not fleeing,False,-82.71,27.86
1472,25-06-16,shot,gun,,M,,Buckeye,AZ,False,attack,Not fleeing,True,-112.56200000000001,33.428000000000004
1473,25-06-16,shot and Tasered,unarmed,36.0,M,H,Gainesville,GA,False,attack,Other,False,,
1474,26-06-16,shot,baseball bat,51.0,M,W,Columbia Township,MI,True,attack,Not fleeing,False,-84.32600000000001,42.148
1475,26-06-16,shot,knife,27.0,M,H,Thomaston,CT,False,other,Not fleeing,False,-73.084,41.693000000000005
1476,26-06-16,shot,gun,22.0,M,B,Lincoln,NE,False,attack,Foot,False,,
1477,26-06-16,shot,gun,30.0,M,B,Dolton,IL,False,attack,Not fleeing,False,-87.581,41.622
1478,27-06-16,shot,toy weapon,28.0,M,W,Boone,IA,True,attack,Not fleeing,False,-93.896,42.058
1479,27-06-16,shot,toy weapon,63.0,M,B,Washington,DC,True,attack,Not fleeing,True,-77.006,38.943000000000005
1480,27-06-16,shot,gun,32.0,M,W,Cochran,GA,False,attack,Not fleeing,False,-83.316,32.334
1481,27-06-16,shot,gun,26.0,M,W,Laguna Pueblo,NM,False,attack,Not fleeing,False,-107.38799999999999,35.034
1482,27-06-16,shot,toy weapon,25.0,M,W,Frederica,DE,False,other,Car,False,-75.46600000000001,39.009
1483,28-06-16,shot,knife,27.0,M,A,Long Beach,CA,False,other,Foot,False,-117.78299999999999,33.542
1484,28-06-16,shot,knife,61.0,M,A,Honolulu,HI,False,attack,Not fleeing,False,-157.842,21.303
1485,29-06-16,shot,undetermined,30.0,M,W,Barbourville,KY,False,attack,Not fleeing,False,-83.889,36.866
1486,29-06-16,shot,gun,,M,B,Ouachita Parish,LA,False,attack,Not fleeing,False,-92.09899999999999,32.446
1487,29-06-16,shot,gun,37.0,M,B,Fort Madison,IA,False,attack,Foot,False,-91.37200000000001,40.626
1488,29-06-16,shot,pitchfork,41.0,M,W,Madison,WI,True,other,Not fleeing,False,-89.35600000000001,43.071000000000005
1489,30-06-16,shot,gun,25.0,M,B,Columbus,OH,False,undetermined,,False,-82.965,39.929
1490,30-06-16,shot,gun,24.0,M,W,Park County,CO,False,attack,Not fleeing,False,-105.594,39.09
1491,30-06-16,shot,undetermined,44.0,M,H,Douglas,WY,False,undetermined,Not fleeing,False,-105.381,42.757
1492,01-07-16,shot,gun,63.0,M,W,Landrum,SC,False,attack,Not fleeing,True,-82.21600000000001,35.178000000000004
1493,01-07-16,shot,knife,58.0,M,W,Jackson,WI,False,other,Not fleeing,False,-88.154,43.331
1494,01-07-16,shot and Tasered,gun,30.0,M,W,Cartersville,GA,False,attack,Not fleeing,False,-84.821,34.179
1495,02-07-16,shot,gun,35.0,M,B,Asheville,NC,False,other,Car,False,,
1496,02-07-16,shot,gun,50.0,M,W,Bristol,TN,False,attack,Not fleeing,False,-82.211,36.556999999999995
1497,03-07-16,shot,knife,40.0,M,W,New Iberia,LA,True,other,Not fleeing,False,-91.818,30.022
1498,03-07-16,shot,,,M,H,Reno,NV,False,other,Car,False,-119.814,39.53
1499,03-07-16,shot,,19.0,M,H,Fullerton,CA,False,other,Car,False,-117.97399999999999,33.87
1500,04-07-16,shot,gun,34.0,M,W,North Charleston,SC,False,attack,Not fleeing,True,-80.056,32.957
1501,04-07-16,shot,gun,18.0,M,H,San Jose,CA,True,other,Not fleeing,False,-121.807,37.368
1502,04-07-16,shot,gun,21.0,M,B,Washington,DC,False,attack,Not fleeing,False,-76.932,38.909
1503,04-07-16,shot,knife,,M,,Rosser,TX,False,other,Not fleeing,True,-96.42299999999999,32.475
1504,05-07-16,shot,undetermined,29.0,M,W,Salem,OR,False,undetermined,,False,-123.11200000000001,44.931000000000004
1505,05-07-16,shot,undetermined,49.0,M,W,Temecula,CA,False,other,Car,False,-117.141,33.512
1506,05-07-16,shot,knife,24.0,F,H,Yuma,AZ,False,other,Not fleeing,False,-114.667,32.713
1507,05-07-16,shot and Tasered,undetermined,37.0,M,B,Baton Rouge,LA,False,undetermined,Not fleeing,True,-91.14,30.468000000000004
1508,06-07-16,shot,gun,32.0,M,B,Falcon Heights,MN,False,other,Not fleeing,True,-93.17,44.992
1509,06-07-16,shot,gun,65.0,M,W,Rush Springs,OK,False,other,Not fleeing,True,,
1510,07-07-16,shot,knife,37.0,M,H,Bell,CA,False,other,Not fleeing,False,-118.18799999999999,33.971
1511,07-07-16,shot,,33.0,M,W,Clovis,CA,False,other,Car,False,-119.70299999999999,36.825
1512,07-07-16,shot,gun,63.0,M,B,Selma,AL,False,attack,Not fleeing,True,-87.03299999999999,32.411
1513,08-07-16,shot,knife,30.0,M,W,Tucson,AZ,True,other,Not fleeing,False,-110.97200000000001,32.248000000000005
1514,09-07-16,shot,gun,40.0,M,B,Broken Bow,OK,False,attack,Car,False,-94.73100000000001,34.036
1515,10-07-16,shot,gun,38.0,M,B,Houston,TX,False,other,Not fleeing,True,-95.353,29.689
1516,11-07-16,shot,knife,50.0,M,B,Sacramento,CA,True,other,Not fleeing,True,-121.461,38.605
1517,11-07-16,shot,gun,41.0,M,B,East St. Louis,IL,False,attack,Not fleeing,False,-90.141,38.62
1518,11-07-16,shot,gun,41.0,M,H,Romulus,MI,False,attack,Not fleeing,False,-83.34700000000001,42.239
1519,11-07-16,shot,gun,39.0,M,B,New York,NY,False,attack,Foot,False,-73.984,40.591
1520,11-07-16,shot,gun,44.0,M,W,St. Joseph,MI,False,attack,Not fleeing,False,,
1521,12-07-16,shot,hatchet,23.0,M,W,Anchorage,AK,True,attack,Not fleeing,False,-149.814,61.218
1522,13-07-16,shot,gun,32.0,M,W,Flagstaff,AZ,False,undetermined,Foot,True,-111.634,35.194
1523,13-07-16,shot,toy weapon,56.0,M,W,Middletown,NY,True,other,Not fleeing,False,-74.428,41.428000000000004
1524,14-07-16,shot,gun,33.0,M,B,Baltimore,MD,False,attack,Not fleeing,False,-76.654,39.302
1525,15-07-16,shot,gun,63.0,M,W,Peachland,NC,True,attack,Not fleeing,False,-80.277,34.922
1526,16-07-16,shot,gun,31.0,M,W,Lake Asbury,FL,True,attack,Not fleeing,False,-81.803,30.038
1527,16-07-16,shot,gun,57.0,M,W,Little Egg Harbor Township,NJ,False,other,Foot,False,-74.36,39.57
1528,16-07-16,shot and Tasered,gun,26.0,M,W,San Bernardino,CA,False,attack,Other,False,-117.287,34.135999999999996
1529,17-07-16,shot,gun,39.0,M,W,Sheboygan,WI,False,other,Not fleeing,False,-87.723,43.732
1530,17-07-16,shot,gun,42.0,M,B,New York,NY,False,attack,Not fleeing,False,-73.938,40.718
1531,17-07-16,shot,gun,29.0,M,B,Baton Rouge,LA,True,attack,Not fleeing,False,,
1532,17-07-16,shot and Tasered,screwdriver,43.0,M,W,Tulsa,OK,False,attack,Not fleeing,False,-95.95,36.175
1533,18-07-16,shot,ax,56.0,M,W,Tulsa,OK,True,other,Not fleeing,False,-96.01899999999999,36.1
1534,20-07-16,shot,knife,31.0,M,H,Santa Maria,CA,True,other,Not fleeing,False,-120.43799999999999,34.935
1535,21-07-16,shot,gun,50.0,M,B,Chicago,IL,False,attack,Not fleeing,False,-87.62,41.858000000000004
1536,21-07-16,shot,gun,36.0,M,O,Hilo,HI,True,attack,Not fleeing,False,-154.958,19.616
1537,22-07-16,shot,gun,50.0,M,W,Buckhannon,WV,False,attack,,False,,
1538,23-07-16,shot,knife,49.0,M,B,Milwaukee,WI,False,attack,Not fleeing,True,-87.917,43.06399999999999
1539,23-07-16,shot,gun,31.0,M,B,Chino,CA,False,attack,Foot,False,-117.689,34.033
1540,23-07-16,shot,gun,34.0,M,H,San Antonio,TX,False,attack,Not fleeing,False,-98.571,29.413
1541,24-07-16,shot,hatchet and gun,36.0,M,W,Winchester,CA,True,attack,Not fleeing,False,-117.04799999999999,33.729
1542,24-07-16,shot,knife,29.0,M,N,Gallup,NM,True,other,Not fleeing,False,-108.759,35.52
1543,25-07-16,shot,gun,32.0,M,B,Indianapolis,IN,False,attack,Car,False,-86.113,39.765
1544,25-07-16,shot,gun,18.0,M,B,Los Angeles,CA,False,attack,Foot,False,-118.249,33.935
1545,26-07-16,shot,gun,50.0,M,W,Pine River,WI,False,attack,Car,False,-89.59200000000001,45.17100000000001
1546,26-07-16,shot,gun,36.0,M,H,Artesia,NM,False,other,,False,-104.413,32.83
1547,27-07-16,shot,gun,17.0,M,B,Metairie,LA,False,attack,Foot,False,-90.175,29.999000000000002
1548,27-07-16,shot,unarmed,19.0,M,B,Tempe,AZ,True,attack,Foot,False,-111.93,33.367
1549,27-07-16,shot,knife,24.0,M,W,Scottsdale,AZ,False,other,Foot,True,-111.883,33.582
1550,27-07-16,shot,knife,24.0,M,H,San Bernardino,CA,True,other,Not fleeing,False,-117.314,34.132
1551,27-07-16,shot,knife,20.0,M,W,Malta,MT,False,attack,Not fleeing,False,-107.79899999999999,48.461000000000006
1552,27-07-16,shot,knife,33.0,M,W,Estill Springs,TN,False,other,Foot,True,-86.132,35.265
1553,28-07-16,shot,undetermined,41.0,M,H,Sparks,NV,False,undetermined,Not fleeing,False,-119.745,39.551
1554,28-07-16,shot,undetermined,47.0,M,B,La Quinta,CA,False,other,Car,False,-116.26899999999999,33.696999999999996
1555,28-07-16,shot,,18.0,M,B,Chicago,IL,False,other,Car,True,,
1556,28-07-16,shot,gun,31.0,M,H,Tucson,AZ,False,attack,Other,False,-110.969,32.178000000000004
1557,28-07-16,shot,unarmed,27.0,M,B,Compton,CA,False,attack,Other,False,-118.24600000000001,33.91
1558,28-07-16,shot,undetermined,36.0,M,H,City Terrace,CA,False,other,Car,True,-118.193,34.053000000000004
1559,29-07-16,shot,gun,40.0,F,W,Homewood,AL,False,attack,Not fleeing,False,-86.818,33.46
1560,29-07-16,shot,gun,59.0,M,W,Pleasant Hill,NC,False,attack,Not fleeing,False,-77.512,36.516
1561,31-07-16,shot,rock,32.0,M,W,Phelps,KY,False,attack,Foot,False,-82.146,37.492
1562,31-07-16,shot,undetermined,38.0,M,H,Wapato,WA,False,undetermined,Not fleeing,False,-120.42399999999999,46.446999999999996
1563,31-07-16,shot,knife,18.0,M,A,Manchester,NJ,True,other,Not fleeing,True,-74.293,40.043
1564,01-08-16,shot,gun,23.0,F,B,Randallstown,MD,False,attack,Not fleeing,False,-76.814,39.37
1565,01-08-16,shot,,43.0,M,W,Edmund,SC,False,attack,Car,False,-81.2,33.861999999999995
1566,01-08-16,shot,gun,67.0,M,W,Stafford,VA,False,attack,Not fleeing,False,-77.444,38.306999999999995
1567,01-08-16,shot,undetermined,32.0,M,W,Santa Ana,CA,True,attack,Not fleeing,False,-118.316,34.111
1568,02-08-16,shot,gun,22.0,M,W,Lake City,SC,False,attack,Car,False,-79.763,33.861999999999995
1569,02-08-16,shot,knife,31.0,M,W,Alexandria,MN,False,other,Not fleeing,False,-95.375,45.888999999999996
1570,02-08-16,shot,gun,43.0,M,B,Palm Bay,FL,True,attack,Not fleeing,False,-80.589,28.034000000000002
1571,02-08-16,shot,gun,34.0,M,W,Hammett,ID,True,attack,Car,False,-115.499,42.971000000000004
1572,02-08-16,shot,undetermined,51.0,M,W,Castaic,CA,False,other,Foot,False,-118.618,34.491
1573,03-08-16,shot,gun,31.0,M,W,Clearfield,UT,False,attack,Foot,False,-112.024,41.121
1574,03-08-16,shot,knife,54.0,M,W,Detroit,MI,False,attack,Not fleeing,False,-83.277,42.422
1575,03-08-16,shot,gun,69.0,M,W,Scott County,VA,False,other,Car,False,,
1576,05-08-16,shot,knife,58.0,M,W,Aldie,VA,True,other,Not fleeing,False,-77.57,38.91
1577,05-08-16,shot,gun,26.0,M,B,East Point,GA,True,attack,Not fleeing,False,-84.491,33.644
1578,05-08-16,shot,crossbow,31.0,M,,Santee,CA,True,attack,Not fleeing,False,-116.98200000000001,32.866
1579,05-08-16,shot,gun,59.0,M,W,Beaver Dam,WI,True,attack,Not fleeing,False,-88.82,43.483000000000004
1580,07-08-16,shot,knife,25.0,M,B,Cincinnati,OH,True,attack,Not fleeing,False,-84.51,39.102
1581,07-08-16,shot,knife,20.0,M,B,Harrisburg,PA,True,other,Not fleeing,False,-76.899,40.282
1582,08-08-16,shot,knife,57.0,M,B,Louisville,KY,False,other,Not fleeing,True,-85.84100000000001,38.198
1583,08-08-16,shot,gun,56.0,M,W,Citrus Heights,CA,False,attack,Not fleeing,False,-121.302,38.696999999999996
1584,08-08-16,shot,gun,64.0,M,W,Wilkesboro,NC,False,attack,Not fleeing,False,-81.274,36.155
1585,08-08-16,shot,gun,34.0,M,H,Georgetown,KY,False,attack,Other,False,-84.62700000000001,38.181
1586,08-08-16,shot,gun,69.0,M,W,Little Mountain,SC,True,attack,Not fleeing,False,-81.262,34.203
1587,09-08-16,shot,gun,45.0,M,W,Circleville,OH,True,other,Not fleeing,False,-81.164,33.836
1588,09-08-16,shot,gun,14.0,M,H,Los Angeles,CA,False,attack,Foot,True,-118.215,34.038000000000004
1589,09-08-16,shot,undetermined,44.0,M,W,Piedmont,SC,False,other,Not fleeing,False,-82.529,34.734
1590,11-08-16,shot,gun,59.0,M,W,Tukwila,WA,True,attack,Not fleeing,False,-122.26100000000001,47.466
1591,11-08-16,shot,knife,33.0,M,H,Vista,CA,False,undetermined,Other,False,-117.258,33.196
1592,11-08-16,shot,gun,54.0,M,W,Plaquemine,LA,False,attack,Not fleeing,False,-91.31700000000001,30.261999999999997
1593,12-08-16,shot,undetermined,22.0,M,H,Mesa,AZ,False,other,Car,False,-111.84,33.451
1594,12-08-16,shot and Tasered,hammer,49.0,M,W,Tahlequah,OK,True,other,Not fleeing,True,-94.964,35.914
1595,13-08-16,shot,gun,23.0,M,B,Milwaukee,WI,False,other,Foot,True,-87.96700000000001,43.075
1596,13-08-16,shot,knife,38.0,M,H,Phoenix,AZ,True,attack,Not fleeing,False,-112.152,33.495
1597,13-08-16,shot,gun,53.0,M,W,Lakewood,CO,False,other,Not fleeing,False,-105.053,39.718
1598,13-08-16,shot,,36.0,M,H,Hayward,CA,False,other,Car,False,-122.08,37.635999999999996
1599,15-08-16,shot,metal pole,29.0,M,H,Falls Church,VA,True,other,Not fleeing,False,-77.229,38.858000000000004
1600,15-08-16,shot,gun,42.0,M,W,Counce,TN,False,attack,Other,False,-88.258,35.035
1601,16-08-16,shot,gun,36.0,M,W,Rome,OH,False,other,Car,False,-80.778,41.586000000000006
1602,16-08-16,shot,gun,32.0,M,W,Lenoir,NC,False,attack,Foot,True,-81.586,36.027
1603,16-08-16,shot,toy weapon,53.0,M,W,Apache Junction,AZ,False,other,Not fleeing,False,-111.54700000000001,33.43
1604,16-08-16,shot,gun,30.0,M,B,Stockton,CA,False,other,Foot,True,-121.25200000000001,37.986999999999995
1605,16-08-16,shot,unarmed,25.0,M,H,Tucson,AZ,False,attack,Not fleeing,False,-111.161,32.18
1606,16-08-16,shot,gun,18.0,M,B,Los Angeles,CA,False,other,Foot,False,-118.281,33.945
1607,16-08-16,shot,gun,55.0,M,W,Augusta,WV,False,other,Not fleeing,False,,
1608,17-08-16,shot,piece of wood,27.0,M,B,Kelso,WA,False,attack,Not fleeing,False,-122.917,46.146
1609,18-08-16,shot,gun,37.0,M,H,Bakersfield,CA,False,attack,Car,False,-118.98299999999999,35.35
1610,18-08-16,shot,unarmed,29.0,M,W,Charlotte,NC,False,other,Car,True,-80.719,35.279
1611,18-08-16,shot,knife,40.0,M,W,Antelope,CA,False,other,Not fleeing,False,-121.32,38.713
1612,18-08-16,shot,undetermined,36.0,M,W,Hays,KS,False,other,Car,False,-99.307,38.879
1613,18-08-16,shot,gun,38.0,M,W,Poway,CA,False,attack,Car,False,-117.02799999999999,32.955999999999996
1614,18-08-16,shot,gun,29.0,M,W,Ruidoso,NM,False,other,Not fleeing,False,-105.669,33.313
1615,18-08-16,shot,gun,59.0,M,W,McKinneyville,CA,True,attack,Not fleeing,False,-99.902,31.969
1616,19-08-16,shot,bayonet,47.0,M,H,East Hollywood,CA,True,undetermined,Not fleeing,False,-118.306,34.097
1617,19-08-16,shot,gun,22.0,M,H,Phoenix,AZ,False,attack,Not fleeing,False,-112.039,33.48
1618,19-08-16,shot,toy weapon,31.0,M,W,New London,WI,True,attack,Not fleeing,True,-88.735,44.38399999999999
1619,19-08-16,shot,undetermined,29.0,M,W,Reno,NV,False,undetermined,Car,False,-119.882,39.616
1620,19-08-16,shot,knife,54.0,M,W,East Ridge,TN,False,other,Not fleeing,False,-85.23299999999999,34.99
1621,20-08-16,shot,knife,71.0,M,H,Indio,CA,False,other,Not fleeing,True,-116.21600000000001,33.726
1622,21-08-16,shot,knife,36.0,M,H,Las Cruces,NM,False,other,Not fleeing,True,-106.765,32.309
1623,22-08-16,shot,knife,34.0,M,B,Hamilton,OH,False,attack,Not fleeing,False,-84.551,39.397
1624,23-08-16,shot,gun,49.0,M,W,Myra,TX,False,other,Car,False,-97.318,33.625
1625,24-08-16,shot,gun,36.0,M,H,Oak Cliff,TX,False,attack,Foot,False,-96.88,32.75
1626,24-08-16,shot,gun,43.0,M,W,Orlando,FL,True,other,Not fleeing,False,-81.149,28.506999999999998
1627,24-08-16,shot,gun,53.0,M,W,Shelbyville,TN,False,attack,Not fleeing,False,-86.43700000000001,35.488
1628,25-08-16,shot,gun,31.0,M,B,Compton,CA,False,attack,Foot,False,-118.24,33.899
1629,25-08-16,shot,undetermined,32.0,M,H,Compton,CA,False,undetermined,Not fleeing,False,,
1630,25-08-16,shot and Tasered,knife,63.0,M,,Fort Collins,CO,False,other,Not fleeing,True,-105.07700000000001,40.599000000000004
1631,26-08-16,shot,gun,41.0,M,W,Las Vegas,NV,False,attack,Foot,False,-115.09200000000001,36.137
1632,27-08-16,shot,toy weapon,26.0,M,H,Phoenix,AZ,False,attack,Not fleeing,False,-112.18299999999999,33.482
1633,27-08-16,shot,gun,82.0,M,W,Morgantown,WV,False,attack,Not fleeing,True,-79.999,39.602
1634,27-08-16,shot and Tasered,knife,49.0,M,,Denver,CO,False,other,Not fleeing,False,-104.995,39.717
1635,28-08-16,shot,gun,37.0,M,W,Eagan,MN,True,attack,Not fleeing,False,-93.15799999999999,44.827
1636,29-08-16,shot,gun,24.0,M,B,Raleigh,NC,False,attack,Foot,False,-78.592,35.78
1637,29-08-16,shot,gun,35.0,F,W,Kingman,AZ,False,attack,Not fleeing,False,-114.04,35.474000000000004
1638,29-08-16,shot and Tasered,knife,56.0,M,W,San Bernardino,CA,False,attack,Not fleeing,False,-117.306,34.129
1639,29-08-16,shot and Tasered,gun,28.0,M,,Fairbanks,AK,False,attack,Foot,True,-147.72,64.84100000000001
1640,30-08-16,shot,unarmed,22.0,M,B,Tampa,FL,False,other,Not fleeing,False,-82.36399999999999,27.934
1641,30-08-16,shot,gun,59.0,M,W,Harker Heights,TX,False,attack,Other,False,-97.61399999999999,31.049
1642,30-08-16,shot and Tasered,chain saw,36.0,M,,Graham,WA,True,attack,Not fleeing,False,-122.31200000000001,47.019
1643,30-08-16,shot and Tasered,knife,36.0,M,W,Weatherford,TX,False,other,Not fleeing,False,-97.789,32.729
1644,31-08-16,shot,gun,21.0,M,W,Denver,CO,False,attack,Foot,False,-105.01899999999999,39.663000000000004
1645,31-08-16,shot,,38.0,M,W,McDowell,MO,False,other,Car,False,-93.77799999999999,36.833
1646,01-09-16,shot,,60.0,M,W,Sylvania Township,OH,True,other,Not fleeing,False,-83.741,41.69
1647,01-09-16,shot,gun,18.0,M,W,Wichita,KS,False,other,Car,True,-97.444,37.704
1648,01-09-16,shot,gun,23.0,M,H,Florence,CA,False,other,Foot,False,-118.243,33.963
1649,01-09-16,shot and Tasered,pipe,,M,H,Huntington Park,CA,False,other,Not fleeing,False,-118.225,33.991
1650,02-09-16,shot,gun,38.0,M,H,Alamogordo,NM,False,attack,Foot,True,-105.95200000000001,32.885
1651,02-09-16,shot,gun,40.0,M,,Parker,CO,True,attack,Car,True,-104.76299999999999,39.552
1652,02-09-16,shot,glass shard,22.0,M,W,Round Lake,IL,False,other,Not fleeing,False,-88.088,42.349
1653,02-09-16,shot,gun,38.0,M,B,St. Louis,MO,False,attack,Other,False,-90.23200000000001,38.722
1654,03-09-16,shot,undetermined,25.0,M,B,Atlantic City,NJ,False,undetermined,Foot,False,-74.436,39.356
1655,03-09-16,shot,undetermined,25.0,M,W,East Wenatchee,WA,False,undetermined,Not fleeing,False,-120.303,47.44
1656,03-09-16,shot,gun,36.0,M,W,Metropolis,IL,False,undetermined,Other,False,-88.73200000000001,37.150999999999996
1657,03-09-16,shot,gun,,M,,Temple,TX,False,attack,Car,False,-97.35700000000001,31.093000000000004
1658,04-09-16,shot,knife,,M,H,Long Beach,CA,True,other,Not fleeing,False,-118.155,33.787
1659,04-09-16,shot,knife,44.0,M,H,Grand Junction,CO,True,other,Not fleeing,False,-108.52600000000001,39.076
1660,05-09-16,shot,gun,36.0,M,B,Ellis County,TX,False,attack,Car,False,-96.632,32.343
1661,05-09-16,shot,gun,35.0,M,H,Austin,TX,False,other,Not fleeing,False,-97.76,30.435
1662,06-09-16,shot,vehicle,25.0,M,W,Omaha,NE,False,other,Other,False,-95.947,41.206
1663,06-09-16,shot,gun,65.0,M,,Spencer,WV,True,attack,Car,False,-81.399,38.851
1664,06-09-16,shot,gun,31.0,M,H,Phoenix,AZ,False,attack,Car,False,-112.074,33.448
1665,06-09-16,shot,gun,70.0,M,W,Gray,TN,False,other,Not fleeing,True,-82.465,36.376999999999995
1666,06-09-16,shot,sword,25.0,M,W,Phoenix,AZ,True,attack,Not fleeing,False,-112.162,33.484
1667,07-09-16,shot,knife,55.0,M,B,Albany,GA,False,attack,Not fleeing,False,-84.162,31.569000000000003
1668,07-09-16,shot,undetermined,35.0,M,W,Titusville,FL,False,undetermined,Not fleeing,False,-80.819,28.585
1669,07-09-16,shot,gun,25.0,M,B,Wyoming,MI,False,attack,Not fleeing,False,-85.647,42.906000000000006
1670,08-09-16,shot,gun,32.0,M,W,Lakeland,FL,False,attack,Not fleeing,False,-81.906,28.053
1671,08-09-16,shot,toy weapon,38.0,M,H,Delhi,CA,False,attack,Not fleeing,False,-120.781,37.422
1672,09-09-16,shot,gun,32.0,M,H,Memphis,TN,False,attack,Not fleeing,False,-90.15799999999999,35.156
1673,09-09-16,shot,unknown weapon,64.0,M,W,Auburn,WA,True,other,Not fleeing,False,-122.21,47.317
1674,09-09-16,shot,knife,55.0,M,B,Pompano Beach,FL,False,other,Not fleeing,False,-80.127,26.245
1675,10-09-16,shot,toy weapon,69.0,M,W,Montcalm,WV,True,other,Not fleeing,True,-81.248,37.354
1676,10-09-16,shot,gun,37.0,M,W,Boulder,CO,False,attack,Not fleeing,True,-105.103,40.116
1677,11-09-16,shot,motorcycle,31.0,M,B,Washington,DC,False,attack,Other,False,-77.002,38.876999999999995
1678,12-09-16,shot,gun,86.0,M,,Saratoga,CA,False,other,Not fleeing,False,-122.009,37.292
1679,12-09-16,shot,knife,25.0,M,B,Cedar Rapids,IA,False,attack,Not fleeing,False,-91.715,41.99100000000001
1680,12-09-16,shot,unarmed,25.0,M,H,Colton,CA,False,other,Car,False,-117.311,34.071999999999996
1681,14-09-16,shot,toy weapon,13.0,M,B,Columbus,OH,False,other,Foot,False,-82.98700000000001,39.963
1682,15-09-16,shot,gun,32.0,M,H,Phoenix,AZ,False,other,Other,False,-112.03,33.424
1683,15-09-16,shot,gun,69.0,M,W,Weeki Wachi,FL,True,other,Not fleeing,False,-82.554,28.558000000000003
1684,15-09-16,shot and Tasered,gun,34.0,M,W,Austin,TX,False,attack,Foot,False,-97.834,30.228
1685,16-09-16,shot,gun,46.0,M,,Big Bear,MO,False,attack,Not fleeing,False,-91.83200000000001,37.964
1686,16-09-16,shot,unarmed,29.0,M,N,Winooski,VT,False,other,Foot,True,-73.191,44.492
1687,16-09-16,shot,knife,29.0,M,W,Owensboro,KY,False,attack,Not fleeing,False,-87.147,37.77
1688,16-09-16,shot and Tasered,unarmed,40.0,M,B,Tulsa,OK,False,other,Not fleeing,False,-95.958,36.205999999999996
1689,17-09-16,shot,hatchet,42.0,M,W,Beaumont,CA,False,other,Not fleeing,False,-116.949,33.929
1690,17-09-16,shot,gun,25.0,M,B,Philadelphia,PA,False,attack,Foot,False,-75.217,39.957
1691,17-09-16,shot,toy weapon,45.0,M,W,Huntsville,AL,False,attack,Other,True,-86.54,34.659
1692,17-09-16,shot,gun,55.0,M,W,Rutherfordton,NC,True,attack,Not fleeing,False,-81.961,35.364000000000004
1693,17-09-16,shot,knife,22.0,M,O,St. Cloud,MN,False,attack,Not fleeing,False,-94.21,45.556000000000004
1694,18-09-16,shot,gun,61.0,M,B,Akron,OH,False,other,Not fleeing,False,-81.563,41.042
1695,19-09-16,shot,gun,46.0,F,W,Spring,TX,True,attack,Not fleeing,True,-95.37799999999999,30.066999999999997
1696,19-09-16,shot,unknown weapon,30.0,M,W,Logan Canyon,UT,True,other,Not fleeing,False,-111.094,39.321
1697,19-09-16,shot,gun,56.0,M,W,Wood County,TX,True,attack,Not fleeing,False,-95.258,32.729
1698,20-09-16,shot,gun,35.0,M,W,Decatur County,TN,False,other,Car,True,-88.087,35.84
1699,20-09-16,shot,gun,22.0,M,W,Port St. Lucie,FL,True,attack,Not fleeing,False,-80.388,27.206999999999997
1700,20-09-16,shot,unknown weapon,23.0,M,W,Mashantucket,CT,False,other,Not fleeing,False,-71.96,41.474
1701,20-09-16,shot,gun,43.0,M,B,Charlotte,NC,False,other,Not fleeing,True,,
1702,20-09-16,shot,gun,43.0,M,W,Nashville,TN,False,attack,Not fleeing,False,-86.765,36.211
1703,20-09-16,shot,gun,49.0,M,W,Westminster,CO,False,other,Foot,False,-104.99700000000001,39.916
1704,21-09-16,shot,unarmed,23.0,M,W,Louisville,NE,False,other,Not fleeing,False,-96.163,41.001999999999995
1705,23-09-16,shot,unarmed,41.0,M,W,Fair Oaks,CA,False,attack,Foot,False,-121.23,38.665
1706,23-09-16,shot,,33.0,M,B,Pikesville,MD,False,other,Not fleeing,True,-76.764,39.368
1707,23-09-16,shot,gun,30.0,M,H,San Antonio,TX,False,other,Foot,False,-98.53399999999999,29.373
1708,25-09-16,shot,gun,25.0,M,W,Claremont,NH,True,other,Not fleeing,False,-72.35600000000001,43.38399999999999
1709,26-09-16,shot,gun,52.0,M,W,Garden City,ID,False,attack,Other,False,-116.264,43.644
1710,26-09-16,shot,gun,32.0,M,W,Little Rock,AR,True,other,Not fleeing,False,-92.53200000000001,34.742
1711,26-09-16,shot,gun,46.0,M,W,Houston,TX,False,attack,Not fleeing,True,-95.44200000000001,29.725
1712,26-09-16,shot,gun,48.0,M,W,Burnsville,MN,True,other,Not fleeing,True,-93.213,44.79
1713,27-09-16,shot,unarmed,38.0,M,B,El Cajon,CA,True,attack,Not fleeing,True,-116.95200000000001,32.808
1714,27-09-16,shot,,26.0,M,W,Phoenix,AZ,False,other,Car,False,-112.09899999999999,33.675
1715,28-09-16,shot,unarmed,32.0,M,B,Philadelphia,PA,False,attack,Not fleeing,False,-75.165,39.953
1716,28-09-16,shot,knife,28.0,M,H,Valdosta,GA,False,attack,Not fleeing,True,-83.266,30.871
1717,29-09-16,shot,gun,53.0,M,W,Kingman,AZ,False,attack,Not fleeing,True,-114.04,35.213
1718,30-09-16,shot,,38.0,M,W,Groveton,TX,False,undetermined,Not fleeing,False,-95.126,31.055
1719,30-09-16,shot,undetermined,18.0,M,B,Newark,NJ,False,undetermined,Not fleeing,False,-74.184,40.766999999999996
1720,30-09-16,shot,gun,32.0,M,B,Campobello,SC,False,attack,Foot,False,-82.21600000000001,35.113
1721,30-09-16,shot,gun,37.0,M,W,Belleville,MI,False,attack,Other,False,-83.432,42.173
1722,30-09-16,shot,undetermined,18.0,M,B,Newark,NJ,False,undetermined,Not fleeing,False,-74.184,40.766999999999996
1723,30-09-16,shot,gun,20.0,M,B,Columbus,OH,False,other,Foot,False,-82.848,39.951
1724,01-10-16,shot,gun,28.0,M,W,Hometown,WV,False,attack,Foot,False,-81.86,38.535
1725,01-10-16,shot,gun,18.0,M,B,Los Angeles,CA,False,undetermined,Foot,True,-118.307,33.939
1726,02-10-16,shot,toy weapon,16.0,M,H,Los Angeles,CA,True,attack,Not fleeing,True,-118.25,34.0
1727,02-10-16,shot,unknown weapon,36.0,M,B,Markham,IL,False,other,Not fleeing,False,-87.667,41.593999999999994
1728,03-10-16,shot,gun,57.0,M,W,Lynn,MA,False,attack,Not fleeing,False,-70.934,42.46
1729,03-10-16,shot,gun,49.0,M,W,Ventnor,NJ,False,other,Not fleeing,False,-74.488,39.352
1730,04-10-16,shot,brick,31.0,M,H,Riverview,FL,False,attack,Foot,False,-82.329,27.861
1731,04-10-16,shot,gun,26.0,M,W,Springdale,AR,False,attack,Not fleeing,False,-94.134,36.171
1732,04-10-16,shot,gun,51.0,M,W,Hessel,MI,True,other,Not fleeing,False,-84.426,46.004
1733,05-10-16,shot,machete,28.0,M,W,Boulder,CO,True,other,Not fleeing,False,-105.264,40.010999999999996
1734,05-10-16,shot,gun,35.0,M,W,Moncks Corner,SC,False,attack,Car,False,-80.006,33.082
1735,07-10-16,shot,pepper spray,57.0,M,B,Macon,GA,False,other,Not fleeing,False,-83.64399999999999,32.812
1736,07-10-16,shot,knife,36.0,M,W,Fort Wayne,IN,False,other,Not fleeing,False,-85.13,41.128
1737,07-10-16,shot,gun,42.0,M,W,Killeen,AL,False,attack,Not fleeing,False,-87.492,34.859
1738,07-10-16,shot,gun,,M,B,Alexandria,LA,False,attack,Not fleeing,False,-92.51700000000001,31.34
1739,07-10-16,shot,toy weapon,49.0,M,W,Benton,AR,False,other,Not fleeing,False,-92.57,34.582
1740,08-10-16,shot,knife,21.0,M,H,Federal Way,WA,True,other,Not fleeing,False,-122.296,47.343
1741,08-10-16,shot,,39.0,M,,Wetumka,OK,False,other,Not fleeing,False,-96.23,35.174
1742,08-10-16,shot,knife,53.0,F,W,Modesto,CA,False,attack,Not fleeing,False,-120.96799999999999,37.665
1743,08-10-16,shot,knife,62.0,M,W,Fort Wayne,IN,False,other,Not fleeing,False,-85.09100000000001,41.073
1744,09-10-16,shot,gun,41.0,M,B,Syracuse,NY,False,attack,Not fleeing,False,-76.132,43.045
1745,09-10-16,shot,gun,40.0,M,W,Scottsdale,AZ,True,other,Car,False,-111.961,33.668
1746,10-10-16,shot,gun,50.0,M,,Lumberton,NC,False,other,Not fleeing,False,-79.057,34.62
1747,10-10-16,shot,unarmed,27.0,M,H,Irvine,CA,True,other,Not fleeing,False,-117.795,33.684
1748,10-10-16,shot,gun,19.0,M,N,Midland,TX,False,other,,False,-102.03299999999999,32.010999999999996
1749,10-10-16,shot,,26.0,M,W,Westlake,OH,False,other,Car,False,-82.90700000000001,40.417
1750,11-10-16,shot,knife,44.0,M,A,Seattle,WA,False,other,Not fleeing,False,,
1751,11-10-16,shot,knife,30.0,M,W,Concord,CA,False,other,Not fleeing,False,-122.02799999999999,37.972
1752,12-10-16,shot,gun,31.0,M,W,Livingston Parish,LA,False,attack,Not fleeing,False,-90.973,30.454
1753,12-10-16,shot,gun,33.0,M,B,Boston,MA,False,attack,Not fleeing,False,-71.005,42.388999999999996
1754,12-10-16,shot,gun,22.0,M,W,Morehead,KY,False,attack,Not fleeing,False,-83.494,38.226
1755,13-10-16,shot,gun,50.0,M,,Las Vegas,NV,False,other,Car,True,-115.14,36.17
1756,13-10-16,shot,gun,38.0,M,W,Kent,WA,False,other,Not fleeing,False,-122.226,47.38399999999999
1757,13-10-16,shot and Tasered,knife,46.0,M,W,Grants Pass,OR,True,other,,False,-123.384,42.416000000000004
1758,14-10-16,shot,baseball bat,23.0,M,W,Beaumont,TX,False,attack,Not fleeing,False,-94.169,30.116999999999997
1759,14-10-16,shot,gun,24.0,M,H,Oak Cliff,TX,False,attack,Not fleeing,False,-96.821,32.711
1760,14-10-16,shot,gun,26.0,M,W,San Francisco,CA,True,attack,Not fleeing,False,-122.485,37.739000000000004
1761,15-10-16,shot,gun,38.0,M,,Phenix City,AL,False,attack,Not fleeing,False,-85.101,32.479
1762,16-10-16,shot,toy weapon,26.0,F,W,Austin,TX,True,attack,Not fleeing,False,-97.789,30.198
1763,16-10-16,shot and Tasered,metal rake,32.0,M,W,Santa Cruz,CA,True,attack,Not fleeing,False,-122.046,36.954
1764,17-10-16,shot,sword,50.0,M,H,Miami,FL,True,other,Not fleeing,False,-80.294,25.939
1765,17-10-16,shot,gun,17.0,M,W,Benton,AR,True,attack,Foot,False,-92.601,34.592
1766,17-10-16,shot and Tasered,knife,39.0,M,W,Holiday,FL,True,other,Not fleeing,False,-74.232,39.971
1767,18-10-16,shot,gun,28.0,M,B,Benton Harbor,MI,False,attack,Not fleeing,True,-86.45299999999999,42.102
1768,18-10-16,shot,baseball bat,66.0,F,B,Bronx,NY,True,attack,Not fleeing,False,-73.854,40.819
1769,18-10-16,shot,gun,42.0,M,H,Tulsa,OK,False,attack,Not fleeing,False,-95.787,36.1
1770,18-10-16,shot,gun,34.0,M,W,Paris,KY,False,attack,Not fleeing,False,-84.266,38.196999999999996
1771,19-10-16,shot,,38.0,M,W,Willoughby,OH,False,undetermined,Car,False,-81.407,41.64
1772,19-10-16,shot,gun,24.0,M,,Dallas,TX,False,other,Not fleeing,False,-96.87700000000001,32.741
1773,19-10-16,shot,vehicle,28.0,M,H,Henderson,NV,False,attack,Car,False,-115.02799999999999,36.044000000000004
1774,20-10-16,shot,gun,29.0,M,W,Jacksonville,FL,False,attack,Not fleeing,False,-81.583,30.467
1775,21-10-16,shot,gun,23.0,F,N,Muckleshoot Indian Reservation,WA,True,other,Not fleeing,False,-122.131,47.25899999999999
1776,21-10-16,shot and Tasered,knife,58.0,M,W,Tulsa,OK,False,other,,False,-95.928,36.16
1777,22-10-16,shot,unknown weapon,21.0,M,W,Westover,AL,True,other,Not fleeing,False,-86.565,33.357
1778,23-10-16,shot,toy weapon,45.0,M,W,Peterson,MN,False,attack,Not fleeing,False,-91.835,43.786
1779,23-10-16,shot,gun,38.0,M,W,Edmonton,KY,False,attack,Not fleeing,False,-85.584,37.021
1780,23-10-16,shot,gun,40.0,M,B,Colorado Springs,CO,False,attack,Not fleeing,False,-104.794,38.836999999999996
1781,24-10-16,shot,gun,19.0,M,B,North St. Louis,MO,False,attack,Car,False,-90.229,38.673
1782,25-10-16,shot,toy weapon,46.0,M,B,Little Rock,AR,False,other,Not fleeing,False,-92.265,34.741
1783,25-10-16,shot,toy weapon,25.0,M,W,Elkton,MD,True,attack,Not fleeing,False,-75.821,39.599000000000004
1784,25-10-16,shot,toy weapon,25.0,F,W,Elkton,MD,False,attack,Not fleeing,False,-75.821,39.599000000000004
1785,25-10-16,shot,knife,37.0,M,W,Lincoln,CA,True,other,Not fleeing,False,-121.29299999999999,38.889
1786,26-10-16,shot,gun,25.0,M,B,Carrollton,TX,False,other,Not fleeing,False,-96.919,32.984
1787,26-10-16,shot and Tasered,unarmed,36.0,M,W,Bartlesville,OK,False,attack,Not fleeing,False,-95.944,36.753
1788,27-10-16,shot,gun,32.0,M,W,Billings,MT,True,other,Not fleeing,False,-108.552,45.751999999999995
1789,27-10-16,shot,gun and knife,33.0,M,B,San Antonio,TX,False,other,Not fleeing,False,-98.44,29.493000000000002
1790,27-10-16,shot,undetermined,24.0,M,H,Elberton,GA,False,attack,Foot,False,-82.897,34.233000000000004
1791,28-10-16,shot,gun,37.0,M,W,Morris,MN,False,attack,Other,False,-96.008,45.818000000000005
1792,28-10-16,shot,gun,38.0,M,B,Sacramento,CA,True,attack,Not fleeing,False,-121.355,38.659
1793,28-10-16,shot,knife,45.0,M,A,North Royalton,OH,True,attack,Not fleeing,False,-81.767,41.326
1794,30-10-16,shot,knife,31.0,M,B,Boston,MA,True,other,Not fleeing,False,-71.068,42.343999999999994
1795,30-10-16,shot,,34.0,M,W,Kingman,AZ,False,other,Car,False,-114.038,35.239000000000004
1796,30-10-16,shot,gun,23.0,M,H,Corpus Christi,TX,False,attack,Not fleeing,False,-97.39299999999999,27.794
1797,30-10-16,shot,gun,38.0,M,,Leedey,OK,False,attack,Car,False,,
1798,31-10-16,shot,vehicle,39.0,F,B,Torrance,CA,True,attack,Car,False,-118.316,33.819
1799,31-10-16,shot,knife,55.0,M,H,Chatsworth,CA,False,attack,Not fleeing,False,-118.569,34.241
1800,31-10-16,shot,gun,31.0,F,W,Brookville,OH,False,attack,Other,False,-84.425,39.852
1801,01-11-16,shot,gun,76.0,M,W,Carson City,NV,False,other,Not fleeing,False,-119.76100000000001,39.161
1802,02-11-16,shot,gun,59.0,M,W,Houma,LA,True,attack,Not fleeing,True,-90.756,29.574
1803,02-11-16,shot,gun,40.0,M,W,West Jordan,UT,False,other,Other,False,-111.92200000000001,40.589
1804,03-11-16,shot,gun,23.0,M,B,Salisbury,NC,False,attack,Not fleeing,False,-80.458,35.668
1805,03-11-16,shot,knife,64.0,M,,Chambersburg,PA,True,attack,Not fleeing,False,-77.661,39.938
1806,03-11-16,shot,gun,56.0,F,W,Loganville,GA,False,attack,Not fleeing,False,-83.963,33.791
1807,04-11-16,shot,unarmed,26.0,M,H,Palm Springs,CA,False,other,Not fleeing,False,-116.546,33.818000000000005
1808,04-11-16,shot,gun,35.0,M,H,New York,NY,True,attack,Other,False,,
1809,05-11-16,shot,knife,49.0,M,W,Lealman,FL,True,other,Not fleeing,False,-82.725,27.818
1810,05-11-16,shot,,36.0,M,W,Okemah,OK,False,other,Car,False,,
1811,05-11-16,shot,gun,56.0,M,W,Clendenin,WV,False,attack,Not fleeing,False,-81.35300000000001,38.451
1812,05-11-16,shot,gun,59.0,M,,Beaver,WA,False,undetermined,,False,-124.348,48.056999999999995
1813,05-11-16,shot,gun,34.0,M,W,Gladewater,TX,False,other,Other,True,-94.956,32.543
1814,06-11-16,shot,gun,43.0,M,W,Aiken,SC,True,attack,Not fleeing,False,-81.828,33.461999999999996
1815,06-11-16,shot,metal pipe,31.0,M,W,Maurice River,NJ,False,other,Foot,False,-74.98100000000001,39.254
1816,06-11-16,shot,,17.0,M,W,Phenix City,AL,False,other,Car,False,-85.00399999999999,32.504
1817,06-11-16,shot,hammer,32.0,M,W,Hensley,WV,True,other,Not fleeing,False,-81.7,37.474000000000004
1818,06-11-16,shot and Tasered,unarmed,33.0,M,H,Santa Ana,CA,False,attack,Not fleeing,False,-117.90299999999999,33.727
1819,06-11-16,shot and Tasered,,43.0,M,W,Bowling Green,KY,False,undetermined,Car,False,-86.48100000000001,36.969
1820,07-11-16,shot,gun,31.0,M,B,Philadelphia,PA,False,attack,Other,False,-75.145,39.999
1821,08-11-16,shot,gun,23.0,M,H,Denver,CO,False,attack,Other,False,-104.965,39.78
1822,08-11-16,shot,,26.0,M,W,Ashtabula,OH,False,attack,Car,False,-80.804,41.857
1823,08-11-16,shot,gun,45.0,M,H,Azusa,CA,False,attack,Not fleeing,False,-117.913,34.128
1824,08-11-16,shot and Tasered,unarmed,19.0,M,W,Hays,KS,False,attack,Car,False,-99.318,38.887
1825,09-11-16,shot,gun,36.0,M,W,Show Low,AZ,False,attack,Not fleeing,False,-109.98299999999999,34.16
1826,10-11-16,shot,gun,41.0,M,H,San Angelo,TX,False,undetermined,,False,-100.443,31.462
1827,10-11-16,shot,gun,53.0,M,W,Lakeland,FL,False,attack,Not fleeing,False,-81.902,28.076999999999998
1828,11-11-16,shot,,24.0,M,W,Grand Junction,CO,False,attack,Car,False,-108.55799999999999,39.064
1829,11-11-16,shot,gun,,M,H,Boise,ID,False,attack,Other,False,-116.23299999999999,43.615
1830,11-11-16,shot,gun,47.0,M,,Montrose County,CO,False,attack,Not fleeing,False,-108.14299999999999,38.468
1831,11-11-16,shot and Tasered,unarmed,,M,B,East Point,GA,False,attack,Foot,False,-84.439,33.68
1832,12-11-16,shot,gun,40.0,M,W,Anchorage,AK,False,attack,Not fleeing,False,-149.879,61.218
1833,12-11-16,shot,gun,29.0,M,H,Tucson,AZ,False,attack,Car,False,-110.969,31.971999999999998
1834,13-11-16,shot,gun,22.0,M,H,San Diego,CA,False,attack,Not fleeing,True,-117.10600000000001,32.75
1835,13-11-16,shot,gun,21.0,M,H,Oklahoma City,OK,False,attack,Not fleeing,False,-97.53,35.376999999999995
1836,13-11-16,shot and Tasered,baseball bat,38.0,M,,Bloomsburg,PA,True,attack,Not fleeing,False,-76.455,41.004
1837,15-11-16,shot,knife,48.0,M,,Temecula,CA,False,other,Not fleeing,False,-117.163,33.527
1838,15-11-16,shot,,25.0,M,B,York County,PA,False,other,Car,False,-76.723,39.954
1839,15-11-16,shot,gun,37.0,M,W,Webster,TX,False,attack,Not fleeing,False,-95.13600000000001,29.544
1840,16-11-16,shot,machete,37.0,M,H,Whittier,CA,False,other,Not fleeing,False,-118.03299999999999,33.975
1841,16-11-16,shot,gun,56.0,M,W,Redding,CA,False,other,Not fleeing,False,-122.353,40.571
1842,18-11-16,shot,gun,25.0,M,B,Ludowici,GA,False,attack,Not fleeing,False,-81.742,31.708000000000002
1843,18-11-16,shot,gun,26.0,M,B,Chicago,IL,False,attack,Not fleeing,False,-87.67399999999999,41.769
1844,18-11-16,shot and Tasered,gun,35.0,M,W,Fort Walton Beach,FL,True,other,Not fleeing,False,-86.64200000000001,30.43
1845,18-11-16,shot and Tasered,machete,25.0,M,B,Port St. Lucie,FL,True,other,Not fleeing,False,-80.365,27.311
1846,18-11-16,shot and Tasered,machete,48.0,M,,Casa Grande,AZ,True,other,Not fleeing,False,-111.759,32.882
1847,19-11-16,shot,,29.0,M,H,Anaheim,CA,False,attack,Foot,True,-117.90700000000001,33.852
1848,19-11-16,shot,gun,55.0,M,,Chickasha,OK,False,attack,Not fleeing,True,-97.958,35.025999999999996
1849,19-11-16,shot,baton,21.0,M,B,Brooklyn,NY,True,attack,Not fleeing,False,-73.906,40.667
1850,19-11-16,shot and Tasered,knife,15.0,M,A,Watsonville,CA,False,other,Foot,True,-121.791,36.971
1851,20-11-16,shot,gun,24.0,M,H,San Antonio,TX,False,attack,Not fleeing,False,-98.598,29.51
1852,20-11-16,shot,gun,18.0,M,W,Kansas City,MO,False,other,Foot,False,-94.594,39.179
1853,21-11-16,shot,gun,19.0,M,B,St. Louis,MO,False,attack,Foot,False,-90.29899999999999,38.607
1854,21-11-16,shot,knife,27.0,M,W,Lompoc,CA,True,other,Foot,False,-120.458,34.654
1855,22-11-16,shot,gun,45.0,M,H,La Mirada,CA,False,attack,Not fleeing,False,-117.977,33.909
1856,22-11-16,shot,gun,36.0,M,B,Baytown,TX,False,other,Car,False,,
1857,22-11-16,shot,gun,34.0,M,B,Durham,NC,False,attack,Not fleeing,False,-78.89,35.973
1858,22-11-16,shot,gun,23.0,M,B,Newark,NJ,False,attack,Not fleeing,False,-74.22800000000001,40.739000000000004
1859,23-11-16,shot,knife,43.0,M,W,Lealman,FL,False,other,Not fleeing,False,-82.69200000000001,27.818
1860,23-11-16,shot,gun,19.0,M,B,Chicago,IL,False,other,Foot,True,-87.666,41.776
1861,24-11-16,shot,knife,45.0,M,,Jackson,TN,True,attack,Not fleeing,False,-88.834,35.637
1862,25-11-16,shot,gun,37.0,M,B,Chicago,IL,False,attack,,False,-87.71600000000001,41.873999999999995
1863,25-11-16,shot,gun,23.0,M,B,Hattiesburg,MS,False,attack,Other,False,-89.266,31.278000000000002
1864,25-11-16,shot,unarmed,26.0,M,H,Tucson,AZ,False,other,Not fleeing,True,-110.973,32.201
1865,26-11-16,shot,,20.0,M,H,Surprise,AZ,False,attack,Car,True,-112.44,33.608000000000004
1866,27-11-16,shot,gun,59.0,M,W,Naples,ME,False,attack,Not fleeing,False,-70.57,43.948
1867,27-11-16,shot,gun,33.0,M,B,Chicago,IL,False,attack,Foot,False,-87.741,41.878
1868,27-11-16,shot,gun,48.0,M,B,Baton Rouge,LA,False,attack,Not fleeing,False,-91.086,30.395
1869,27-11-16,shot and Tasered,blunt object,50.0,M,W,Olathe,KS,False,attack,Not fleeing,False,-94.838,38.885999999999996
1870,28-11-16,shot,knife,18.0,M,O,Columbus,OH,False,attack,Not fleeing,False,-83.01,39.998000000000005
1871,28-11-16,shot,gun,23.0,M,H,Los Angeles,CA,False,undetermined,Foot,False,-118.266,34.023
1872,28-11-16,shot,,41.0,M,B,Hickory,NC,False,other,Car,False,-81.307,35.743
1873,29-11-16,shot,gun,41.0,M,W,Lynn,MA,False,other,Not fleeing,False,-70.955,42.456
1874,29-11-16,shot,rock,55.0,M,W,Friendswood,TX,False,other,Car,True,-95.206,29.534000000000002
1875,29-11-16,shot,knife,29.0,M,W,Avon,IN,True,other,Not fleeing,False,-86.398,39.78
1876,29-11-16,shot,unarmed,31.0,M,W,Iva,SC,False,attack,Foot,False,-82.647,34.343
1877,30-11-16,shot,gun,25.0,M,B,Kansas City,MO,False,other,Not fleeing,False,-94.52600000000001,39.103
1878,01-12-16,shot,gun,38.0,M,B,Tacoma,WA,False,attack,Not fleeing,False,-122.419,47.21
1879,01-12-16,shot,gun,,M,H,Tucson,AZ,False,attack,,False,-110.943,32.169000000000004
1880,01-12-16,shot,gun,83.0,M,W,Dover,AR,False,attack,Not fleeing,False,-93.08200000000001,35.365
1881,02-12-16,shot,crowbar,22.0,M,W,Simpsonsville,KY,False,other,Not fleeing,False,-85.35799999999999,38.221
1882,02-12-16,shot,gun,33.0,M,W,Tuscumbia,AL,False,attack,Not fleeing,False,,
1883,02-12-16,shot,gun,36.0,M,W,Las Cruces,NM,True,attack,Not fleeing,False,-106.741,32.287
1884,03-12-16,shot,gun,38.0,M,,Metairie,LA,False,attack,Foot,False,-90.161,29.985
1885,04-12-16,shot,unarmed,26.0,M,A,Hudson,OH,False,other,Foot,False,-81.393,41.263000000000005
1886,04-12-16,shot,gun,29.0,M,B,Elkhart,IN,False,attack,Car,False,-85.96,41.668
1887,06-12-16,shot,gun,55.0,M,W,Hutchinson,KS,False,attack,Not fleeing,False,-97.90899999999999,38.093
1888,06-12-16,shot,gun,47.0,M,W,Orange City,FL,False,attack,Not fleeing,False,-81.306,28.948
1889,06-12-16,shot,gun,52.0,M,W,Portland,OR,False,attack,Not fleeing,False,-122.51100000000001,45.522
1890,06-12-16,shot and Tasered,oar,49.0,M,W,Fruitland Park,FL,False,attack,Other,False,-81.906,28.861
1891,07-12-16,shot,gun,37.0,M,B,Houston,TX,False,attack,Not fleeing,False,-95.396,29.94
1892,07-12-16,shot,undetermined,36.0,M,W,Sioux City,IA,False,other,Not fleeing,False,,
1893,07-12-16,shot,knife,20.0,M,,Avella,PA,True,attack,Not fleeing,False,-80.502,40.31
1894,07-12-16,shot and Tasered,knife,31.0,M,B,Fayetteville,NC,False,other,Not fleeing,True,-78.987,35.089
1895,08-12-16,shot,gun,,M,,Allen,TX,False,attack,Not fleeing,False,-96.624,33.098
1896,09-12-16,shot,,30.0,M,O,Keaau,HI,False,other,Not fleeing,False,-155.04399999999998,19.639
1897,09-12-16,shot,gun,,M,W,Leland,NC,False,attack,Not fleeing,False,-78.07600000000001,34.262
1898,09-12-16,shot,machete and gun,35.0,M,W,Forks Township,PA,True,other,Not fleeing,False,-75.225,40.709
1899,10-12-16,shot,gun,35.0,M,B,Sumter,SC,False,attack,Foot,True,,
1900,10-12-16,shot,knife,36.0,M,W,Greenwood,IN,False,other,Not fleeing,True,-86.12700000000001,39.6
1901,11-12-16,shot,,39.0,M,W,Fairmont,WV,False,other,Not fleeing,False,,
1902,11-12-16,shot,knife,30.0,M,H,Laredo,TX,False,attack,Not fleeing,False,-99.46799999999999,27.47
1903,11-12-16,shot,toy weapon,44.0,F,W,Bullhead City,AZ,True,attack,Not fleeing,False,-114.59299999999999,35.109
1904,11-12-16,shot,gun,24.0,M,W,Medicine Lodge,KS,False,attack,Not fleeing,False,-98.579,37.292
1905,11-12-16,shot and Tasered,knife,53.0,M,W,York,NE,True,other,Not fleeing,False,-97.59200000000001,40.882
1906,12-12-16,shot,unarmed,73.0,M,H,Bakersfield,CA,False,other,Not fleeing,False,-119.09,35.301
1907,12-12-16,shot,gun,31.0,M,W,Fort Valley,GA,False,attack,Not fleeing,False,-83.91,32.681999999999995
1908,12-12-16,shot,gun,28.0,M,B,Philadelphia,PA,False,attack,Not fleeing,False,-75.079,40.042
1909,13-12-16,shot,gun,18.0,M,B,Baltimore,MD,False,attack,Not fleeing,False,-76.657,39.312
1910,13-12-16,shot and Tasered,gun,32.0,M,B,Hampton,GA,True,other,Not fleeing,False,-84.28299999999999,33.385999999999996
1911,15-12-16,shot and Tasered,gun,60.0,M,W,Hacienda Heights,CA,False,attack,Not fleeing,False,-117.976,33.979
1912,16-12-16,shot,gun,36.0,M,,Dallas,OR,False,attack,Not fleeing,False,,
1913,17-12-16,shot,knife,48.0,M,W,Arlington,TN,False,undetermined,Not fleeing,False,-89.749,35.319
1914,17-12-16,shot,gun,33.0,M,H,Los Angeles,CA,False,other,Not fleeing,False,-118.163,34.022
1915,17-12-16,shot,gun,44.0,M,N,Everett,WA,False,other,Not fleeing,False,-122.214,47.966
1916,18-12-16,shot,undetermined,20.0,M,B,Los Angeles,CA,False,undetermined,Foot,False,-118.309,33.985
1917,18-12-16,shot,gun,37.0,M,W,Ridgefield,WA,False,other,Not fleeing,False,-122.713,45.83
1918,18-12-16,shot,gun,72.0,M,W,Tulsa,OK,True,attack,Not fleeing,False,-96.045,36.147
1919,19-12-16,shot,gun,52.0,M,W,Granite Falls,NC,False,other,Not fleeing,False,-81.404,35.843
1920,20-12-16,shot,gun,31.0,M,,Hemet,CA,False,other,Other,False,-116.954,33.731
1921,20-12-16,shot,knife,46.0,M,H,Pharr,TX,False,other,Not fleeing,False,-98.196,26.211
1922,20-12-16,shot,knife,,M,,Brawley,CA,True,other,Not fleeing,False,-115.535,32.983000000000004
1923,21-12-16,shot,tire iron,31.0,M,,Ponca City,OK,False,other,Not fleeing,False,,
1924,21-12-16,shot,gun,25.0,M,W,Burns Flat,OK,False,attack,Other,False,-99.177,35.361
1925,21-12-16,shot,,46.0,M,,Knox,IN,False,other,,False,-86.62100000000001,41.257
1926,21-12-16,shot,,38.0,M,H,Reno,NV,False,attack,Car,False,-119.825,39.528
1927,21-12-16,shot,knife,25.0,M,,Fayetteville,AR,True,other,Not fleeing,False,-94.164,36.054
1928,21-12-16,shot,knife,,M,,Stockton,CA,False,undetermined,Not fleeing,False,-121.265,37.974000000000004
1929,21-12-16,shot,gun,27.0,M,W,Saraland,AL,False,attack,Not fleeing,False,-88.09700000000001,30.835
1930,21-12-16,shot,gun,24.0,M,B,Coalinga,CA,False,attack,Not fleeing,False,-120.37100000000001,36.145
1931,22-12-16,shot,gun,19.0,M,B,Capitol Heights,MD,False,attack,Not fleeing,False,-76.937,38.867
1932,23-12-16,shot,crossbow,55.0,M,,Palm Harbor,FL,False,attack,Not fleeing,False,-82.77,28.066
1933,23-12-16,shot,,,M,,El Monte,CA,False,other,Car,False,-118.035,34.075
1934,23-12-16,shot and Tasered,vehicle,31.0,M,W,Bend,OR,True,other,Not fleeing,False,-121.314,44.056999999999995
1935,24-12-16,shot,gun,18.0,M,B,Charlotte,NC,False,undetermined,Not fleeing,False,-80.851,35.352
1936,24-12-16,shot,knife,53.0,F,W,Lake Wales,FL,False,other,Not fleeing,False,-81.568,28.006
1937,24-12-16,shot,gun,,M,,Gadsden,AL,False,attack,Foot,False,-86.01899999999999,34.022
1938,24-12-16,shot,scissors,48.0,M,A,Pico Rivera,CA,True,attack,Not fleeing,False,-118.064,34.018
1939,25-12-16,shot,knife,29.0,M,B,Washington,DC,False,other,Not fleeing,True,-76.96300000000001,38.931
1940,25-12-16,shot,gun,30.0,M,W,King City,OR,True,attack,Car,False,-122.79799999999999,45.402
1941,25-12-16,shot,gun,33.0,M,,Desha,AR,False,attack,Not fleeing,False,-91.69,35.719
1942,25-12-16,shot,gun,61.0,M,W,Middleburg,FL,True,attack,Not fleeing,False,-81.925,30.048000000000002
1943,27-12-16,shot,gun,35.0,M,,Grass Valley,CA,False,attack,Not fleeing,False,-121.01799999999999,39.183
1944,27-12-16,shot,gun,71.0,F,W,Pearland,TX,False,attack,Not fleeing,False,-95.367,29.543000000000003
1945,27-12-16,shot,knife,41.0,M,H,North Riverside,IL,False,attack,Not fleeing,False,-87.806,41.849
1946,27-12-16,shot,gun,36.0,M,W,Campbellton,TX,False,attack,Other,False,-98.303,28.749000000000002
1947,28-12-16,shot,undetermined,28.0,M,W,Spring Hill,TN,False,undetermined,Not fleeing,False,-86.916,35.709
1948,29-12-16,shot,gun,52.0,M,,Chestertown,MD,False,undetermined,Not fleeing,True,-76.029,39.211999999999996
1949,30-12-16,shot,gun,21.0,M,B,Miami,FL,False,other,Car,False,-80.35600000000001,25.605
1950,30-12-16,shot,gun,,M,,Pensacola,FL,False,attack,Not fleeing,False,-87.281,30.436
1951,30-12-16,shot and Tasered,knife,31.0,M,,Phoenix,AZ,False,other,Foot,False,-112.057,33.553000000000004
1952,31-12-16,shot,knife,46.0,M,W,Loxahatchee,FL,True,attack,Not fleeing,False,-80.252,26.709
1953,31-12-16,shot,gun,32.0,M,W,Huntingdon County,PA,False,attack,Other,False,,
1954,31-12-16,shot and Tasered,unarmed,33.0,M,W,Mankato,MN,False,attack,Not fleeing,False,-93.947,44.177
1955,01-01-17,shot,gun,42.0,M,W,Springfield,OH,False,other,Not fleeing,False,-84.515,39.233000000000004
1956,01-01-17,shot,knife,17.0,M,B,Villa Park,IL,True,other,Not fleeing,False,-87.978,41.856
1957,01-01-17,shot,gun,35.0,M,W,Woodstock,GA,False,attack,Car,False,-84.51899999999999,34.101
1958,01-01-17,shot,gun,23.0,M,H,Houston,TX,False,attack,Foot,False,-95.428,29.603
1959,01-01-17,shot,,21.0,M,B,Allen,TX,False,attack,Car,False,-96.664,33.092
1960,01-01-17,shot and Tasered,gun,44.0,M,B,Springfield,MO,True,attack,Foot,False,-93.275,37.222
1961,03-01-17,shot,gun,53.0,M,W,Gilmer,TX,True,attack,Not fleeing,True,-95.0,32.635
1962,03-01-17,shot and Tasered,knife,63.0,M,B,Brooklyn,NY,True,other,Not fleeing,False,-73.89699999999999,40.643
1963,04-01-17,shot,gun,18.0,M,W,Brooklyn,NY,False,attack,Foot,False,-73.961,40.68
1964,04-01-17,shot,gun,51.0,M,B,Pomona,CA,False,attack,Foot,False,-117.73700000000001,34.069
1965,04-01-17,shot,gun,64.0,M,W,Lancaster,KY,False,attack,Not fleeing,False,-84.59100000000001,37.602
1966,04-01-17,shot,unknown weapon,45.0,M,W,English,IN,False,attack,Car,False,-86.46799999999999,38.341
1967,05-01-17,shot,gun,20.0,M,H,Dinuba,CA,False,attack,Not fleeing,False,-119.395,36.555
1968,05-01-17,shot,gun,41.0,M,W,Monteagle,TN,True,attack,Not fleeing,False,-85.84,35.24
1969,06-01-17,shot,knife,23.0,M,W,Sharon,PA,True,other,Not fleeing,False,-80.499,41.248000000000005
1970,06-01-17,shot,gun,32.0,M,B,Deerfield,IL,False,attack,Other,False,-87.845,42.17100000000001
1971,07-01-17,shot,knife,25.0,M,W,Princeton,WV,False,other,Car,False,-81.146,37.329
1972,07-01-17,shot,gun,42.0,M,W,Fairland,OK,False,attack,Other,False,-94.84700000000001,36.751
1973,07-01-17,shot,unarmed,41.0,M,W,Elkridge,MD,True,attack,Not fleeing,False,-76.777,39.196
1974,07-01-17,shot,,31.0,M,H,Northglenn,CO,True,other,Not fleeing,False,-105.008,39.891999999999996
1975,07-01-17,shot,gun,50.0,M,H,Independence,MO,True,attack,Not fleeing,False,-94.35700000000001,39.051
1976,07-01-17,shot,toy weapon,38.0,M,H,Albuquerque,NM,False,other,Not fleeing,False,-106.604,35.124
1977,08-01-17,shot,knife,44.0,M,W,Cumming,GA,True,other,Not fleeing,False,-84.06,34.236
1978,09-01-17,shot,unarmed,38.0,M,B,Phoenix,AZ,False,other,Foot,True,-112.134,33.568000000000005
1979,09-01-17,shot,gun,21.0,M,B,St. Louis,MO,False,attack,Car,False,-90.25,38.656
1980,10-01-17,shot,knife,32.0,M,W,Los Angeles,CA,False,other,Not fleeing,False,-118.26299999999999,34.042
1981,10-01-17,shot and Tasered,unarmed,23.0,M,B,Reagan,TN,False,attack,Not fleeing,False,-88.34299999999999,35.522
1982,11-01-17,shot,air conditioner,41.0,M,W,Austin,MN,False,undetermined,Not fleeing,False,-92.986,43.659
1983,11-01-17,shot,gun,41.0,M,O,Lake Elsinore,CA,False,attack,Other,False,-117.28299999999999,33.681999999999995
1984,11-01-17,shot,gun,38.0,M,H,Camden,NJ,False,attack,Not fleeing,False,-75.086,39.946
1985,12-01-17,shot,gun,54.0,M,W,Ocala,FL,True,other,Not fleeing,False,-82.141,29.176
1986,12-01-17,shot,gun,20.0,M,N,Vineland,MN,False,attack,Not fleeing,False,-93.78,46.201
1987,12-01-17,shot,knife,26.0,M,W,Pearisburg,VA,True,attack,Not fleeing,False,-80.673,37.293
1988,13-01-17,shot,,29.0,M,O,Kahuku,HI,False,other,Car,False,-157.938,21.67
1989,14-01-17,shot,gun,47.0,M,W,Austin,TX,False,attack,Foot,False,-97.806,30.445
1990,14-01-17,shot and Tasered,screwdriver,28.0,M,B,New York,NY,False,attack,Not fleeing,False,-73.762,40.674
1991,15-01-17,shot,gun,48.0,M,W,Azusa,CA,False,attack,Not fleeing,False,-117.90899999999999,34.154
1992,15-01-17,shot,gun,34.0,M,B,Chicago,IL,False,attack,Foot,False,-87.709,41.88
1993,15-01-17,shot and Tasered,knife,37.0,F,A,Long Beach,CA,True,other,Not fleeing,False,-118.12100000000001,33.775
1994,15-01-17,shot and Tasered,knife,33.0,M,W,Spokane,WA,False,other,Foot,True,-117.434,47.651
1995,16-01-17,shot,gun,36.0,M,W,Tyrone,GA,False,attack,Other,False,-84.61,33.49
1996,16-01-17,shot,pole and knife,43.0,M,W,Fulton,KY,False,other,Not fleeing,False,-88.876,36.503
1997,16-01-17,shot and Tasered,gun and knife,32.0,M,A,Herndon,VA,False,attack,Not fleeing,False,-77.405,38.949
1998,17-01-17,shot,gun,29.0,M,W,Soddy-Daisy,TN,True,attack,Car,False,-85.133,35.231
1999,17-01-17,shot,gun,39.0,M,H,Twentynine Palms,CA,False,attack,Not fleeing,False,-116.081,34.135
2000,18-01-17,shot,metal pipe,40.0,M,W,Watts,OK,False,attack,Not fleeing,False,-94.57,36.109
2001,18-01-17,shot,unarmed,21.0,F,W,Dallas,TX,False,other,Car,True,-96.764,32.793
2002,18-01-17,shot,hatchet,50.0,M,W,Los Angeles,CA,False,other,Car,False,-118.26100000000001,34.03
2003,18-01-17,shot,gun,19.0,M,B,Gary,IN,False,attack,Car,False,-87.32799999999999,41.542
2004,18-01-17,shot,gun,28.0,M,N,Grand Forks,ND,False,attack,Not fleeing,False,-97.03299999999999,47.925
2005,18-01-17,shot and Tasered,knife,16.0,M,H,Salinas,CA,False,other,Not fleeing,True,-121.635,36.679
2006,19-01-17,shot,gun,49.0,M,W,Woodford,VA,True,other,Not fleeing,False,-77.402,38.18
2007,19-01-17,shot,gun,44.0,M,H,Fritch,TX,False,attack,Foot,False,-101.603,35.64
2008,19-01-17,shot and Tasered,knife,25.0,M,W,Florissant,MO,True,attack,Not fleeing,False,-90.29899999999999,38.797
2009,20-01-17,shot,gun,39.0,M,W,Gainesville,FL,True,attack,Not fleeing,False,-82.34100000000001,29.612
2010,21-01-17,shot,gun,44.0,M,B,Greenville,MS,False,attack,Not fleeing,False,-91.05,33.384
2011,21-01-17,shot and Tasered,knife,50.0,M,W,Jean,NV,True,attack,Not fleeing,False,-115.32799999999999,35.778
2012,22-01-17,shot,gun,57.0,M,W,Waldoboro,ME,False,attack,Not fleeing,False,-69.395,44.107
2013,22-01-17,shot,gun,57.0,M,B,Pittsburgh,PA,False,attack,Not fleeing,False,-79.91,40.459
2014,22-01-17,shot,gun,33.0,M,H,Carson,CA,False,other,Not fleeing,False,-118.219,33.828
2015,23-01-17,shot,knife,21.0,M,H,Vallejo,CA,False,attack,Not fleeing,True,-122.258,38.113
2016,23-01-17,shot,gun,52.0,M,W,Brooklet,GA,False,attack,Foot,False,-81.663,32.38
2017,23-01-17,shot,unarmed,27.0,M,W,Springfield,IL,True,attack,Not fleeing,True,-89.662,39.808
2018,23-01-17,shot,gun,60.0,M,W,Wilmington,DE,True,other,Not fleeing,False,-75.564,39.756
2019,23-01-17,shot and Tasered,knife,25.0,M,B,Kenner,LA,True,other,Not fleeing,False,-90.243,29.971999999999998
2020,24-01-17,shot,gun,34.0,M,H,Atascadero,CA,False,other,Not fleeing,False,-120.639,35.446999999999996
2021,24-01-17,shot,unarmed,22.0,M,W,Sugar Creek,MO,False,other,Car,False,-94.42299999999999,39.114000000000004
2022,24-01-17,shot,gun,26.0,M,B,New Orleans,LA,False,attack,Car,True,-89.97399999999999,30.05
2023,24-01-17,shot,gun,27.0,M,H,Bakersfield,CA,False,attack,Other,False,-118.98899999999999,35.381
2024,24-01-17,shot,knife,29.0,M,H,Las Cruces,NM,True,attack,Foot,True,-106.759,32.295
2025,24-01-17,shot,unarmed,30.0,M,W,Algoma Township,MI,True,attack,Not fleeing,False,-85.57,43.166000000000004
2026,24-01-17,shot,gun,32.0,M,H,Kuna,ID,False,attack,Car,False,-116.42,43.492
2027,24-01-17,shot and Tasered,gun,18.0,M,H,Lancaster City,PA,False,attack,Not fleeing,False,-76.301,40.034
2028,25-01-17,shot,,37.0,M,W,Oxford,AL,True,attack,Car,False,,
2029,25-01-17,shot,gun,54.0,M,B,Southaven,MS,False,attack,Not fleeing,False,-89.99700000000001,34.99
2030,25-01-17,shot,gun,50.0,M,W,Millston,WI,True,attack,Not fleeing,True,-90.64399999999999,44.218
2031,26-01-17,shot,gun,28.0,M,H,Charlotte,NC,False,other,Car,False,-80.74,35.203
2032,26-01-17,shot,gun,59.0,M,W,Overlea,MD,True,attack,Not fleeing,True,-76.52,39.353
2033,26-01-17,shot,gun,24.0,M,B,Atlanta,GA,False,other,Car,True,-84.49799999999999,33.792
2034,26-01-17,shot,metal pipe,34.0,M,W,Madison Township,OH,False,other,Not fleeing,False,-82.91,39.852
2035,27-01-17,shot,gun,25.0,M,H,Alhambra,CA,True,attack,Not fleeing,True,-118.155,34.095
2036,28-01-17,shot,gun,25.0,M,H,Fort Stockton,TX,False,attack,Car,False,-102.88,30.893
2037,28-01-17,shot,gun,17.0,M,B,Des Moines,WA,False,attack,Not fleeing,False,-122.296,47.408
2038,28-01-17,shot,toy weapon,48.0,M,W,Eau Claire,WI,True,attack,Not fleeing,False,-91.508,44.788999999999994
2039,28-01-17,shot,gun,45.0,M,W,Apache Junction,AZ,False,attack,Not fleeing,False,-111.56299999999999,33.422
2040,29-01-17,shot,Taser,53.0,M,,Oakdale,CT,True,attack,Not fleeing,False,-72.217,41.428999999999995
2041,29-01-17,shot,unarmed,18.0,M,H,Santa Ana,CA,False,other,Foot,False,-117.87100000000001,33.742
2042,30-01-17,shot,gun,50.0,M,B,Kiowa,OK,False,other,Not fleeing,False,-95.899,34.723
2043,30-01-17,shot,knife,36.0,M,W,Lynnwood,WA,True,other,Not fleeing,False,-122.311,47.82899999999999
2044,30-01-17,shot and Tasered,gun and knife,45.0,M,H,Fresno,CA,True,attack,Not fleeing,False,-119.76799999999999,36.773
2045,30-01-17,shot and Tasered,beer bottle,42.0,M,W,Modesto,CA,False,other,Not fleeing,False,-120.977,37.693000000000005
2046,31-01-17,shot and Tasered,knife,,M,B,Hollywood,CA,True,attack,Not fleeing,False,-118.329,34.098
2047,01-02-17,shot,,23.0,M,B,Arlington,TX,False,attack,Car,False,-97.132,32.757
2048,01-02-17,shot,,31.0,M,B,Highland,CA,False,attack,Car,False,-117.226,34.135999999999996
2049,02-02-17,shot,toy weapon,26.0,M,W,Geneva,WI,False,other,Not fleeing,False,-88.521,42.643
2050,02-02-17,shot,gun,57.0,M,W,Orange Park,FL,False,other,Not fleeing,False,-81.78,30.13
2051,02-02-17,shot,gun,18.0,M,H,Wichita Falls,TX,False,undetermined,Not fleeing,False,-98.527,33.887
2052,03-02-17,shot,gun,27.0,M,H,Olympic Valley,CA,False,attack,Car,False,-120.20200000000001,39.2
2053,03-02-17,shot,gun,41.0,M,A,Panhandle,TX,False,attack,Not fleeing,False,,
2054,03-02-17,shot,gun,33.0,M,W,Hickory,NC,False,attack,Not fleeing,True,-81.365,35.749
2055,03-02-17,shot,gun,22.0,M,B,Rowland,NC,False,attack,Car,False,,
2056,03-02-17,shot,gun,38.0,M,W,Grafton,WV,False,attack,Not fleeing,False,-80.03399999999999,39.334
2057,03-02-17,shot,,26.0,M,H,Forest Park,IL,False,other,Car,False,-87.805,41.876000000000005
2058,03-02-17,shot,gun,45.0,M,W,Irving,TX,False,other,Not fleeing,False,-96.93799999999999,32.864000000000004
2059,04-02-17,shot,gun,68.0,M,B,Kansas City,MO,False,attack,Not fleeing,False,-94.569,38.983000000000004
2060,04-02-17,shot,gun,56.0,M,W,DeLand,FL,True,attack,Not fleeing,False,-81.416,28.971
2061,04-02-17,shot,unarmed,23.0,M,H,Moultrie,GA,False,other,Not fleeing,False,-83.771,31.081999999999997
2062,05-02-17,shot,unarmed,45.0,M,B,Fremont,CA,True,attack,Not fleeing,False,-121.994,37.541
2063,05-02-17,shot,gun,41.0,M,B,Englewood,OH,True,attack,Not fleeing,True,-84.28,39.86
2064,05-02-17,shot,,33.0,M,H,Pueblo,CO,False,other,Not fleeing,True,-104.639,38.251
2065,06-02-17,shot,toy weapon,22.0,M,B,Jacksonville,FL,False,attack,Not fleeing,False,-81.67699999999999,30.343000000000004
2066,06-02-17,shot,gun,50.0,M,B,Commerce City,CO,True,attack,Not fleeing,False,-104.911,39.804
2067,06-02-17,shot and Tasered,knife,52.0,M,H,Santa Monica,CA,True,attack,Foot,False,-118.455,34.027
2068,07-02-17,shot,gun,35.0,M,W,Mt. Pleasant,TN,True,attack,Car,False,-87.21700000000001,35.519
2069,07-02-17,shot,gun,18.0,M,B,Baltimore,MD,False,other,Other,True,-76.64699999999999,39.287
2070,07-02-17,shot,gun,34.0,M,W,Howland Township,OH,False,attack,Not fleeing,False,-80.744,41.236999999999995
2071,07-02-17,shot,,51.0,M,W,Richmond,KY,False,other,,False,-84.259,37.674
2072,07-02-17,shot and Tasered,piece of wood,18.0,M,W,Jackson County,AL,False,other,Not fleeing,False,-85.807,34.695
2073,08-02-17,shot,gun,29.0,M,W,Brookville,IN,False,other,Not fleeing,False,-85.01299999999999,39.428000000000004
2074,08-02-17,shot,knife,34.0,M,N,Anadarko,OK,False,other,,False,-98.24600000000001,35.082
2075,08-02-17,shot,unarmed,25.0,M,B,Chicago,IL,False,other,Foot,False,-87.64,41.879
2076,09-02-17,shot,toy weapon,17.0,M,B,Portland,OR,False,undetermined,Foot,False,-122.57799999999999,45.536
2077,09-02-17,shot,undetermined,,M,,Crownpoint,NM,False,undetermined,,False,-108.13600000000001,35.68
2078,09-02-17,shot and Tasered,unarmed,26.0,M,W,Geneva Township,OH,False,other,Not fleeing,False,-80.916,41.803999999999995
2079,09-02-17,shot and Tasered,knife,33.0,M,H,Lake Stevens,WA,True,other,Not fleeing,False,-122.088,47.979
2080,10-02-17,shot,knife,25.0,M,W,Vancouver,WA,False,other,Foot,False,-122.613,45.652
2081,10-02-17,shot,gun,31.0,M,B,Nashville,TN,False,other,Foot,False,-86.76,36.168
2082,10-02-17,shot,,25.0,M,W,Vassalboro,ME,False,other,,False,-69.666,44.416000000000004
2083,10-02-17,shot,unarmed,18.0,F,W,Vassalboro,ME,False,other,,False,-69.666,44.416000000000004
2084,10-02-17,shot,gun,45.0,M,W,Bethany,OK,False,attack,Not fleeing,False,-97.66,35.508
2085,10-02-17,shot,gun,25.0,M,B,Greensboro,NC,False,attack,Other,True,-79.867,36.037
2086,10-02-17,shot,gun,23.0,M,B,Bridgeton,NJ,False,undetermined,Foot,False,-75.229,39.419000000000004
2087,10-02-17,shot and Tasered,knife,55.0,F,W,Chicago,IL,True,attack,Not fleeing,False,-87.689,41.952
2088,11-02-17,shot,gun,37.0,M,W,Greenville,SC,False,other,Not fleeing,False,-82.37200000000001,34.801
2089,11-02-17,shot,,33.0,M,A,Aiea,HI,False,other,Car,False,-157.94,21.386999999999997
2090,11-02-17,shot,gun,27.0,M,B,Kansas City,MO,False,attack,Not fleeing,False,-94.507,38.918
2091,11-02-17,shot,metal stick,32.0,M,W,Louisville,KY,True,attack,Not fleeing,True,-85.78,38.2
2092,12-02-17,shot,,,M,,Terrell,TX,False,other,Other,False,-96.35600000000001,32.739000000000004
2093,12-02-17,shot,gun,31.0,M,B,Durham,NC,False,other,Other,False,-78.906,36.022
2094,12-02-17,shot,knife,26.0,M,H,Santa Barbara,CA,True,other,Foot,False,-119.75200000000001,34.449
2095,13-02-17,shot,,32.0,M,W,Knoxville,TN,False,attack,Car,False,-84.16,35.899
2096,13-02-17,shot,gun,53.0,M,W,Golden Shores,AZ,False,attack,Not fleeing,False,-114.49600000000001,34.766999999999996
2097,13-02-17,shot,unarmed,19.0,M,B,Detroit,MI,False,attack,Other,False,-83.12899999999999,42.376999999999995
2098,14-02-17,shot,knife,53.0,M,W,Columbus,OH,True,other,Not fleeing,False,-83.075,39.946999999999996
2099,14-02-17,shot,,35.0,M,W,Vincennes,IN,False,other,Other,False,-87.52799999999999,38.652
2100,14-02-17,shot,gun,64.0,M,W,Shelbyville,IN,False,attack,Not fleeing,False,-85.794,39.498000000000005
2101,15-02-17,shot,gun,24.0,M,B,Durham,NC,False,attack,Foot,False,-78.878,36.027
2102,15-02-17,shot,knife,33.0,M,W,Cape Girardeau,MO,False,other,Not fleeing,False,-89.575,37.316
2103,15-02-17,shot,unknown weapon,55.0,M,H,Newman,CA,False,attack,Not fleeing,False,-121.01299999999999,37.32
2104,16-02-17,shot,gun,17.0,M,B,Brooklyn,NY,False,attack,Foot,False,-73.876,40.673
2105,16-02-17,shot,gun,48.0,M,H,San Antonio,TX,False,attack,Not fleeing,False,-98.53200000000001,29.366
2106,16-02-17,shot,gun,21.0,M,B,Gardena,CA,False,attack,Foot,False,-118.29700000000001,33.903
2107,16-02-17,shot,gun,22.0,M,W,Douglas City,CA,False,other,Not fleeing,False,,
2108,17-02-17,shot,unarmed,30.0,M,W,Grand Prarie,TX,True,attack,Not fleeing,True,-96.99700000000001,32.717
2109,17-02-17,shot,knife,34.0,M,W,Tulsa,OK,True,attack,Not fleeing,False,-95.869,36.015
2110,17-02-17,shot,gun,35.0,M,B,Big Lake,AK,False,attack,Not fleeing,False,,
2111,17-02-17,shot,gun,32.0,M,W,Oakland,CA,False,attack,Not fleeing,False,-122.154,37.755
2112,18-02-17,shot,toy weapon,22.0,M,B,Portland,ME,True,other,Not fleeing,False,-70.28,43.653
2113,18-02-17,shot,gun,46.0,M,B,Efland,NC,False,attack,Not fleeing,False,-79.219,36.132
2114,19-02-17,shot,knife,27.0,M,B,Kent,OH,False,attack,Not fleeing,False,-81.387,41.16
2115,19-02-17,shot,toy weapon,18.0,M,H,New York,NY,False,attack,Foot,False,-73.92,40.702
2116,19-02-17,shot,gun,33.0,M,W,Bull Shoals,AR,False,attack,Not fleeing,False,,
2117,19-02-17,shot,gun,26.0,M,H,Tucson,AZ,False,attack,Not fleeing,False,-110.959,32.074
2118,20-02-17,shot,unarmed,27.0,M,W,St. Joseph,MO,False,attack,Not fleeing,False,-94.836,39.765
2119,20-02-17,shot and Tasered,knife,26.0,M,W,Brooksville,FL,True,attack,Not fleeing,False,-82.336,28.504
2120,21-02-17,shot,gun,51.0,M,W,Beaverton,OR,True,other,Not fleeing,False,-122.852,45.505
2121,21-02-17,shot,gun,63.0,M,B,St. Louis,MO,False,attack,Not fleeing,False,-90.23200000000001,38.583
2122,21-02-17,shot,gun,38.0,M,H,Roy,UT,False,attack,Not fleeing,True,-112.02600000000001,41.184
2123,21-02-17,shot,gun,25.0,M,H,Ogden,UT,False,attack,Not fleeing,True,-111.973,41.225
2124,21-02-17,shot,gun,39.0,M,H,Colorado Springs,CO,False,other,Other,False,-104.77600000000001,38.854
2125,22-02-17,shot,knife,41.0,M,B,Conroe,TX,False,attack,Not fleeing,False,-95.493,30.245
2126,22-02-17,shot,knife,26.0,M,W,Princeton,WV,True,other,Not fleeing,False,-81.055,37.361
2127,22-02-17,shot,knife,30.0,F,B,Austin,TX,True,other,Car,False,-97.816,30.197
2128,23-02-17,shot,gun,33.0,M,H,Newton,KS,False,attack,Not fleeing,False,-95.161,29.69
2129,23-02-17,shot,gun,54.0,M,,Fairfax,OK,False,attack,Not fleeing,False,-96.704,36.573
2130,23-02-17,shot,gun,38.0,M,W,Columbus,OH,False,attack,Not fleeing,False,-82.985,39.931999999999995
2131,23-02-17,shot,gun,24.0,M,H,Reno,NV,False,other,Foot,False,-119.816,39.528
2132,23-02-17,shot,gun,47.0,M,B,Washington,DC,False,attack,Foot,True,-76.984,38.902
2133,24-02-17,shot,gun,62.0,M,W,Reading,PA,False,attack,Not fleeing,False,-75.914,40.330999999999996
2134,24-02-17,shot,gun,30.0,M,W,London,KY,True,attack,Not fleeing,False,-83.99,37.091
2135,24-02-17,shot,gun,33.0,F,W,Lake Jackson,TX,False,attack,Car,False,-95.436,29.051
2136,25-02-17,shot,toy weapon,23.0,M,B,Rocklin,CA,True,attack,Foot,False,-121.258,38.827
2137,25-02-17,shot,gun,39.0,M,W,Lumpkin,GA,False,attack,Car,False,-84.806,32.049
2138,26-02-17,shot,knife,41.0,M,W,Englewood,FL,False,other,Not fleeing,False,-82.292,26.94
2139,26-02-17,shot,vehicle,46.0,F,W,Ripon,CA,False,other,Car,False,-121.115,37.739000000000004
2140,26-02-17,shot,gun,36.0,M,W,Aragonite,UT,True,other,Not fleeing,False,-112.985,40.736
2141,26-02-17,shot,gun,66.0,M,W,Floral City,FL,False,other,Car,False,,
2142,27-02-17,shot,gun,27.0,M,W,Shelby,NC,True,attack,Foot,False,-81.543,35.27
2143,27-02-17,shot,gun,40.0,M,W,Corning,WI,False,attack,Not fleeing,False,-89.865,45.12
2144,28-02-17,shot,gun,25.0,M,B,Houston,TX,False,attack,Not fleeing,False,-95.538,29.651
2145,28-02-17,shot,gun,20.0,M,B,Orlando,FL,False,attack,Foot,False,-81.411,28.489
2146,28-02-17,shot,gun,43.0,M,H,Houma,LA,True,other,Not fleeing,False,-90.7,29.586
2147,01-03-17,shot,knife,40.0,M,B,Lufkin,TX,False,attack,Not fleeing,True,-94.728,31.355999999999998
2148,02-03-17,shot,gun,33.0,M,W,Rib Mountain,WI,True,attack,Not fleeing,False,-89.64299999999999,44.917
2149,02-03-17,shot,baseball bat,34.0,M,H,San Marcos,CA,False,other,Not fleeing,False,-117.14299999999999,33.135
2150,02-03-17,shot,toy weapon,27.0,M,H,Phoenix,AZ,False,attack,Not fleeing,False,-112.069,33.451
2151,02-03-17,shot,gun,25.0,M,H,Reno,NV,False,attack,Not fleeing,False,-119.789,39.497
2152,02-03-17,shot,knife,37.0,M,H,Paterson,NJ,True,other,Not fleeing,False,-74.165,40.900999999999996
2153,03-03-17,shot,gun,32.0,M,W,Englewood,CO,True,other,Not fleeing,False,-104.99,39.664
2154,03-03-17,shot,toy weapon,25.0,M,N,Lemoore,CA,False,attack,Not fleeing,False,-119.76299999999999,36.232
2155,04-03-17,shot,,38.0,M,W,Oklahoma City,OK,False,attack,Car,True,-97.49600000000001,35.431999999999995
2156,04-03-17,shot,gun,50.0,M,W,Fountain Inn,SC,True,attack,Not fleeing,False,-82.181,34.731
2157,04-03-17,shot,metal object,26.0,M,W,Cabazon,CA,False,other,Foot,False,-116.814,33.926
2158,04-03-17,shot and Tasered,pipe,70.0,M,H,Los Angeles,CA,False,other,Not fleeing,False,-118.257,34.041
2159,07-03-17,shot,unarmed,38.0,M,W,Medina,OH,False,other,Car,False,-81.78699999999999,41.161
2160,07-03-17,shot and Tasered,sharp object,41.0,M,B,Ladera Heights,CA,True,other,Not fleeing,False,-118.365,33.986999999999995
2161,08-03-17,shot,gun,91.0,M,W,Union Township,PA,False,attack,Not fleeing,False,-79.998,40.259
2162,08-03-17,shot,knife,,M,,Riverside,CA,False,other,Not fleeing,False,-117.331,33.891999999999996
2163,08-03-17,shot,gun,25.0,M,W,Charlotte,NC,True,other,Not fleeing,False,-80.833,35.26
2164,09-03-17,shot,baseball bat and bottle,29.0,M,W,Huntington Beach,CA,True,other,Not fleeing,False,-118.00299999999999,33.701
2165,09-03-17,shot and Tasered,knife,24.0,M,H,Santa Clara,CA,True,other,,False,-121.963,37.361999999999995
2166,10-03-17,shot,gun,40.0,M,W,Escondido,CA,True,attack,Not fleeing,False,-117.03399999999999,33.145
2167,11-03-17,shot,gun,51.0,M,W,Midlothian,TX,False,attack,Not fleeing,False,-97.00299999999999,32.427
2168,11-03-17,shot,gun,30.0,M,B,East Baton Rouge,LA,False,attack,,False,-91.009,30.44
2169,12-03-17,shot,knife,28.0,M,H,Bellingham,WA,False,attack,Foot,True,-122.475,48.751000000000005
2170,12-03-17,shot and Tasered,knife,33.0,M,H,Orange,CA,True,other,Not fleeing,False,-117.853,33.809
2171,13-03-17,shot,,23.0,M,B,Euclid,OH,False,other,,True,-81.531,41.6
2172,13-03-17,shot,knife,23.0,M,W,Napa,CA,True,other,Not fleeing,False,-122.275,38.285
2173,13-03-17,shot,,20.0,M,B,Woodlawn,MD,False,other,Other,True,-76.727,39.321999999999996
2174,14-03-17,shot,unarmed,56.0,M,W,Toms River,NJ,True,attack,,False,-74.212,39.957
2175,14-03-17,shot,,36.0,M,W,Fife,WA,False,attack,Not fleeing,False,-122.36399999999999,47.239
2176,14-03-17,shot,gun,18.0,M,W,Westminster,CO,False,attack,Not fleeing,False,-105.042,39.9
2177,14-03-17,shot,gun,43.0,M,W,Panama City Beach,FL,False,attack,,False,-85.89200000000001,30.225
2178,14-03-17,shot,unarmed,16.0,F,H,Hayward,CA,False,other,,False,-122.065,37.661
2179,15-03-17,shot,gun,29.0,M,B,St. Paul,MN,False,other,Not fleeing,False,-93.06700000000001,44.961000000000006
2180,15-03-17,shot,,25.0,M,W,Phoenix,AZ,False,other,Car,False,-112.117,33.784
2181,16-03-17,shot,gun,34.0,M,B,Warren,MI,False,attack,Not fleeing,False,-83.006,42.5
2182,16-03-17,shot,gun,32.0,M,B,Milwaukee,WI,False,other,Not fleeing,True,-87.934,43.106
2183,16-03-17,shot,gun,58.0,M,W,Deltona,FL,True,attack,Not fleeing,False,-81.16,28.881999999999998
2184,16-03-17,shot,,36.0,M,B,Alamo,TN,True,attack,Not fleeing,True,-89.161,35.797
2185,16-03-17,shot and Tasered,gun,32.0,M,B,Fayetteville,NC,False,attack,Not fleeing,False,-78.875,35.066
2186,17-03-17,shot,knife,25.0,M,W,Presque Isle,ME,False,other,Not fleeing,False,-68.035,46.699
2187,17-03-17,shot,toy weapon,59.0,F,W,Lakeland,TN,True,attack,Not fleeing,False,-89.728,35.211999999999996
2188,17-03-17,shot and Tasered,knife,25.0,M,B,Chico,CA,True,other,Not fleeing,False,-121.845,39.725
2189,18-03-17,shot,gun,25.0,M,W,Wichita,KS,False,attack,Not fleeing,False,-97.309,37.624
2190,18-03-17,shot,gun,42.0,M,W,Boise,ID,False,attack,Not fleeing,False,-116.196,43.638999999999996
2191,18-03-17,shot,,36.0,M,W,Cedartown,GA,False,other,Car,False,-85.154,34.051
2192,19-03-17,shot,gun,59.0,M,W,Affton,MO,False,attack,Other,False,-90.29799999999999,38.543
2193,19-03-17,shot,unarmed,21.0,F,B,Gifford,FL,False,other,Not fleeing,False,-80.421,27.675
2194,19-03-17,shot,gun,19.0,M,W,Cape Canaveral,FL,False,attack,Foot,False,-80.602,28.392
2195,19-03-17,shot,gun,45.0,M,H,DeLand,FL,True,other,Car,False,-81.3,29.057
2196,19-03-17,shot,knife,,M,,Desert Hot Springs,CA,False,attack,Not fleeing,False,-116.443,33.925
2197,22-03-17,shot,knife,42.0,M,W,Booneville,KY,False,other,Not fleeing,False,-83.663,37.472
2198,22-03-17,shot,gun,27.0,M,B,Crowley,LA,False,attack,Not fleeing,False,-92.35600000000001,30.209
2199,22-03-17,shot,gun,45.0,M,A,Weston,WI,False,attack,,False,-89.57700000000001,44.913000000000004
2200,23-03-17,shot,machete,51.0,M,B,Des Moines,WA,True,other,Not fleeing,False,-122.31,47.393
2201,23-03-17,shot,knife,42.0,M,B,Sheridan,AR,False,attack,Car,False,-92.23899999999999,34.318000000000005
2202,23-03-17,shot,knife,24.0,M,H,Phoenix,AZ,False,attack,Not fleeing,False,-112.198,33.452
2203,24-03-17,shot,knife,39.0,M,B,Baltimore,MD,True,other,Not fleeing,True,-76.646,39.302
2204,24-03-17,shot,gun,18.0,M,W,Cottonwood,CA,False,attack,Not fleeing,False,-122.281,40.328
2205,24-03-17,shot,gun,26.0,M,H,Cisco,TX,False,other,Foot,False,-98.979,32.375
2206,25-03-17,shot,gun,35.0,M,H,Los Angeles,CA,False,other,Foot,False,-118.211,34.044000000000004
2207,26-03-17,shot,gun,53.0,M,W,Anderson,CA,False,attack,Not fleeing,False,-122.29,40.45
2208,26-03-17,shot,gun,54.0,M,W,Little Rock,AR,False,attack,Foot,False,-92.26799999999999,34.748000000000005
2209,26-03-17,shot,gun,36.0,M,W,Wasilla,AK,False,attack,Other,False,-149.45,61.581
2210,26-03-17,shot,unarmed,56.0,M,W,Delray Beach,FL,True,attack,Not fleeing,False,-80.083,26.461
2211,27-03-17,shot,gun,51.0,M,W,Lewisburg,TN,False,attack,Not fleeing,False,-86.79299999999999,35.429
2212,27-03-17,shot,gun,45.0,M,W,Columbus,MS,False,attack,Car,False,-88.435,33.503
2213,27-03-17,shot,knife,28.0,M,W,Montgomery Village,MD,False,other,Not fleeing,True,-77.205,39.17
2214,28-03-17,shot,gun,36.0,M,W,Lafayette,IN,False,attack,Car,False,-86.63799999999999,40.466
2215,28-03-17,shot,gun,73.0,M,W,Manistee,MI,False,attack,Not fleeing,False,-86.329,44.245
2216,29-03-17,shot,gun,26.0,M,W,Chattanooga,TN,False,other,Not fleeing,False,-85.23200000000001,35.021
2217,29-03-17,shot,gun,41.0,M,W,Stockton,IL,False,attack,Car,False,-90.014,42.35
2218,29-03-17,shot,gun,59.0,M,W,Byars,OK,False,attack,Car,False,-97.052,34.872
2219,29-03-17,shot,undetermined,28.0,M,B,New Castle,DE,False,other,Car,False,-75.567,39.678000000000004
2220,29-03-17,shot,gun,45.0,M,W,Lawrenceburg,KY,False,attack,Not fleeing,False,-85.146,37.964
2221,29-03-17,shot,,27.0,M,W,Whitewright,TX,False,other,Car,False,-96.296,33.523
2222,30-03-17,shot,,46.0,M,W,Cranbury Township,NJ,False,other,Car,False,-74.492,40.309
2223,01-04-17,shot,gun,34.0,M,B,Cantonment,FL,False,attack,Foot,False,-87.292,30.558000000000003
2224,01-04-17,shot,knife,30.0,M,A,New Iberia,LA,False,other,,False,-91.84,30.011999999999997
2225,03-04-17,shot and Tasered,gun,46.0,M,H,Pendleton,SC,True,other,Not fleeing,True,-82.786,34.663000000000004
2226,04-04-17,shot,unarmed,47.0,M,H,Bakersfield,CA,False,other,Foot,False,-119.005,35.275999999999996
2227,04-04-17,shot,,32.0,M,H,Houston,TX,False,attack,Car,False,-95.398,29.896
2228,04-04-17,shot,gun,65.0,M,W,Napa,CA,False,attack,Car,False,-122.316,38.311
2229,05-04-17,shot,gun,19.0,M,H,Goshen,IN,False,attack,Car,False,-85.816,41.576
2230,05-04-17,shot,,22.0,M,W,Little Rock,AR,False,other,,False,-92.395,34.744
2231,06-04-17,shot,toy weapon,39.0,M,B,Westerville,OH,True,attack,Not fleeing,False,-82.947,40.115
2232,06-04-17,shot,gun,38.0,M,W,Madison Township,OH,True,attack,Not fleeing,False,-81.051,41.833
2233,06-04-17,shot,gun,68.0,M,W,Bradenton,FL,False,attack,Not fleeing,False,-82.568,27.439
2234,06-04-17,shot,gun,49.0,M,B,Largo,FL,False,attack,Not fleeing,False,,
2235,06-04-17,shot,gun,37.0,M,B,Newark,NJ,False,attack,Not fleeing,False,-74.202,40.716
2236,07-04-17,shot,gun,33.0,M,A,Kyle,SD,False,attack,Car,False,-102.177,43.425
2237,08-04-17,shot,knife,25.0,M,W,Eau Claire,WI,False,other,Not fleeing,False,-91.539,44.825
2238,09-04-17,shot,knife,36.0,M,H,Santa Paula,CA,False,attack,Not fleeing,False,-119.071,34.349000000000004
2239,09-04-17,shot,gun,36.0,M,,Ontario,CA,False,other,Not fleeing,False,-117.611,34.078
2240,10-04-17,shot,gun,30.0,M,W,Cleveland,OH,False,other,Not fleeing,False,-81.71,41.45399999999999
2241,10-04-17,shot,gun,39.0,M,B,Houston,TX,False,other,Foot,True,-95.45,29.862
2242,12-04-17,shot,gun,28.0,M,B,Los Angeles,CA,False,other,Not fleeing,False,-118.24700000000001,33.954
2243,13-04-17,shot,,28.0,M,W,Avondale,AZ,False,other,Not fleeing,False,-112.34100000000001,33.461
2244,13-04-17,shot,gun,25.0,M,W,Udall,KS,False,attack,Car,False,-97.15100000000001,37.321
2245,13-04-17,shot,gun,57.0,M,W,Suffield,CT,False,other,,False,-72.61399999999999,41.998999999999995
2246,14-04-17,shot,gun,33.0,M,W,Spanaway,WA,True,other,Car,False,-122.355,47.083999999999996
2247,14-04-17,shot,knife,24.0,M,N,Mandan,ND,False,other,Not fleeing,False,-100.89,46.827
2248,14-04-17,shot,gun,,M,,Paterson,NJ,True,attack,Not fleeing,False,-74.154,40.923
2249,15-04-17,shot,gun,33.0,M,B,West Memphis,AR,False,attack,,False,-90.15299999999999,35.154
2250,15-04-17,shot,knife,56.0,M,W,Newport Beach,CA,False,other,Not fleeing,False,-117.948,33.626
2251,15-04-17,shot,gun,56.0,M,W,Colebrook Township,OH,True,attack,Not fleeing,False,-80.801,41.56
2252,15-04-17,shot,unarmed,16.0,M,H,Fresno,CA,False,other,Foot,True,-119.772,36.801
2253,16-04-17,shot,gun,47.0,M,W,Vadnais Heights,MN,False,other,Not fleeing,False,-93.037,45.041000000000004
2254,17-04-17,shot,,33.0,M,W,Clarksville,TN,False,other,Car,False,,
2255,18-04-17,shot,,32.0,M,W,Brandywine,WV,False,attack,Car,False,-79.258,38.496
2256,19-04-17,shot,gun,21.0,M,B,Wilmington,DE,False,attack,Other,True,-75.545,39.872
2257,20-04-17,shot,gun,64.0,M,W,Logan County,OK,True,attack,Not fleeing,False,-97.37200000000001,35.74
2258,20-04-17,shot,gun,19.0,M,B,Seattle,WA,False,attack,,False,-122.337,47.604
2259,20-04-17,shot,gun,26.0,M,H,Hardeeville,SC,False,attack,Not fleeing,False,-81.082,32.294000000000004
2260,20-04-17,shot,,25.0,M,H,Glendale,AZ,False,other,Car,False,-112.171,33.538000000000004
2261,20-04-17,shot,unarmed,17.0,F,W,Glendale,AZ,False,other,Car,False,-112.17200000000001,33.553000000000004
2262,20-04-17,shot and Tasered,knife,55.0,M,H,San Antonio,TX,False,other,,False,-98.527,29.429000000000002
2263,21-04-17,shot,gun,25.0,M,W,West Linn,OR,True,other,Not fleeing,False,-122.62299999999999,45.358999999999995
2264,22-04-17,shot,hatchet and gun,43.0,M,A,Yuba City,CA,False,attack,Foot,False,-121.634,39.13
2265,22-04-17,shot,,39.0,M,B,Portage,IN,True,other,Not fleeing,False,-87.212,41.571000000000005
2266,22-04-17,shot,knife,24.0,M,W,Hamilton,OH,True,other,Not fleeing,False,-84.51100000000001,39.373000000000005
2267,23-04-17,shot,gun,70.0,M,W,Prescott,AZ,False,attack,Not fleeing,False,-112.478,34.527
2268,24-04-17,shot,gun,79.0,M,W,Stewartstown,PA,True,attack,Not fleeing,False,-76.585,39.754
2269,24-04-17,shot,gun,16.0,M,B,Houston,TX,False,other,Foot,True,-95.645,29.878
2270,24-04-17,shot,unarmed,35.0,M,W,Wolf Creek,OR,False,attack,Not fleeing,False,-123.395,42.696000000000005
2271,24-04-17,shot,gun,15.0,M,B,Killeen,TX,False,attack,Not fleeing,False,,
2272,25-04-17,shot,gun,23.0,M,B,Newark,NJ,False,other,Car,False,-74.209,40.744
2273,25-04-17,shot,gun,53.0,M,H,Fort Worth,TX,True,attack,,True,-97.25,32.74
2274,25-04-17,shot,,20.0,M,H,Bellflower,CA,False,other,Car,False,-118.118,33.91
2275,25-04-17,shot and Tasered,knife,27.0,M,B,Lizella,GA,False,other,Not fleeing,False,-83.78299999999999,32.803000000000004
2276,26-04-17,shot,gun,53.0,M,W,Lewistown,PA,True,other,Not fleeing,False,-77.566,40.611
2277,26-04-17,shot,,32.0,M,W,Columbus,OH,False,other,Car,False,-82.964,39.935
2278,26-04-17,shot and Tasered,Taser,57.0,M,B,Jacksonville,FL,False,other,Not fleeing,False,-81.649,30.355999999999998
2279,27-04-17,shot,gun,26.0,M,B,Middletown,DE,False,attack,Not fleeing,False,-75.71600000000001,39.45
2280,27-04-17,shot,gun,53.0,M,W,Rapid City,SD,True,attack,Not fleeing,False,-103.244,44.105
2281,28-04-17,shot,gun,32.0,M,B,Atlanta,GA,False,attack,Not fleeing,False,-84.46700000000001,33.751999999999995
2282,28-04-17,shot,gun,25.0,M,H,San Mateo,CA,False,attack,Not fleeing,False,-123.98899999999999,41.364
2283,29-04-17,shot,unarmed,15.0,M,B,Balch Springs,TX,False,undetermined,Not fleeing,True,-96.615,32.711999999999996
2284,29-04-17,shot,crossbow,59.0,M,W,Papaaloa,HI,False,other,Not fleeing,False,,
2285,29-04-17,shot,gun,35.0,M,B,Newport News,VA,False,attack,Not fleeing,False,-76.434,37.001999999999995
2286,29-04-17,shot,,33.0,M,H,Eldorado,NM,False,attack,Not fleeing,True,-105.889,35.519
2287,30-04-17,shot,gun,32.0,M,W,Tom,OK,True,attack,Not fleeing,False,-94.59899999999999,33.729
2288,30-04-17,shot,gun,49.0,M,W,University City,CA,False,attack,Not fleeing,False,-117.20299999999999,32.872
2289,30-04-17,shot,gun,46.0,M,B,Detroit,MI,False,attack,Not fleeing,False,-83.18700000000001,42.358000000000004
2290,01-05-17,shot,gun,25.0,M,W,Conroe,TX,False,attack,Not fleeing,False,-95.463,30.34
2291,02-05-17,shot,gun,20.0,M,H,Austin,TX,True,other,Not fleeing,False,-97.65100000000001,30.372
2292,02-05-17,shot and Tasered,knife,48.0,M,B,Irving,TX,False,attack,Not fleeing,False,-96.977,32.8
2293,03-05-17,shot,knife,,M,,San Jose,CA,True,attack,Not fleeing,False,-121.804,37.355
2294,03-05-17,shot,gun,24.0,M,W,San Jose,CA,True,attack,Not fleeing,False,-121.89399999999999,37.302
2295,03-05-17,shot,gun,18.0,M,B,Grand Rapids,MI,False,attack,Not fleeing,True,-85.63600000000001,42.934
2296,03-05-17,shot,gun,67.0,M,W,Peachtree City,GA,True,attack,Not fleeing,False,-84.56,33.405
2297,03-05-17,shot,knife,26.0,M,W,San Francisco,CA,False,attack,Not fleeing,True,-122.40799999999999,37.784
2298,04-05-17,shot,gun,54.0,F,H,Katy,TX,True,other,Not fleeing,False,-95.73899999999999,29.804000000000002
2299,06-05-17,shot,toy weapon,15.0,M,W,San Diego,CA,True,attack,Not fleeing,True,-117.226,32.957
2300,07-05-17,shot,undetermined,27.0,M,B,Phenix City,AL,False,undetermined,Other,True,-85.01,32.471
2301,07-05-17,shot,gun,26.0,M,H,Buffalo,NY,False,attack,Foot,False,-78.904,42.943999999999996
2302,07-05-17,shot,ax,62.0,M,W,Las Vegas,NV,True,other,Not fleeing,False,-115.06,36.2
2303,07-05-17,shot,gun,24.0,M,B,Austin,TX,False,attack,Foot,False,-97.73899999999999,30.267
2304,08-05-17,shot,rock,32.0,M,B,Rancho Cordova,CA,True,attack,Foot,False,-121.287,38.59
2305,08-05-17,shot,gun,29.0,M,W,Los Angeles,CA,False,attack,Not fleeing,False,-118.305,34.275
2306,09-05-17,shot,,16.0,M,H,Bridgeport,CT,False,undetermined,Car,False,-73.199,41.175
2307,09-05-17,shot,gun,25.0,M,B,Jacksonville,FL,True,attack,Not fleeing,False,-81.51899999999999,30.322
2308,09-05-17,shot,gun,40.0,M,W,Westminster,CO,False,attack,Not fleeing,False,-105.00399999999999,39.943000000000005
2309,09-05-17,shot,unarmed,39.0,M,W,Lexington,SC,False,other,Foot,False,-81.34,33.839
2310,09-05-17,shot,gun,34.0,M,W,Tiffin,OH,False,attack,Not fleeing,False,-83.17299999999999,41.091
2311,09-05-17,shot,toy weapon,36.0,M,W,Brighton Township,MI,True,attack,Not fleeing,False,-83.755,42.536
2312,10-05-17,shot,knife,24.0,M,B,Portland,OR,True,other,Foot,False,-122.569,45.468
2313,10-05-17,shot,gun,50.0,F,B,St. Louis,MO,False,attack,Not fleeing,False,-90.257,38.566
2314,10-05-17,shot and Tasered,,50.0,M,W,Barona Indian Reservation,CA,False,other,Car,False,-116.84,32.955999999999996
2315,11-05-17,shot,gun,,M,H,Arlington,TX,False,attack,Not fleeing,False,-97.1,32.738
2316,12-05-17,shot,gun,30.0,M,W,Billings,MT,True,attack,Not fleeing,False,-108.50399999999999,45.782
2317,12-05-17,shot,unarmed,35.0,M,W,Baldwin County,AL,False,other,Not fleeing,False,-122.27600000000001,37.779
2318,12-05-17,shot,gun,46.0,M,W,Jupiter,FL,False,attack,Car,False,-80.102,26.926
2319,12-05-17,shot and Tasered,knife,51.0,M,B,Philadelphia,PA,False,other,Not fleeing,False,-75.219,39.942
2320,13-05-17,shot,gun,37.0,M,W,West Allis,WI,False,attack,Foot,False,-87.99,43.01
2321,13-05-17,shot,gun,41.0,M,B,Columbia,MO,False,attack,,False,-92.339,38.945
2322,14-05-17,shot,gun,41.0,M,H,Kingman,AZ,False,attack,Car,False,-114.053,35.189
2323,14-05-17,shot,gun,48.0,M,W,Pulaski,VA,True,attack,Not fleeing,False,-80.779,37.041
2324,15-05-17,shot,gun,27.0,F,B,Phoenix,AZ,False,other,Not fleeing,False,-112.07600000000001,33.461999999999996
2325,15-05-17,shot,gun,29.0,M,B,Richmond,VA,False,other,Not fleeing,False,-77.44,37.472
2326,15-05-17,shot,gun,47.0,M,W,Johnson City,TN,True,attack,Other,False,-82.301,36.298
2327,15-05-17,shot,undetermined,,M,,Long Beach,CA,False,attack,Other,False,-118.165,33.874
2328,15-05-17,shot,knife,34.0,M,H,Del Mar,CA,True,attack,Foot,False,-117.26899999999999,32.977
2329,15-05-17,shot,crossbow,48.0,M,W,Wewoka,OK,False,attack,Not fleeing,False,-96.493,35.153
2330,16-05-17,shot,gun,41.0,F,W,Washington,DC,False,attack,Not fleeing,False,-77.006,38.821999999999996
2331,16-05-17,shot,knife,25.0,M,B,Tempe,AZ,False,other,,False,-111.926,33.393
2332,16-05-17,shot,gun,24.0,M,H,Tustin,CA,True,attack,Not fleeing,False,-117.84200000000001,33.742
2333,16-05-17,shot,gun,38.0,M,W,Three Forks,MT,False,attack,Car,False,-111.541,45.903999999999996
2334,17-05-17,shot,,28.0,M,W,Arlington,VA,False,attack,Car,False,-77.107,38.876
2335,20-05-17,shot,fireworks,47.0,M,W,Lower Mount Bethel,PA,True,other,Not fleeing,False,-75.20100000000001,40.809
2336,20-05-17,shot,gun,65.0,M,W,Belgrade,ME,False,attack,Not fleeing,False,-69.808,44.482
2337,20-05-17,shot,toy weapon,58.0,M,W,Pleasanton,CA,True,attack,Not fleeing,True,-121.85,37.663000000000004
2338,21-05-17,shot,gun,33.0,M,B,Appleton,WI,False,attack,Not fleeing,False,-88.414,44.262
2339,21-05-17,shot,gun,43.0,M,W,Allentown,PA,False,attack,Car,False,-75.501,40.606
2340,21-05-17,shot,unarmed,24.0,M,B,Converse,LA,False,attack,Not fleeing,False,-93.699,31.781
2341,21-05-17,shot,unarmed,37.0,M,H,Orlando,FL,False,attack,Not fleeing,False,-81.418,28.45
2342,22-05-17,shot,knife,31.0,M,W,Mountain Home,ID,False,attack,Not fleeing,False,-115.67299999999999,43.131
2343,23-05-17,shot,gun,65.0,M,W,Pahrump,NV,False,attack,Not fleeing,False,-116.052,36.222
2344,23-05-17,shot,gun,59.0,M,W,San Francisco,CA,False,other,Not fleeing,False,-122.46700000000001,37.647
2345,23-05-17,shot,gun,74.0,M,W,Knoxville,TN,False,attack,Not fleeing,False,-83.89,35.881
2346,23-05-17,shot and Tasered,gun,21.0,M,H,Glendale,AZ,False,attack,Other,False,-112.152,33.553000000000004
2347,24-05-17,shot,unarmed,24.0,M,W,Canton,OH,True,attack,Not fleeing,True,-81.385,40.821999999999996
2348,24-05-17,shot,gun,,M,H,Los Angeles,CA,False,attack,Not fleeing,False,-118.23299999999999,34.049
2349,25-05-17,shot,gun,23.0,M,W,Fairbanks,AK,False,attack,Car,False,,
2350,26-05-17,shot,unarmed,59.0,M,H,San Rafael,NM,False,undetermined,Not fleeing,False,,
2351,26-05-17,shot,gun,33.0,M,W,St. Louis,MO,True,attack,Not fleeing,False,-90.294,38.561
2352,26-05-17,shot,toy weapon,34.0,M,W,Tucson,AZ,True,attack,Not fleeing,False,-110.956,32.149
2353,27-05-17,shot,,30.0,M,W,Oneida,TN,False,other,Car,False,-84.51,36.513000000000005
2354,27-05-17,shot,gun,30.0,M,,Austell,GA,False,attack,Not fleeing,False,-84.62200000000001,33.796
2355,28-05-17,shot,gun,,M,,Miami,FL,False,attack,Car,False,-80.141,25.775
2356,28-05-17,shot,gun,22.0,M,B,Cary,NC,False,attack,Not fleeing,False,-78.844,35.8
2357,28-05-17,shot and Tasered,ax,35.0,M,,San Jose,CA,True,other,Not fleeing,False,-121.88799999999999,37.339
2358,29-05-17,shot,gun,37.0,M,W,Arundel,ME,False,other,Not fleeing,False,-70.527,43.473
2359,29-05-17,shot,,20.0,M,H,Vacaville,CA,False,attack,Car,True,-121.956,38.368
2360,29-05-17,shot,gun,62.0,M,,Gerrardstown,WV,True,attack,Not fleeing,False,-78.109,39.39
2361,30-05-17,shot,gun,18.0,M,H,Salt Lake City,UT,False,attack,Car,False,-111.891,40.760999999999996
2362,31-05-17,shot,,24.0,M,W,Hesperia,CA,False,attack,,False,-117.37100000000001,34.427
2363,31-05-17,shot,gun,17.0,M,W,Centennial,CO,False,other,Other,False,-104.896,39.578
2364,01-06-17,shot,gun,27.0,M,H,Las Vegas,NV,True,attack,Not fleeing,False,-115.038,36.191
2365,02-06-17,shot,,51.0,M,W,Yulee,FL,False,attack,Car,False,-81.51,30.625999999999998
2366,02-06-17,shot,gun,29.0,M,B,Abbeville,AL,False,attack,Not fleeing,False,-85.281,31.573
2367,02-06-17,shot,unarmed,34.0,M,B,Petal,MS,False,attack,Not fleeing,False,-89.259,31.357
2368,02-06-17,shot,gun,18.0,M,A,Tulsa,OK,False,attack,Foot,False,-95.861,36.150999999999996
2369,02-06-17,shot,gun,17.0,M,B,Chicago,IL,False,attack,Not fleeing,False,-87.624,41.76
2370,02-06-17,shot,gun,55.0,M,H,Laredo,TX,False,attack,Not fleeing,False,-99.48299999999999,27.545
2371,03-06-17,shot,gun,44.0,M,W,Avondale,AZ,False,attack,Not fleeing,False,-112.29,33.479
2372,04-06-17,shot,gun,27.0,M,W,Callahan,FL,False,attack,,False,-81.777,30.522
2373,04-06-17,shot,gun,66.0,M,W,Campo,CA,True,attack,Not fleeing,False,-116.512,32.68
2374,05-06-17,shot,gun,45.0,M,W,Bardstown,KY,False,attack,Car,False,-85.45100000000001,37.806
2375,05-06-17,shot,gun,47.0,M,B,Miami,FL,False,other,,False,-80.313,25.809
2376,05-06-17,shot,gun,34.0,M,W,Lakes Wales,FL,False,attack,Other,False,-81.465,27.872
2377,05-06-17,shot,gun,37.0,M,B,Gonzales County,TX,False,other,,False,-97.243,29.458000000000002
2378,06-06-17,shot,gun,54.0,M,W,Orrington,ME,False,attack,Not fleeing,False,-68.801,44.72
2379,06-06-17,shot,gun,50.0,M,,Vancouver,WA,False,attack,Car,False,-122.486,45.676
2380,07-06-17,shot,gun,21.0,M,H,Fresno,CA,False,attack,,True,-119.809,36.786
2381,07-06-17,shot,gun,21.0,M,W,St. Louis,MO,False,attack,Not fleeing,False,-89.52799999999999,36.585
2382,07-06-17,shot,gun,35.0,M,W,Dundalk,MD,False,attack,Not fleeing,True,-76.51100000000001,39.243
2383,07-06-17,shot,gun,75.0,M,W,Hudson,NC,True,attack,Not fleeing,False,-81.49,35.819
2384,08-06-17,shot,gun,33.0,F,W,Long Beach,CA,False,attack,Not fleeing,False,-118.09899999999999,33.81
2385,08-06-17,shot,gun,45.0,M,H,Bakersfield,CA,False,attack,Not fleeing,False,-117.681,35.615
2386,08-06-17,shot,gun,48.0,M,W,Loveland,CO,False,attack,,False,-105.124,40.399
2387,08-06-17,shot,gun,58.0,M,W,Roland,OK,True,attack,Not fleeing,False,-94.515,35.421
2388,08-06-17,shot and Tasered,unarmed,30.0,M,B,Philadelphia,PA,False,other,Foot,False,-75.119,40.013000000000005
2389,09-06-17,shot,gun,44.0,M,H,Lyons,IL,False,attack,Car,False,-87.821,41.82
2390,09-06-17,shot,gun,82.0,M,W,Miami,FL,True,attack,,False,-80.328,25.744
2391,09-06-17,shot and Tasered,knife,29.0,M,B,Tulsa,OK,True,other,Not fleeing,False,-95.993,36.22
2392,10-06-17,shot,knife,25.0,M,O,Auburn,WA,False,other,Car,False,-122.22399999999999,47.288000000000004
2393,10-06-17,shot,gun,53.0,M,W,North English,IA,False,other,Not fleeing,False,-92.079,41.515
2394,10-06-17,shot,knife,60.0,M,W,Abilene,TX,True,other,Not fleeing,False,-99.712,32.431
2395,11-06-17,shot,,19.0,M,B,Milwaukee,WI,False,other,Car,False,-87.874,43.06100000000001
2396,12-06-17,shot,gun,63.0,M,H,Plano,TX,False,attack,Not fleeing,False,-96.795,33.06
2397,12-06-17,shot,gun,50.0,M,W,Trosper,KY,False,attack,Not fleeing,False,-83.823,36.789
2398,12-06-17,shot,gun,35.0,M,W,Cade,LA,False,other,Not fleeing,False,-91.90100000000001,30.114
2399,12-06-17,shot and Tasered,knife,45.0,M,H,Selma,CA,False,other,Not fleeing,False,-119.615,36.584
2400,13-06-17,shot,gun,24.0,M,W,Jerseyville,IL,False,attack,Foot,False,-90.319,39.12
2401,13-06-17,shot,gun,36.0,M,W,Hampton,NH,False,other,Not fleeing,False,,
2402,13-06-17,shot,gun,35.0,M,B,Baton Rouge,LA,False,other,Not fleeing,False,-91.152,30.44
2403,13-06-17,shot,gun,33.0,M,B,St Louis,MO,False,attack,Not fleeing,False,-90.21600000000001,38.596
2404,14-06-17,shot,gun,66.0,M,W,Alexandria,VA,False,attack,Not fleeing,False,,
2405,14-06-17,shot,knife,54.0,M,W,Somerville,TN,True,other,Not fleeing,False,-89.365,35.236999999999995
2406,14-06-17,shot and Tasered,pen,20.0,M,A,Burien,WA,False,attack,Not fleeing,False,-122.33,47.481
2407,15-06-17,shot,gun,40.0,M,W,Newton,NH,False,undetermined,Car,False,-71.021,42.872
2408,16-06-17,shot,gun,41.0,M,W,Water Valley,MS,False,attack,Car,False,-89.624,34.141
2409,16-06-17,shot,gun,30.0,M,H,Rialto,CA,False,other,Not fleeing,True,-117.352,34.095
2410,16-06-17,shot,machete,32.0,M,H,Madera,CA,True,other,Not fleeing,False,-120.05799999999999,36.978
2411,16-06-17,shot,unarmed,24.0,F,W,Water Valley,MS,False,other,Car,False,-89.624,34.141
2412,16-06-17,shot,gun,37.0,M,W,Antioch,CA,False,other,Foot,False,-121.824,38.003
2413,17-06-17,shot,vehicle,28.0,F,H,Montebello,CA,False,other,Not fleeing,False,-118.12799999999999,33.98
2414,17-06-17,shot,gun,48.0,M,W,Rapid City,SD,False,attack,Not fleeing,False,-103.219,44.129
2415,18-06-17,shot,knife,30.0,F,B,Seattle,WA,True,other,Not fleeing,False,-122.262,47.678000000000004
2416,18-06-17,shot,gun,64.0,M,W,Waukesha,WI,True,other,Not fleeing,False,-88.256,43.03
2417,19-06-17,shot,gun,21.0,M,N,Fairbanks,AK,True,attack,Foot,False,-147.76,64.833
2418,19-06-17,shot,gun,28.0,M,W,Dallas,TX,False,other,Not fleeing,False,-96.64200000000001,32.746
2419,20-06-17,shot,toy weapon,36.0,M,H,South Gate,CA,False,attack,Other,False,-118.205,33.963
2420,20-06-17,shot,gun,40.0,M,W,Franklin,TN,False,attack,Car,False,-86.83200000000001,35.858000000000004
2421,20-06-17,shot,gun,32.0,M,W,St. Clair Township,OH,True,attack,Other,False,-84.51700000000001,39.449
2422,20-06-17,shot,gun,50.0,M,W,Lehigh,KS,True,other,Not fleeing,False,-97.303,38.376999999999995
2423,20-06-17,shot and Tasered,knife,28.0,M,H,Las Vegas,NV,False,other,Not fleeing,True,-115.271,36.159
2424,21-06-17,shot,undetermined,33.0,M,W,Nevada,MO,False,undetermined,Car,False,-122.559,47.566
2425,21-06-17,shot,knife,37.0,M,H,Millerton,OK,False,other,Not fleeing,False,-95.015,33.989000000000004
2426,22-06-17,shot,unarmed,17.0,M,H,Palmdale,CA,False,other,Not fleeing,False,-118.11200000000001,34.582
2427,23-06-17,shot,gun,20.0,M,H,Hollywood Hills,CA,False,attack,Not fleeing,False,-118.346,34.105
2428,23-06-17,shot,,34.0,M,H,Phoenix,AZ,False,attack,Car,False,-112.022,33.45
2429,24-06-17,shot,gun,37.0,M,W,Florence,OR,True,attack,Car,False,-124.101,43.975
2430,24-06-17,shot,,24.0,M,W,Deer Park,AL,False,other,Not fleeing,False,-88.31,31.22
2431,24-06-17,shot,gun,47.0,M,W,Tulsa,OK,False,attack,Foot,False,-95.851,36.155
2432,24-06-17,shot,,20.0,M,B,Kent,WA,False,other,Car,False,-122.209,47.383
2433,25-06-17,shot,gun,56.0,M,B,North Charleston,SC,False,undetermined,Foot,False,-80.042,32.955
2434,25-06-17,shot,gun,24.0,M,B,Oklahoma City,OK,False,attack,Not fleeing,True,-97.516,35.45
2435,25-06-17,shot,gun,47.0,M,W,Phoenix,AZ,False,attack,Not fleeing,False,-111.991,33.756
2436,25-06-17,shot,gun,56.0,M,,Las Vegas,NV,False,attack,Not fleeing,True,-115.235,36.194
2437,26-06-17,shot,gun,36.0,M,H,Rowe,NM,True,attack,Not fleeing,False,-105.67200000000001,35.492
2438,27-06-17,shot and Tasered,gun,35.0,M,H,Amarillo,TX,False,attack,Foot,False,-101.806,35.203
2439,28-06-17,shot,gun,,M,,Los Angeles,CA,True,attack,Not fleeing,True,-118.26299999999999,34.059
2440,28-06-17,shot,screwdriver,37.0,M,B,Nashville,TN,False,attack,Not fleeing,False,-86.802,36.141999999999996
2441,29-06-17,shot,unarmed,45.0,M,B,Indianapolis,IN,False,other,Car,False,-86.179,39.799
2442,29-06-17,shot,toy weapon,41.0,M,H,Burbank,CA,False,attack,Not fleeing,False,-118.322,34.19
2443,29-06-17,shot,,23.0,M,B,Marietta,GA,False,other,Not fleeing,False,-84.50399999999999,33.935
2444,29-06-17,shot,Taser,37.0,M,H,Deltona,FL,False,other,Not fleeing,False,-81.264,28.910999999999998
2445,30-06-17,shot,gun,32.0,F,,Denver,CO,False,attack,Car,False,-104.992,39.696999999999996
2446,30-06-17,shot,unarmed,23.0,M,W,Loveland,CO,False,attack,Foot,False,-105.03,40.588
2447,30-06-17,shot,gun,33.0,M,H,Westminster,CO,False,other,Foot,False,-105.035,39.82
2448,01-07-17,shot,gun,23.0,M,H,Glendale,AZ,False,other,Not fleeing,True,-112.234,33.538000000000004
2449,01-07-17,shot,gun,37.0,M,B,Lawndale,IL,False,other,Not fleeing,True,-87.734,41.851000000000006
2450,01-07-17,shot,knife,19.0,M,A,Fort Collins,CO,True,other,Not fleeing,True,-105.087,40.567
2451,02-07-17,shot,gun,39.0,M,W,Norfolk,VA,True,attack,Not fleeing,False,-76.202,36.93
2452,03-07-17,shot,gun,53.0,M,W,Spokane,WA,False,other,Not fleeing,True,-117.37100000000001,47.601000000000006
2453,03-07-17,shot,gun,51.0,M,W,Fishers,IN,True,attack,Not fleeing,False,-86.027,39.966
2454,03-07-17,shot,gun,25.0,M,W,Hillsboro,OR,False,attack,Foot,False,-122.948,45.533
2455,03-07-17,shot,gun,45.0,M,W,Bonaire,GA,False,undetermined,Not fleeing,False,-83.58200000000001,32.542
2456,04-07-17,shot,gun,,M,,Federal Heights,CO,False,undetermined,Not fleeing,False,-105.008,39.852
2457,04-07-17,shot,gun,28.0,M,H,Albuquerque,NM,False,undetermined,Other,False,-106.72200000000001,35.053000000000004
2458,04-07-17,shot,knife,36.0,M,B,Vandalia,OH,False,attack,Not fleeing,False,-84.191,39.891
2459,04-07-17,shot,,32.0,M,H,Centerville,UT,True,undetermined,Car,False,-111.9,40.922
2460,04-07-17,shot,gun,39.0,M,W,Belleville,IL,True,attack,Not fleeing,False,-90.014,38.516999999999996
2461,04-07-17,shot,gun,46.0,M,W,Richland,WA,False,other,Not fleeing,False,-119.353,46.266000000000005
2462,04-07-17,shot,gun,53.0,M,N,Pleasant View,CO,False,attack,Not fleeing,False,-108.831,37.55
2463,04-07-17,shot,gun,42.0,M,B,Antioch,CA,False,other,Car,False,-121.788,38.009
2464,05-07-17,shot,gun,34.0,M,B,New York,NY,False,attack,Foot,False,,
2465,05-07-17,shot,gun,29.0,F,W,Des Moines,IA,False,attack,Foot,True,-93.601,41.608000000000004
2466,05-07-17,shot,chainsaw,53.0,M,W,Maeystown,IL,False,other,Not fleeing,False,-90.23,38.23
2467,05-07-17,shot,gun,45.0,M,W,Sallisaw,OK,False,attack,Not fleeing,False,-94.804,35.449
2468,05-07-17,shot,unarmed,24.0,M,H,Vista,CA,False,undetermined,Foot,False,-117.25299999999999,33.2
2469,05-07-17,shot,gun,51.0,M,W,Madison,ME,False,attack,,False,-69.78699999999999,44.791000000000004
2470,06-07-17,shot,undetermined,35.0,M,H,Plant City,FL,False,other,Car,False,-82.105,28.008000000000003
2471,06-07-17,shot,unarmed,27.0,M,B,Mamou,LA,False,other,Not fleeing,False,-92.40700000000001,30.593000000000004
2472,07-07-17,shot,unarmed,33.0,M,B,Marietta,GA,True,attack,Not fleeing,False,-84.477,33.900999999999996
2473,07-07-17,shot,undetermined,16.0,M,W,Huntsville,AL,False,attack,Car,False,-86.61200000000001,34.711999999999996
2474,07-07-17,shot,gun,30.0,M,B,Columbus,OH,False,undetermined,Not fleeing,True,,
2475,08-07-17,shot,knife,22.0,M,A,Lacey,WA,True,other,Not fleeing,False,,
2476,08-07-17,shot,knife,23.0,M,B,Crescent City,FL,True,other,Not fleeing,False,-81.531,29.448
2477,08-07-17,shot,gun,50.0,F,W,Newton Grove,NC,False,attack,Not fleeing,False,-78.367,35.236
2478,09-07-17,shot,gun,28.0,M,W,Uniontown,OH,False,attack,Not fleeing,False,-81.36399999999999,40.955999999999996
2479,09-07-17,shot,gun,34.0,M,W,Bainbridge Island,WA,False,attack,Not fleeing,False,,
2480,09-07-17,shot,gun,24.0,M,H,Chicago,IL,False,attack,Foot,False,-87.75200000000001,41.933
2481,09-07-17,shot,gun,54.0,M,B,Akron,OH,False,attack,Not fleeing,False,-81.569,41.122
2482,10-07-17,shot,,26.0,M,W,Mt Airy,MD,False,attack,Not fleeing,False,-77.206,39.34
2483,10-07-17,shot,gun,39.0,M,W,North Branch,MN,False,attack,Car,False,,
2484,11-07-17,shot,gun,34.0,M,W,Milwaukee,WI,True,other,Car,False,,
2485,11-07-17,shot,knife,27.0,M,W,Las Vegas,NV,True,undetermined,,True,-115.229,36.235
2486,11-07-17,shot,gun,48.0,M,W,Poplar Bluff,MO,False,other,Not fleeing,False,-90.429,36.783
2487,11-07-17,shot,knife,47.0,M,B,Leavenworth,KS,False,undetermined,Not fleeing,False,-94.91,39.302
2488,11-07-17,shot,gun,54.0,M,W,Golden Valley,AZ,False,attack,Foot,False,-114.223,35.222
2489,12-07-17,shot,gun,33.0,M,N,Oklahoma City,OK,False,attack,Not fleeing,False,-97.56700000000001,35.442
2490,12-07-17,shot,undetermined,40.0,M,W,Lake View,SC,True,other,Not fleeing,False,-79.252,34.348
2491,12-07-17,shot,blunt object,58.0,M,W,Grover Beach,CA,False,other,Not fleeing,False,-120.619,35.124
2492,13-07-17,shot,gun,55.0,M,W,Pima,AZ,False,undetermined,,False,-111.223,32.091
2493,13-07-17,shot,knife,47.0,M,W,Crystal Springs,FL,True,other,Not fleeing,False,-82.182,28.195
2494,13-07-17,shot,knife,42.0,M,H,Goodyear,AZ,False,attack,Not fleeing,False,,
2495,15-07-17,shot,gun,29.0,M,H,Los Angeles,CA,False,undetermined,Foot,False,-118.428,34.259
2496,15-07-17,shot,unarmed,40.0,F,W,Minneapolis,MN,False,undetermined,Not fleeing,False,-93.318,44.851000000000006
2497,15-07-17,shot,gun,23.0,M,B,Moreno Valley,CA,True,other,Not fleeing,False,-117.273,33.936
2498,15-07-17,shot,gun,23.0,M,W,Arlington,TX,False,attack,Foot,False,-97.169,32.718
2499,17-07-17,shot,gun,25.0,F,B,Norfolk,VA,False,attack,Not fleeing,False,-76.315,36.944
2500,17-07-17,shot,gun,52.0,M,H,Las Cruces,NM,False,attack,Not fleeing,True,-106.76299999999999,32.304
2501,17-07-17,shot,gun,43.0,M,W,Culpeper,VA,False,attack,Car,False,-78.098,38.522
2502,17-07-17,shot,gun,37.0,M,H,San Antonio,TX,False,attack,Not fleeing,False,-98.54,29.41
2503,18-07-17,shot,gun,32.0,M,W,Clay,AL,True,attack,Not fleeing,False,-86.613,33.705
2504,18-07-17,shot,gun,70.0,M,W,Springfield,OR,True,other,Not fleeing,False,-123.01799999999999,44.068000000000005
2505,18-07-17,shot,gun,36.0,M,,Eagar,AZ,False,other,Not fleeing,False,-109.292,34.123000000000005
2506,19-07-17,shot,gun,24.0,M,W,Fair Oaks,CA,False,attack,Not fleeing,False,-121.264,38.65
2507,19-07-17,shot,knife,24.0,M,H,Santa Fe,NM,True,other,Not fleeing,True,-105.95100000000001,35.649
2508,19-07-17,shot,unarmed,38.0,M,O,Saginaw,MI,False,attack,Not fleeing,False,-84.006,43.403
2509,20-07-17,shot,gun,52.0,M,W,Neosho,MO,False,attack,Not fleeing,False,-94.34299999999999,36.869
2510,20-07-17,shot,gun,27.0,M,B,St. Louis,MO,False,attack,Car,False,-90.26,38.701
2511,21-07-17,shot,knife,22.0,M,H,Santa Ana,CA,False,other,Not fleeing,False,-117.876,33.769
2512,21-07-17,shot,gun,42.0,M,H,Mission,TX,False,attack,Foot,False,-98.339,26.22
2513,21-07-17,shot,gun,70.0,M,,Paulden,AZ,False,attack,Not fleeing,True,-112.455,34.773
2514,23-07-17,shot,toy weapon,49.0,M,W,Spencer,MA,False,attack,Car,False,-72.025,42.288999999999994
2515,23-07-17,shot,gun,59.0,M,W,Eau Claire,WI,True,attack,Not fleeing,False,-91.523,44.843999999999994
2516,23-07-17,shot,gun,41.0,M,H,Southaven,MS,False,attack,Not fleeing,False,-90.007,34.946
2517,23-07-17,shot,knife,34.0,M,W,Chico,CA,False,attack,Not fleeing,True,-121.837,39.728
2518,24-07-17,shot,gun,31.0,M,W,St. Louis,MO,True,attack,Car,False,-90.336,38.510999999999996
2519,25-07-17,shot,ax,23.0,M,W,Richmond,VA,True,other,Foot,False,-77.442,37.542
2520,25-07-17,shot,gun,28.0,M,W,Jacksonville,FL,False,attack,Car,False,-81.771,30.273000000000003
2521,25-07-17,shot,gun,33.0,M,H,Avondale,AZ,True,attack,Not fleeing,False,-112.29899999999999,33.493
2522,25-07-17,shot,toy weapon,16.0,M,B,Marion,AR,False,attack,Not fleeing,False,-90.199,35.226
2523,26-07-17,shot,gun,35.0,M,W,Phoenix,AZ,False,attack,Other,False,-112.135,33.684
2524,26-07-17,shot,gun,26.0,M,W,San Antonio,TX,False,attack,Not fleeing,False,-98.60600000000001,29.465999999999998
2525,26-07-17,shot,knife,62.0,F,W,Vero Beach,FL,True,attack,Not fleeing,False,-80.45,27.615
2526,26-07-17,shot,,25.0,M,B,Dayton,OH,False,attack,Car,False,-84.198,39.812
2527,27-07-17,shot,blunt object,25.0,M,H,Avenal,CA,False,attack,Not fleeing,False,-120.131,36.013000000000005
2528,27-07-17,shot,knife,31.0,M,W,Wenatchee,WA,False,other,Not fleeing,False,-120.325,47.43600000000001
2529,27-07-17,shot,knife,35.0,M,H,Chowchilla,CA,False,attack,Not fleeing,False,-120.258,37.119
2530,27-07-17,shot,gun,46.0,M,W,Los Angeles,CA,False,other,Not fleeing,False,-118.333,34.102
2531,27-07-17,shot,gun,39.0,M,B,Homer,LA,False,attack,Car,False,,
2532,27-07-17,shot,gun,26.0,M,W,Grand Terrace,CA,False,attack,Not fleeing,False,-117.31700000000001,34.021
2533,28-07-17,shot,,37.0,M,H,Albuquerque,NM,False,attack,Car,False,-106.665,34.992
2534,28-07-17,shot,knife,32.0,M,W,Glenville,NY,True,other,Not fleeing,False,-73.923,42.888000000000005
2535,28-07-17,shot,gun,31.0,M,B,Kansas City,MO,False,attack,Not fleeing,False,-94.552,39.046
2536,29-07-17,shot,gun,48.0,M,W,Melba,ID,False,attack,Car,False,-116.762,43.435
2537,29-07-17,shot,gun,29.0,M,B,Norco,CA,False,attack,Car,False,-117.571,33.902
2538,31-07-17,shot,knife,32.0,M,B,Brooklyn,NY,True,attack,Not fleeing,False,-73.96300000000001,40.634
2539,31-07-17,shot,unarmed,28.0,M,B,Oshkosh,WI,False,attack,Car,True,-88.56,44.012
2540,31-07-17,shot,gun,43.0,M,W,Albuquerque,NM,False,attack,Not fleeing,True,-106.615,35.109
2541,31-07-17,shot and Tasered,gun,39.0,M,H,Los Banos,CA,True,attack,Not fleeing,False,-120.82,37.053000000000004
2542,01-08-17,shot,,37.0,M,B,Waco,TX,False,attack,Car,False,-97.17399999999999,31.573
2543,01-08-17,shot,gun,39.0,M,W,Visalia,CA,False,attack,Foot,False,,
2544,01-08-17,shot,knife,42.0,M,W,Mt. Airy,NC,False,other,Not fleeing,False,-80.67399999999999,36.492
2545,01-08-17,shot,gun,33.0,M,H,Yuba City,CA,False,attack,Not fleeing,False,-121.26299999999999,39.361999999999995
2546,01-08-17,shot,gun,25.0,M,H,Las Vegas,NV,True,attack,Not fleeing,True,-115.195,36.105
2547,02-08-17,shot,gun,29.0,M,B,Coushatta,LA,True,attack,Not fleeing,False,-93.329,32.001999999999995
2548,02-08-17,shot,machete,45.0,M,H,Richmond,CA,False,attack,Car,False,-122.324,37.988
2549,02-08-17,shot,gun,27.0,M,B,Atlanta,GA,True,attack,Not fleeing,False,-84.256,33.760999999999996
2550,02-08-17,shot,,28.0,M,W,Mannington,WV,False,other,Car,False,-80.294,39.496
2551,03-08-17,shot,gun,57.0,M,W,Lima,OH,False,attack,Not fleeing,False,-84.10700000000001,40.762
2552,03-08-17,shot,gun,15.0,M,B,Gary,IN,False,attack,Foot,False,-87.40100000000001,41.583
2553,04-08-17,shot,gun,33.0,M,W,Surfside Beach,SC,True,attack,Not fleeing,False,-78.97,33.63
2554,04-08-17,shot,gun,35.0,M,W,Spanish Springs,NV,False,other,Not fleeing,False,-119.70299999999999,39.666
2555,04-08-17,shot,gun,47.0,M,B,San Diego,CA,False,other,Not fleeing,False,-117.163,32.726
2556,04-08-17,shot,toy weapon,31.0,M,W,Lauderdale County,MS,True,attack,Not fleeing,True,-88.594,32.283
2557,04-08-17,shot,gun,36.0,F,W,Marine City,MI,False,other,Not fleeing,False,-82.50200000000001,42.70399999999999
2558,04-08-17,shot,gun,54.0,M,W,Mead Township,PA,False,other,Not fleeing,False,-79.065,41.748999999999995
2559,05-08-17,shot,gun,24.0,M,W,New Straitsville,OH,False,attack,Not fleeing,False,-82.234,39.577
2560,05-08-17,shot and Tasered,knife,35.0,M,H,Santa Rosa,CA,True,attack,Not fleeing,True,-122.742,38.459
2561,06-08-17,shot,knife,32.0,M,W,Bon Aqua,TN,False,other,Foot,False,-87.434,35.97
2562,06-08-17,shot,gun,28.0,M,B,Kansas City,MO,False,attack,Foot,False,-94.553,39.063
2563,07-08-17,shot,knife,45.0,M,H,North Bergen,NJ,False,attack,Not fleeing,False,-74.035,40.779
2564,07-08-17,shot,knife,29.0,M,H,Wichita,KS,False,other,Not fleeing,False,-97.339,37.705999999999996
2565,07-08-17,shot,unarmed,36.0,M,W,Blue Summit,MO,False,other,Car,False,-94.476,39.089
2566,08-08-17,shot,gun,23.0,M,W,Junction City,KS,True,attack,Not fleeing,False,-96.86,39.019
2567,08-08-17,shot,gun,17.0,M,B,Dalton,IL,False,other,Other,False,-87.587,41.659
2568,09-08-17,shot,,20.0,M,B,Kent,WA,False,attack,Car,False,-122.20200000000001,47.39
2569,10-08-17,shot,gun,33.0,M,W,Dyer,IN,False,attack,,False,-87.51799999999999,41.472
2570,10-08-17,shot,gun,49.0,M,W,Los Angeles,CA,False,attack,Not fleeing,False,-118.50200000000001,34.062
2571,11-08-17,shot,gun,,M,,Channelview,TX,False,attack,Not fleeing,False,-95.135,29.791
2572,11-08-17,shot,gun,31.0,M,B,Philadelphia,PA,True,other,Not fleeing,False,-75.163,39.91
2573,12-08-17,shot,knife,35.0,M,H,Frederickstown,WA,False,attack,Not fleeing,False,-122.355,47.083999999999996
2574,13-08-17,shot,gun,24.0,M,W,Habersham,GA,False,other,Not fleeing,False,-83.446,34.596
2575,13-08-17,shot,gun,54.0,M,W,La Crosse,WI,False,other,Car,False,-91.23700000000001,43.8
2576,13-08-17,shot,machete,41.0,M,W,Cosby,TN,False,attack,Foot,False,-83.251,35.857
2577,13-08-17,shot,knife,50.0,M,B,Salt Lake City,UT,False,other,Foot,True,-111.88799999999999,40.747
2578,13-08-17,shot,sword,46.0,M,B,Kennewick,WA,True,attack,Not fleeing,False,-119.13799999999999,46.211999999999996
2579,14-08-17,shot,toy weapon,45.0,M,W,Colorado Springs,CO,False,attack,Foot,False,-104.771,38.836
2580,14-08-17,shot,gun,20.0,M,W,Jacksonville,FL,False,attack,Not fleeing,False,-81.736,30.221
2581,15-08-17,shot,undetermined,37.0,M,B,Thomasville,GA,False,undetermined,Not fleeing,True,-83.979,30.826
2582,16-08-17,shot,gun,34.0,M,B,Los Angeles,CA,False,undetermined,Foot,False,-118.25299999999999,33.929
2583,16-08-17,shot,gun,54.0,M,W,Livermore,CA,True,attack,Not fleeing,False,-121.79,37.698
2584,17-08-17,shot,undetermined,65.0,M,W,Crenshaw County,AL,False,undetermined,Not fleeing,False,-86.181,31.759
2585,17-08-17,shot,knife,28.0,M,H,Phoenix,AZ,True,other,Not fleeing,False,-112.029,33.459
2586,18-08-17,shot,knife,60.0,M,,Bloomfield,NJ,False,other,Not fleeing,False,-74.191,40.818000000000005
2587,18-08-17,shot,gun,26.0,M,W,Fairchance,PA,False,attack,Not fleeing,False,-79.757,39.821
2588,18-08-17,shot,gun,25.0,M,B,Jacksonville,FL,False,attack,Not fleeing,False,-81.73100000000001,30.238000000000003
2589,19-08-17,shot,Taser,32.0,M,W,Homewood,AL,False,attack,Not fleeing,False,-86.824,33.449
2590,20-08-17,shot,gun,44.0,M,W,Yellville,AR,False,other,Not fleeing,False,-93.10799999999999,36.23
2591,20-08-17,shot,gun,32.0,M,B,Brick,NJ,False,attack,Not fleeing,False,-74.098,40.067
2592,20-08-17,shot,undetermined,,M,,Madera,CA,False,other,Foot,False,-119.794,36.923
2593,21-08-17,shot,toy weapon,42.0,M,W,Morganton,NC,False,attack,Not fleeing,False,-81.842,35.665
2594,21-08-17,shot,gun,66.0,M,W,Colorado City,CO,False,attack,Not fleeing,False,-104.802,37.955999999999996
2595,21-08-17,shot,knife,22.0,M,W,Franklin,WI,True,other,Other,False,-87.664,44.364
2596,21-08-17,shot,gun,51.0,M,B,Steubenville,OH,False,attack,Not fleeing,False,-80.61399999999999,40.36
2597,21-08-17,shot,gun,64.0,M,W,Pardeeville,WI,False,attack,Not fleeing,False,-89.309,43.532
2598,22-08-17,shot,knife,30.0,F,B,St. Louis,MO,False,attack,Not fleeing,False,-90.26799999999999,38.663000000000004
2599,22-08-17,shot,,71.0,M,H,Albuquerque,NM,False,attack,Car,False,-106.70299999999999,35.203
2600,22-08-17,shot,knife,30.0,M,W,Orcutt,CA,False,other,Foot,False,-120.42200000000001,34.895
2601,22-08-17,shot,gun,48.0,M,W,Los Angeles,CA,False,other,Not fleeing,False,-118.527,34.171
2602,22-08-17,shot,gun,56.0,M,W,Durham,CA,True,attack,Not fleeing,False,-121.77799999999999,39.646
2603,23-08-17,shot,gun,26.0,F,W,Olathe,KS,True,other,Not fleeing,False,-94.806,38.882
2604,24-08-17,shot,gun,28.0,M,W,Waterford Township,MI,True,other,Not fleeing,False,-83.34,42.68
2605,24-08-17,shot,gun,19.0,M,H,Lemon Grove,CA,False,attack,Foot,False,-117.016,32.725
2606,24-08-17,shot,gun,24.0,M,B,Orange,NJ,False,other,Foot,False,-74.23,40.772
2607,25-08-17,shot,gun,44.0,M,W,Jacksonville,FL,False,other,Not fleeing,False,-81.73100000000001,30.342
2608,25-08-17,shot,gun,28.0,F,W,Sunrise,FL,True,undetermined,Not fleeing,False,-80.277,26.169
2609,25-08-17,shot,unarmed,47.0,M,B,Woodville,GA,False,attack,Foot,False,-83.068,33.716
2610,26-08-17,shot,gun,18.0,M,B,Pine Bluff,AR,False,attack,Foot,True,-91.988,34.25
2611,27-08-17,shot,gun,26.0,M,H,Farmington,NM,False,attack,Not fleeing,False,-108.156,36.760999999999996
2612,27-08-17,shot,gun,33.0,M,W,Kettering,OH,False,other,Not fleeing,False,-84.12100000000001,39.716
2613,27-08-17,shot,knife,34.0,M,W,Sharpsburg,KY,False,attack,Foot,False,-83.865,38.248000000000005
2614,28-08-17,shot,gun,62.0,M,W,New Milford,CT,False,attack,Foot,False,-73.396,41.583
2615,28-08-17,shot,undetermined,24.0,M,B,Newton,KS,True,attack,Car,True,-97.323,38.047
2616,29-08-17,shot,baseball bat,55.0,M,B,Evansville,IN,True,other,Not fleeing,True,-87.569,37.974000000000004
2617,29-08-17,shot,gun,68.0,M,,Jacksonville,AL,False,attack,Not fleeing,False,-85.762,33.775
2618,29-08-17,shot,gun,22.0,M,W,Lincoln Parish,LA,False,attack,Not fleeing,False,-92.786,32.534
2619,29-08-17,shot,gun,46.0,F,W,Watagua,TX,True,other,Not fleeing,False,-97.249,32.861999999999995
2620,30-08-17,shot,unarmed,27.0,M,B,Miami,FL,False,other,Foot,False,-80.223,25.837
2621,30-08-17,shot,gun,32.0,M,N,Sacramento,CA,False,attack,Car,False,-121.383,38.611
2622,31-08-17,shot,gun,22.0,M,H,Bakersfield,CA,False,attack,Not fleeing,False,-119.021,35.311
2623,31-08-17,shot,gun,54.0,F,W,Fort Myers,FL,False,attack,Not fleeing,False,-81.91199999999999,26.430999999999997
2624,01-09-17,shot,toy weapon,32.0,M,W,Poultney,VT,True,attack,Not fleeing,False,-73.181,43.552
2625,01-09-17,shot,unknown weapon,45.0,M,W,Mount Hope,WI,False,other,Foot,False,-90.931,43.028999999999996
2626,01-09-17,shot,knife,36.0,M,W,Pittsfield,MA,True,other,Foot,False,-73.259,42.438
2627,02-09-17,shot,gun,,M,,Beaumont,CA,False,attack,Not fleeing,False,-116.95700000000001,33.921
2628,03-09-17,shot,gun,37.0,M,B,Milwaukee,WI,False,attack,Not fleeing,False,-87.961,43.097
2629,03-09-17,shot,gun,47.0,M,W,Longview,WA,False,other,Not fleeing,False,-122.965,46.151
2630,03-09-17,shot,unarmed,30.0,M,W,Akron,OH,True,attack,Not fleeing,True,-81.45,41.196999999999996
2631,03-09-17,shot,,31.0,M,B,Myrtle Beach,SC,False,attack,Car,False,-78.907,33.668
2632,04-09-17,shot,knife,44.0,M,W,Toledo,OH,False,attack,Not fleeing,False,-83.585,41.69
2633,04-09-17,shot and Tasered,chair,52.0,M,W,Columbus,GA,False,attack,Not fleeing,False,-84.95700000000001,32.422
2634,05-09-17,shot,vehicle,,F,,Spring,TX,False,attack,Car,False,-95.427,29.982
2635,05-09-17,shot,gun,67.0,M,,Hohenwald,TN,False,other,Not fleeing,False,-87.552,35.548
2636,05-09-17,shot,knife,16.0,M,W,Kendale Lakes,FL,False,attack,Not fleeing,False,-80.428,25.706999999999997
2637,06-09-17,shot,gun,29.0,M,H,Charlotte,NC,False,other,Not fleeing,False,-80.788,35.279
2638,06-09-17,shot,unarmed,42.0,M,W,Los Angeles,CA,False,attack,Not fleeing,False,-118.24700000000001,34.05
2639,06-09-17,shot,knife,31.0,M,B,New York,NY,True,other,Not fleeing,True,-73.834,40.888000000000005
2640,07-09-17,shot,gun,41.0,M,B,Sacramento,CA,False,attack,Car,False,-121.47,38.528
2641,08-09-17,shot,gun,45.0,M,W,Amarillo,TX,False,attack,Not fleeing,False,-101.882,35.222
2642,08-09-17,shot,undetermined,50.0,M,W,Monett,MO,True,other,Not fleeing,False,-93.928,36.929
2643,09-09-17,shot,gun,26.0,M,B,Arcata,CA,False,attack,Not fleeing,False,-124.087,40.869
2644,10-09-17,shot,gun,22.0,M,H,Youngtown,AZ,False,attack,Not fleeing,False,-112.302,33.6
2645,10-09-17,shot,gun,76.0,M,W,Huntersville,NC,False,attack,Not fleeing,False,-80.861,35.407
2646,10-09-17,shot,gun,58.0,M,H,Tacoma,WA,False,attack,Not fleeing,False,-122.479,47.206
2647,10-09-17,shot,gun,32.0,M,W,Plano,TX,False,attack,Not fleeing,False,-96.726,33.056
2648,10-09-17,shot,,19.0,M,H,Chicago,IL,False,attack,Not fleeing,True,-87.756,41.919
2649,11-09-17,shot,unknown weapon,25.0,M,N,Great Falls,MT,False,other,Foot,False,-111.25399999999999,47.515
2650,11-09-17,shot,gun,48.0,M,W,Hixson,TN,False,attack,Car,False,-85.193,35.187
2651,11-09-17,shot,toy weapon,39.0,M,H,Bassett,CA,False,attack,Not fleeing,False,-117.977,34.063
2652,13-09-17,shot,gun,31.0,M,H,Quartzsite,AZ,False,attack,Car,False,-114.229,33.662
2653,14-09-17,shot,knife,50.0,M,W,Frametown,WV,False,attack,Not fleeing,False,,
2654,15-09-17,shot,crowbar,15.0,M,H,Haymarket,VA,False,other,Not fleeing,False,-77.66199999999999,38.81
2655,15-09-17,shot,,48.0,M,W,Hallandale Beach,FL,True,attack,Car,False,,
2656,15-09-17,shot,unarmed,32.0,M,H,San Jose,CA,False,other,Car,False,-121.84200000000001,37.39
2657,16-09-17,shot,knife,21.0,,W,Atlanta,GA,True,other,Not fleeing,False,,
2658,17-09-17,shot,gun,37.0,M,W,Oak Harbor,WA,True,attack,Not fleeing,False,-122.64299999999999,48.293
2659,17-09-17,shot,gun,21.0,M,B,West Milford,WV,False,attack,Foot,False,-80.404,39.201
2660,17-09-17,shot and Tasered,knife,40.0,M,H,Los Angeles,CA,False,other,Not fleeing,False,-118.213,34.029
2661,18-09-17,shot,gun,33.0,M,W,Piedmont,AL,True,other,Not fleeing,False,-85.557,33.915
2662,19-09-17,shot,gun and knife,25.0,M,W,Monroe,NC,False,attack,Car,True,-80.569,35.014
2663,19-09-17,shot,gun,55.0,M,W,Independence,VA,True,attack,Not fleeing,False,-81.118,36.637
2664,19-09-17,shot,undetermined,53.0,M,W,Bernice,LA,False,undetermined,,False,-92.505,32.801
2665,19-09-17,shot,gun,,M,,La Porte,TX,True,attack,Not fleeing,False,-95.073,29.67
2666,19-09-17,shot,knife,27.0,M,W,Chula Vista,CA,True,attack,Not fleeing,False,-117.045,32.616
2667,20-09-17,shot,pipe,35.0,M,H,Oklahoma City,OK,False,other,Not fleeing,False,-97.506,35.408
2668,20-09-17,shot,gun,25.0,M,B,Peoria,IL,True,other,Not fleeing,False,-89.63600000000001,40.724000000000004
2669,20-09-17,shot,gun,31.0,M,B,Huntsville,AL,True,attack,Not fleeing,False,-86.615,34.803000000000004
2670,21-09-17,shot,gun,70.0,M,W,Boswell,OK,False,attack,Car,False,-95.875,34.03
2671,21-09-17,shot,knife,40.0,M,W,Tacoma,WA,True,other,Not fleeing,False,-122.402,47.18600000000001
2672,21-09-17,shot,undetermined,25.0,M,O,Denver,CO,False,other,Car,False,-105.109,39.569
2673,21-09-17,shot,,38.0,M,H,Rockwall,TX,False,attack,Car,False,-96.463,32.927
2674,22-09-17,shot,gun and knife,26.0,M,H,Oceanside,CA,False,attack,Not fleeing,False,-117.29799999999999,33.179
2675,22-09-17,shot,gun,27.0,M,O,Huntington Beach,CA,True,attack,Not fleeing,False,-118.024,33.73
2676,22-09-17,shot,undetermined,,M,W,Denver,CO,False,other,Not fleeing,False,-104.911,39.857
2677,22-09-17,shot,gun,28.0,M,W,Mesa,AZ,True,attack,Not fleeing,False,-111.85,33.393
2678,22-09-17,shot,gun,40.0,M,W,Hattiesburg,MS,False,attack,Not fleeing,False,,
2679,22-09-17,shot,,44.0,M,W,Brooksville,FL,True,attack,Car,False,-82.416,28.517
2680,24-09-17,shot,gun,39.0,M,B,San Francisco,CA,False,other,Not fleeing,True,-122.413,37.796
2681,24-09-17,shot,gun,24.0,M,W,New Castle,IN,False,attack,Foot,False,-85.37200000000001,39.916
2682,25-09-17,shot,gun,32.0,M,B,Palmetto,FL,False,attack,Foot,False,-82.566,27.535999999999998
2683,25-09-17,shot,Taser,31.0,M,W,Las Vegas,NV,True,attack,Not fleeing,True,-115.167,36.16
2684,26-09-17,shot,gun,50.0,M,W,Fairview,TN,False,attack,Not fleeing,False,-87.094,35.994
2685,26-09-17,shot,gun,31.0,M,W,Eugene,OR,False,attack,Not fleeing,False,-123.125,44.093
2686,26-09-17,shot,gun,50.0,M,W,Coolin,ID,False,other,Not fleeing,False,-116.84100000000001,48.476000000000006
2687,27-09-17,shot,gun,45.0,M,B,Emeryville,CA,False,attack,Car,False,-122.29700000000001,37.84
2688,27-09-17,shot,gun,44.0,M,W,Spring Hill,FL,False,attack,Car,False,-82.478,28.44
2689,27-09-17,shot,gun,48.0,M,W,Griffin,GA,True,attack,Not fleeing,False,-84.285,33.273
2690,28-09-17,shot,baton,39.0,M,W,Salt Lake City,UT,False,other,Not fleeing,False,-111.87700000000001,40.763000000000005
2691,28-09-17,shot,gun,30.0,M,N,Topeka,KS,False,attack,Foot,False,-95.655,39.052
2692,30-09-17,shot,gun,44.0,M,W,Columbua,IN,False,attack,Car,False,-85.921,39.209
2693,30-09-17,shot,gun,28.0,M,B,Palatka,FL,False,other,Not fleeing,False,-81.669,29.648000000000003
2694,01-10-17,shot,,24.0,M,H,Hialeah,FL,False,attack,Car,False,-80.327,25.894000000000002
2695,01-10-17,shot,gun,27.0,M,B,West Burlington,IA,False,other,Other,True,-91.10700000000001,40.805
2696,01-10-17,shot,knife,34.0,M,W,Canton Township,PA,True,other,Not fleeing,False,-80.291,40.194
2697,01-10-17,shot,unarmed,41.0,M,W,Seward,AK,False,other,Car,True,-149.437,60.126000000000005
2698,01-10-17,shot,gun,26.0,M,W,North Fort Collins,CO,False,attack,Not fleeing,True,-105.07700000000001,40.611
2699,01-10-17,shot,gun and sword,38.0,M,W,St. Louis,MO,True,other,Not fleeing,False,-90.311,38.569
2700,02-10-17,shot,gun,33.0,M,W,Parkton,NC,True,attack,Not fleeing,False,-79.01899999999999,34.898
2701,02-10-17,shot,gun,22.0,M,W,West Ouachita,LA,False,other,Foot,False,-92.197,32.45
2702,03-10-17,shot,pipe,40.0,M,W,Jefferson City,MO,False,attack,Not fleeing,False,-92.175,38.571
2703,04-10-17,shot,,34.0,M,W,Spokane,WA,True,other,Not fleeing,False,,
2704,04-10-17,shot,gun,48.0,F,B,Canandaigua,NY,False,attack,Not fleeing,False,-77.26899999999999,42.876000000000005
2705,04-10-17,shot,gun,37.0,M,B,Thomas County,GA,False,attack,Not fleeing,False,-83.977,30.886
2706,04-10-17,shot,gun,67.0,M,W,Mesa,AZ,False,other,Not fleeing,False,-111.831,33.415
2707,05-10-17,shot,unarmed,35.0,M,W,Hiram,GA,False,other,Not fleeing,False,-84.774,33.861999999999995
2708,05-10-17,shot,knife,29.0,M,H,Finney County,KS,True,other,Not fleeing,False,-100.89,38.063
2709,05-10-17,shot,gun,28.0,M,A,St. Paul,MN,False,attack,Not fleeing,True,-93.056,44.964
2710,05-10-17,shot,gun,40.0,M,W,Leeds,AL,False,attack,,False,-86.57700000000001,33.535
2711,05-10-17,shot,knife,31.0,M,H,Brownsville,TX,False,attack,Not fleeing,False,-97.699,26.193
2712,06-10-17,shot,gun,51.0,M,W,Golden,CO,False,attack,Car,False,-105.175,39.775999999999996
2713,06-10-17,shot,gun,47.0,M,W,Perryopolis,PA,True,other,Not fleeing,False,-79.752,40.089
2714,06-10-17,shot,gun,52.0,M,H,Miami,FL,False,other,Foot,False,-80.24,25.794
2715,06-10-17,shot,,28.0,M,H,Duarte,CA,False,undetermined,,False,-117.93799999999999,34.143
2716,06-10-17,shot and Tasered,knife,35.0,M,H,Orlando,FL,True,attack,Not fleeing,False,-81.332,28.514
2717,07-10-17,shot,gun,25.0,M,W,Charleston,WV,True,attack,Car,False,-81.63,38.349000000000004
2718,08-10-17,shot,machete,,M,H,Abingdon,VA,False,other,Foot,False,-82.046,36.628
2719,08-10-17,shot,gun,34.0,F,H,Mesa,AZ,True,undetermined,Foot,False,-111.84899999999999,33.379
2720,08-10-17,shot,knife,58.0,M,H,San Fernando,CA,False,other,Not fleeing,False,-118.443,34.287
2721,08-10-17,shot,gun,24.0,M,B,Louisville,KY,False,other,Not fleeing,True,-85.705,38.158
2722,08-10-17,shot,vehicle,22.0,F,B,Miami,FL,False,attack,Car,False,-80.132,25.783
2723,08-10-17,shot,gun,46.0,M,W,Pinetop-Lakeside,AZ,False,attack,Not fleeing,False,-109.975,34.155
2724,10-10-17,shot,gun,55.0,M,,Rochester,WA,True,attack,,False,-123.161,46.827
2725,11-10-17,shot,,61.0,M,W,Biloxi,MS,False,attack,Car,False,-88.95299999999999,30.438000000000002
2726,11-10-17,shot,gun,43.0,M,W,Marana,AZ,False,other,Not fleeing,False,-111.098,32.35
2727,11-10-17,shot,unarmed,44.0,M,H,Valdez,CO,False,attack,Foot,False,-104.70299999999999,37.126
2728,12-10-17,shot,gun,35.0,M,B,Homewood,AL,True,attack,Foot,False,-86.829,33.445
2729,12-10-17,shot,gun,29.0,M,W,Flagstaff,AZ,True,attack,Not fleeing,True,-111.61399999999999,35.2
2730,13-10-17,shot,gun,57.0,M,W,Wayne County,KY,False,attack,Not fleeing,False,-84.809,36.781
2731,13-10-17,shot,gun,42.0,M,B,Charlottesville,VA,False,attack,Foot,False,-78.455,38.024
2732,14-10-17,shot,undetermined,44.0,M,H,Torrance,CA,False,other,Car,False,-118.338,33.823
2733,14-10-17,shot,gun,25.0,M,,Olivehurst,CA,False,other,Not fleeing,False,-121.536,39.077
2734,16-10-17,shot,gun,20.0,M,B,Baltimore,MD,False,other,Foot,True,-76.558,39.357
2735,16-10-17,shot,gun,32.0,M,W,Simpsonville,SC,False,attack,Not fleeing,False,-82.245,34.753
2736,16-10-17,shot,gun,34.0,M,H,Picture Rocks,AZ,False,other,Not fleeing,False,-111.199,32.345
2737,16-10-17,shot,gun,18.0,M,H,Atwater,CA,False,attack,Not fleeing,False,-120.583,37.356
2738,16-10-17,shot and Tasered,gun,31.0,M,W,Kingwood,TX,False,attack,Car,False,-95.241,30.043000000000003
2739,17-10-17,shot,,24.0,M,B,Hampton,VA,False,other,Not fleeing,False,-76.393,36.995
2740,18-10-17,shot,gun,35.0,M,W,Tucson,AZ,False,attack,Foot,False,-110.825,32.251
2741,19-10-17,shot,gun,34.0,M,W,Clearwater,FL,True,other,Not fleeing,False,-82.74799999999999,27.956999999999997
2742,19-10-17,shot,gun,26.0,M,W,Kings Mountain,NC,False,attack,Other,False,-81.333,35.241
2743,19-10-17,shot,unarmed,55.0,M,B,Corpus Christi,TX,False,attack,Foot,True,-97.41799999999999,27.802
2744,19-10-17,shot and Tasered,gun,38.0,M,W,Birmingham,AL,False,other,Not fleeing,False,-86.7,33.596
2745,20-10-17,shot,gun,23.0,M,B,Moraine,OH,True,attack,Not fleeing,False,-84.251,39.698
2746,20-10-17,shot,knife,54.0,M,,Houston,TX,False,other,Not fleeing,False,-95.302,29.849
2747,20-10-17,shot,knife,30.0,M,W,Fort Smith,OK,False,attack,Not fleeing,True,-94.605,35.402
2748,21-10-17,shot,hammer,44.0,M,H,Cloverdale,CA,False,other,Not fleeing,False,-123.016,38.799
2749,21-10-17,shot,gun,37.0,M,W,Girard,OH,False,attack,Not fleeing,False,,
2750,22-10-17,shot,unarmed,27.0,M,H,Ceres,CA,False,other,Car,False,-121.012,37.601
2751,22-10-17,shot,gun,43.0,M,N,Sparks,NV,False,attack,Not fleeing,False,-119.771,39.548
2752,22-10-17,shot,gun,25.0,F,W,St. Joseph,MO,False,attack,Foot,False,-94.848,39.747
2753,22-10-17,shot,unarmed,30.0,M,N,Crandon,WI,False,attack,Not fleeing,False,,
2754,23-10-17,shot,gun,35.0,M,H,Lodi,CA,False,attack,Not fleeing,False,-121.27600000000001,38.146
2755,23-10-17,shot,gun,31.0,F,W,Shelbyville,KY,True,other,Not fleeing,True,-85.219,38.191
2756,23-10-17,shot,undetermined,35.0,M,N,Standing Rock Reservation,ND,False,other,Car,False,-100.682,46.17100000000001
2757,24-10-17,shot,unarmed,37.0,M,W,Plymouth Township,PA,False,attack,Not fleeing,False,-76.01899999999999,41.221000000000004
2758,24-10-17,shot,gun,25.0,M,W,Norwich,CT,False,attack,Foot,False,-72.059,41.53
2759,24-10-17,shot and Tasered,screwdriver,34.0,M,H,Houston,TX,False,other,Not fleeing,False,-95.565,29.704
2760,25-10-17,shot,gun,33.0,M,B,St. Petersburg,FL,False,attack,Not fleeing,False,-82.699,27.75
2761,25-10-17,shot,gun,33.0,M,B,Cleveland,OH,False,attack,Foot,False,-81.623,41.536
2762,26-10-17,shot,gun,32.0,M,W,Fairhope,AL,False,attack,Other,False,-87.869,30.524
2763,26-10-17,shot,,46.0,M,,Erie,PA,False,other,Not fleeing,False,-80.079,42.136
2764,26-10-17,shot,gun,34.0,M,W,Horseheads,NY,False,attack,Car,False,-76.747,42.148
2765,27-10-17,shot,machete,46.0,M,B,Indiantown,FL,True,other,Not fleeing,False,-80.486,27.024
2766,28-10-17,shot,gun and car,40.0,M,H,Greeley,CO,False,attack,Car,False,-104.72200000000001,40.434
2767,28-10-17,shot,gun,27.0,M,N,Black River Falls,WI,False,other,Car,True,,
2768,28-10-17,shot,knife,17.0,M,H,Polk County,OR,False,other,Car,False,-123.609,45.059
2769,29-10-17,shot,gun,46.0,M,B,Tate County,MS,False,attack,Car,False,-89.92399999999999,34.515
2770,29-10-17,shot,gun,50.0,M,W,Centennial,CO,False,attack,Not fleeing,False,-104.838,39.58
2771,29-10-17,shot,knife,41.0,M,W,New Castle,IN,False,attack,Not fleeing,False,-85.37,39.929
2772,29-10-17,shot,,23.0,M,B,King of Prussia,PA,False,other,Not fleeing,False,-75.38600000000001,40.089
2773,30-10-17,shot,gun,33.0,M,N,Federal Way,WA,False,attack,Not fleeing,False,-122.31299999999999,47.318999999999996
2774,31-10-17,shot,knife,25.0,M,H,Sunnyvale,CA,False,attack,Not fleeing,False,-122.01700000000001,37.397
2775,31-10-17,shot,undetermined,27.0,M,B,Riverside,CA,False,other,Not fleeing,False,-117.34299999999999,33.938
2776,31-10-17,shot,gun,39.0,M,W,Livingston,TN,False,attack,Not fleeing,False,-85.34100000000001,36.411
2777,31-10-17,shot,gun,22.0,M,B,Arlington,TX,False,attack,Not fleeing,False,-97.176,32.661
2778,31-10-17,shot,ax,37.0,F,W,Las Cruces,NM,True,other,Not fleeing,False,-106.845,32.285
2779,01-11-17,shot,gun,27.0,M,H,Anniston,AL,False,attack,Not fleeing,False,-85.84299999999999,33.685
2780,01-11-17,shot,,28.0,M,W,Pippa Passes,KY,False,attack,Car,False,-82.84700000000001,37.358000000000004
2781,02-11-17,shot,pitchfork,56.0,M,W,Sacramento,CA,True,attack,Not fleeing,False,-121.45,38.632
2782,02-11-17,shot,gun,71.0,M,W,Lakeland,FL,True,attack,Not fleeing,False,-81.965,28.089000000000002
2783,02-11-17,shot,gun,,M,,Inkster,MI,False,attack,Not fleeing,False,-83.307,42.278999999999996
2784,03-11-17,shot,gun and car,53.0,M,W,Port Orange,FL,False,attack,Car,False,-81.023,29.12
2785,03-11-17,shot,machete,43.0,M,,El Paso,TX,False,other,,False,-106.448,31.808000000000003
2786,03-11-17,shot,gun,44.0,M,,Batesville,AR,False,attack,Not fleeing,False,-91.631,35.771
2787,03-11-17,shot,gun and car,39.0,M,W,Ohatchee,AL,False,attack,Car,False,-86.055,33.732
2788,04-11-17,shot,knife,56.0,M,A,Clarksville,AR,False,attack,Not fleeing,False,-93.485,35.47
2789,04-11-17,shot,gun,24.0,M,B,Columbus,MS,False,other,Not fleeing,True,-88.40700000000001,33.496
2790,04-11-17,shot,gun,35.0,M,W,Parker,CO,False,attack,,False,-104.77600000000001,39.522
2791,04-11-17,shot,gun,30.0,M,N,Billings,MT,False,attack,,False,-108.58,45.754
2792,04-11-17,shot,gun,31.0,M,W,Owen County,IN,True,attack,Not fleeing,False,-86.757,39.358000000000004
2793,04-11-17,shot,gun,20.0,M,B,Bakersfield,CA,False,undetermined,Foot,False,-119.021,35.325
2794,05-11-17,shot,gun,35.0,M,W,Meridian,MS,False,attack,Not fleeing,False,-88.705,32.395
2795,05-11-17,shot,vehicle,31.0,F,H,Rudioso,NM,False,attack,Not fleeing,False,-105.647,33.367
2796,05-11-17,shot,,49.0,M,B,Rockford,IL,False,undetermined,Car,False,-89.025,42.263999999999996
2797,06-11-17,shot,knife,54.0,F,W,Lynchburg,VA,True,other,Not fleeing,False,-79.14399999999999,37.391
2798,06-11-17,shot,gun,48.0,M,W,Barstow,CA,False,attack,Car,False,-117.021,34.897
2799,07-11-17,shot,gun,32.0,F,W,Marietta,GA,True,attack,Not fleeing,False,-84.48,33.972
2800,07-11-17,shot,gun,35.0,M,B,Las Vegas,NV,False,attack,Not fleeing,False,-115.25200000000001,36.115
2801,08-11-17,shot,gun,30.0,M,W,Forest Park,GA,False,attack,Car,False,-84.369,33.622
2802,08-11-17,shot,gun,32.0,M,W,Clinton,TN,False,attack,Foot,False,-84.12,36.113
2803,08-11-17,shot,gun,31.0,M,W,Roanoke,VA,False,other,Not fleeing,False,-79.931,37.298
2804,08-11-17,shot,knife,14.0,M,N,Odanah,WI,False,other,Not fleeing,False,-90.65,46.597
2805,09-11-17,shot,gun,25.0,M,B,Salisbury,NC,False,attack,Car,False,-80.499,35.666
2806,09-11-17,shot,,32.0,M,W,Providence,RI,False,attack,Car,True,-71.419,41.825
2807,09-11-17,shot,gun,35.0,M,W,Neshoba County,MS,True,attack,Not fleeing,False,-89.124,32.868
2808,09-11-17,shot,gun,27.0,M,W,Flatwoods,KY,False,other,Car,False,-82.727,38.518
2809,09-11-17,shot,unarmed,23.0,F,W,Flatwoods,KY,False,other,Car,False,-82.727,38.518
2810,10-11-17,shot,gun,55.0,M,W,Gibson,LA,True,attack,Not fleeing,False,-90.994,29.686999999999998
2811,10-11-17,shot,knife,43.0,M,B,Phoenix,AZ,False,attack,Not fleeing,False,-112.07799999999999,33.463
2812,10-11-17,shot,gun,62.0,M,W,Crystal,MN,True,attack,Not fleeing,False,-93.344,45.05
2813,10-11-17,shot,gun,25.0,M,B,Denver,CO,False,other,Foot,False,-104.995,39.748000000000005
2814,10-11-17,shot,,,M,B,Hinds County,MS,False,other,Not fleeing,False,-90.546,32.372
2815,10-11-17,shot,gun,50.0,M,W,Albuquerque,NM,False,attack,Not fleeing,False,-106.611,35.199
2816,11-11-17,shot,gun,19.0,M,W,Dakota City,IA,True,attack,Other,False,-94.206,42.726000000000006
2817,11-11-17,shot,gun,41.0,M,B,Las Vegas,NV,False,attack,Not fleeing,False,-115.146,36.007
2818,11-11-17,shot,gun,55.0,M,W,St. Tammany Parish,LA,False,attack,Not fleeing,False,-89.78200000000001,30.421
2819,12-11-17,shot,,19.0,M,H,Fall River,MA,False,other,Car,False,-71.146,41.71
2820,13-11-17,shot,knife,67.0,M,B,Tremont,NY,True,attack,Not fleeing,True,-73.892,40.847
2821,13-11-17,shot,unarmed,24.0,M,B,Baton Rouge,LA,False,attack,Foot,True,-91.13600000000001,30.500999999999998
2822,14-11-17,shot,gun,44.0,M,W,Rancho Tehama Reserve,CA,True,undetermined,,False,-122.458,40.001
2823,14-11-17,shot,gun,23.0,M,,Phoenix,AZ,False,attack,Foot,False,-112.21,33.495
2824,14-11-17,shot,knife,51.0,M,,Stockton,CA,False,other,Car,False,-121.30799999999999,38.029
2825,15-11-17,shot,unarmed,29.0,M,A,Oklahoma City,OK,True,other,Not fleeing,True,-97.541,35.444
2826,15-11-17,shot,gun,48.0,M,W,Anchorage,AK,False,attack,Car,False,-149.9,61.218
2827,15-11-17,shot,gun,22.0,M,H,Van Nuys,CA,False,attack,Car,False,-118.45700000000001,34.201
2828,15-11-17,shot,knife,,M,B,Jackson,MS,False,other,Not fleeing,False,-90.194,32.345
2829,15-11-17,shot,gun,59.0,M,W,Elmira,NY,True,attack,Not fleeing,False,-76.80199999999999,42.102
2830,16-11-17,shot,gun,68.0,M,B,Cedar Lake,TX,False,attack,Not fleeing,False,-95.75399999999999,29.636999999999997
2831,17-11-17,shot,unarmed,25.0,M,W,Albuquerque,NM,False,other,Car,False,-106.708,35.097
2832,17-11-17,shot,unarmed,23.0,M,H,Albuquerque,NM,False,other,Car,False,-106.708,35.097
2833,17-11-17,shot,gun,46.0,M,B,West Monroe,LA,False,attack,Not fleeing,False,-92.15700000000001,32.503
2834,17-11-17,shot,unarmed,25.0,M,W,Fairfax,VA,False,undetermined,Car,False,-77.058,38.747
2835,17-11-17,shot,gun,30.0,M,W,Charleston,WV,False,attack,Not fleeing,False,-81.62,38.369
2836,18-11-17,shot,unarmed,56.0,M,B,Prichard,AL,False,other,Car,False,-88.102,30.735
2837,18-11-17,shot,,24.0,M,N,Billings,MT,False,attack,Car,False,-108.51299999999999,45.763000000000005
2838,18-11-17,shot,,18.0,M,W,Warren County,KY,False,attack,Car,False,-86.545,36.830999999999996
2839,19-11-17,shot,gun,34.0,M,,Lompoc,CA,False,attack,,False,-120.449,34.65
2840,19-11-17,shot,gun,27.0,M,W,Greenville County,SC,False,attack,Car,False,-82.425,34.871
2841,19-11-17,shot,gun,26.0,M,W,Davenport,IA,False,attack,Not fleeing,False,-90.57,41.532
2842,20-11-17,shot,knife,15.0,M,W,Gulfport,MS,False,undetermined,Not fleeing,False,-89.14,30.451
2843,23-11-17,shot,gun,26.0,M,H,Klamath Falls,OR,False,other,Foot,False,-121.765,42.221000000000004
2844,23-11-17,shot,gun,32.0,M,W,Lebanon,MO,True,attack,Not fleeing,False,-92.411,37.649
2845,23-11-17,shot,gun,17.0,M,B,St. Louis,MO,False,attack,,False,-90.212,38.677
2846,23-11-17,shot,gun,32.0,M,B,Pell City,AL,False,attack,Not fleeing,False,-86.271,33.568000000000005
2847,23-11-17,shot,knife,43.0,M,W,Holland Township,MI,True,other,Not fleeing,False,-86.165,42.718
2848,24-11-17,shot,gun,26.0,M,W,Wimberley,TX,True,attack,Not fleeing,False,-98.09899999999999,29.997
2849,24-11-17,shot,unknown weapon,51.0,M,W,Yuma,AZ,False,undetermined,Not fleeing,False,-114.66799999999999,32.702
2850,25-11-17,shot,gun,39.0,M,H,Penasco,NM,False,attack,Not fleeing,False,-105.663,36.145
2851,26-11-17,shot,gun,43.0,M,H,Lemoore,CA,False,attack,Car,False,-119.79,36.286
2852,26-11-17,shot,gun,31.0,M,W,Huntsville,AL,False,attack,Not fleeing,False,-86.527,34.769
2853,26-11-17,shot,knife,22.0,M,H,Covina,CA,False,undetermined,Not fleeing,False,-117.86399999999999,34.093
2854,27-11-17,shot,gun,26.0,M,,Yakima,WA,False,attack,Car,False,-120.742,46.702
2855,27-11-17,shot,gun,40.0,M,H,South Gate,CA,True,attack,Not fleeing,False,-118.223,33.951
2856,28-11-17,shot,,64.0,M,W,Eaton County,MI,False,attack,Car,False,,
2857,28-11-17,shot,gun,30.0,M,W,Reno,NV,False,attack,Not fleeing,False,-119.81299999999999,39.522
2858,28-11-17,shot,gun,59.0,M,W,Hillyard,WA,False,attack,Foot,False,-117.368,47.708
2859,29-11-17,shot,undetermined,,M,,Three Points,AZ,False,attack,,False,,
2860,29-11-17,shot,gun,24.0,M,B,Chicago,IL,False,other,,True,-87.616,41.784
2861,30-11-17,shot,gun,32.0,M,B,Hendersonville,NC,False,other,Foot,False,-82.43799999999999,35.349000000000004
2862,30-11-17,shot,gun,37.0,M,H,North Hollywood,CA,False,other,Car,False,-118.40700000000001,34.198
2863,01-12-17,shot,knife,33.0,M,W,York,SC,False,undetermined,,True,-81.186,35.033
2864,01-12-17,shot,unarmed,42.0,M,B,San Francisco,CA,False,other,Car,True,-122.38799999999999,37.719
2865,02-12-17,shot,knife,37.0,M,H,Colton,CA,True,other,Not fleeing,False,-117.36,34.078
2866,02-12-17,shot,gun,33.0,M,W,Colorado Springs,CO,False,attack,Not fleeing,False,-104.822,38.813
2867,03-12-17,shot,sword,62.0,M,W,La Marque,TX,False,attack,Not fleeing,False,-94.959,29.37
2868,04-12-17,shot,gun,46.0,M,W,Monticello,GA,False,attack,Not fleeing,False,-83.791,33.391
2869,05-12-17,shot,machete,69.0,M,H,Bronx,NY,False,other,Not fleeing,False,-73.92,40.808
2870,05-12-17,shot,gun,24.0,M,B,Bassett,VA,False,attack,Not fleeing,False,-79.997,36.791
2871,06-12-17,shot,unarmed,42.0,M,B,Lauderdale Lakes,FL,True,attack,Not fleeing,True,-80.197,26.151999999999997
2872,06-12-17,shot,gun,71.0,M,,Coral Springs,FL,True,undetermined,Not fleeing,False,-80.27600000000001,26.245
2873,06-12-17,shot,gun,49.0,M,W,Cheyenne,WY,False,attack,Not fleeing,False,-104.76799999999999,41.161
2874,07-12-17,shot,gun,35.0,M,W,Peshtigo,WI,False,attack,Car,False,-87.749,45.053999999999995
2875,07-12-17,shot,unarmed,19.0,M,N,Denver,CO,False,undetermined,Foot,False,-104.96600000000001,39.854
2876,07-12-17,shot,gun,40.0,M,W,Old Forge,PA,False,attack,Car,False,,
2877,07-12-17,shot,,34.0,M,B,Tucson,AZ,False,attack,Car,False,-110.88,32.236999999999995
2878,08-12-17,shot,gun,22.0,M,A,Redding,CA,False,attack,Not fleeing,False,-122.32600000000001,40.567
2879,09-12-17,shot,gun,16.0,M,W,Dover,DE,False,attack,Not fleeing,False,-75.558,39.163000000000004
2880,09-12-17,shot,gun,69.0,M,W,Rose Bud,AR,False,attack,Not fleeing,False,-91.969,35.330999999999996
2881,10-12-17,shot,knife,24.0,M,W,Point Loma,CA,False,other,,False,-117.24799999999999,32.731
2882,10-12-17,shot,Taser,28.0,M,N,Oklahoma City,OK,False,attack,Not fleeing,False,-97.42399999999999,35.406
2883,10-12-17,shot,knife,26.0,M,,Mobile,AL,False,attack,Not fleeing,False,-88.09,30.638
2884,10-12-17,shot and Tasered,knife,48.0,M,,Artesia,CA,False,attack,Not fleeing,False,-118.072,33.861
2885,11-12-17,shot,gun,,M,,Seattle,WA,False,attack,Car,True,-122.25299999999999,47.68
2886,11-12-17,shot,unknown weapon,51.0,M,W,Great Falls,MT,False,other,,False,-111.221,47.516999999999996
2887,12-12-17,shot,undetermined,50.0,F,W,Rincon,GA,True,other,Not fleeing,False,-81.237,32.241
2888,13-12-17,shot,vehicle,,M,,Northglenn,CO,False,attack,,False,-104.96799999999999,39.888000000000005
2889,13-12-17,shot,unknown weapon,,M,,Hamilton,AL,False,other,Not fleeing,False,-88.086,34.183
2890,14-12-17,shot,,20.0,M,B,New Britain,CT,False,other,Car,False,-72.76100000000001,41.673
2891,15-12-17,shot,gun,34.0,M,W,McMinnville,TN,False,attack,Not fleeing,False,-85.802,35.599000000000004
2892,15-12-17,shot,gun,57.0,M,,Lexington,VA,False,attack,Foot,False,-79.422,37.796
2893,15-12-17,shot,gun,,M,,Yonkers,NY,False,other,Car,False,-73.87100000000001,40.907
2894,15-12-17,shot,,30.0,M,,Wilmington,DE,False,other,Car,False,-75.652,39.73
2895,17-12-17,shot,unarmed,27.0,M,B,Hallandale Beach,FL,False,other,Car,False,-80.123,25.984
2896,17-12-17,shot,unknown weapon,,M,,Charleston,TN,False,other,Foot,False,-84.762,35.28
2897,17-12-17,shot,gun,52.0,M,,Bremerton,WA,False,attack,Not fleeing,False,-122.64299999999999,47.583999999999996
2898,17-12-17,shot,shovel,52.0,M,,Valley Head,WV,False,attack,Not fleeing,False,-80.01,38.559
2899,18-12-17,shot,hatchet,48.0,M,B,Oak Park,MI,False,other,Not fleeing,False,-83.199,42.458999999999996
2900,19-12-17,shot,knife,56.0,M,,Mulberry,AR,True,other,Foot,False,-91.78,35.162
2901,19-12-17,shot,knife,24.0,M,,The Colony,TX,False,other,Not fleeing,False,-96.87200000000001,33.101
2902,19-12-17,shot,gun,,M,,Kirkland,WA,False,other,Not fleeing,False,-122.194,47.708999999999996
2903,20-12-17,shot,toy weapon,33.0,M,W,Miami Township,OH,True,other,Not fleeing,False,-84.245,39.593
2904,20-12-17,shot,gun,56.0,M,,Anchorage,AK,False,attack,Not fleeing,False,-149.885,61.203
2905,20-12-17,shot,unarmed,35.0,M,,Farmington,NM,False,other,Not fleeing,False,-108.17200000000001,36.719
2906,20-12-17,shot,gun,,M,,Oceanside,CA,False,undetermined,Foot,False,-117.295,33.192
2907,21-12-17,shot,unarmed,6.0,M,W,Schertz,TX,False,other,Not fleeing,False,-98.257,29.552
2908,21-12-17,shot,pipe,30.0,F,W,Schertz,TX,False,other,Foot,True,-98.257,29.552
2909,21-12-17,shot,gun,26.0,M,H,Greeley,CO,True,other,Foot,False,-104.803,40.378
2910,22-12-17,shot,gun,51.0,M,,Harrisburg,PA,False,attack,Foot,False,-76.86399999999999,40.265
2911,22-12-17,shot,gun,40.0,M,W,Gilbert,MN,False,attack,Foot,False,-92.465,47.49
2912,22-12-17,shot,gun,62.0,M,,Pocatello,ID,False,other,Not fleeing,False,-112.43299999999999,42.883
2913,23-12-17,shot,metal object,32.0,M,,Los Angeles,CA,False,other,Foot,False,-118.589,34.217
2914,23-12-17,shot,undetermined,26.0,M,,Canaan,NH,False,undetermined,Not fleeing,False,-72.051,43.647
2915,24-12-17,shot,machete,46.0,M,H,Progreso,TX,False,other,Not fleeing,False,-97.949,26.112
2916,24-12-17,shot,gun,20.0,M,W,Fairbanks,AK,True,attack,Not fleeing,True,-147.716,64.83800000000001
2917,24-12-17,shot,knife,25.0,M,,Phoenix,AZ,False,other,Not fleeing,False,-112.04799999999999,33.476
2918,25-12-17,shot,gun,,M,,Tulsa,OK,False,attack,Not fleeing,False,-95.96700000000001,36.148
2919,25-12-17,shot,gun,28.0,M,,Yakima,WA,False,attack,Not fleeing,False,-120.51,46.574
2920,25-12-17,shot,gun,44.0,M,,Boring,OR,False,attack,Car,False,-122.34100000000001,45.428999999999995
2921,26-12-17,shot,undetermined,31.0,M,,Yakima,WA,True,undetermined,Not fleeing,False,-120.507,46.603
2922,26-12-17,shot,gun,40.0,M,,Tulare,CA,False,attack,Car,False,-119.32700000000001,36.2
2923,26-12-17,shot,gun,46.0,M,,Roswell,NM,False,attack,,False,-104.441,33.453
2924,26-12-17,shot,gun,28.0,M,B,Lawrence,IN,False,attack,Car,False,-86.014,39.843
2925,26-12-17,shot,gun,30.0,M,W,Desert Hot Springs,CA,False,attack,Car,False,-116.48100000000001,33.951
2926,26-12-17,shot,gun,38.0,F,H,Farmers Branch,TX,False,attack,Not fleeing,False,-96.889,32.924
2927,26-12-17,shot,knife,34.0,M,,300 block of State Line Road,TN,False,other,Other,False,,
2928,26-12-17,shot,gun,36.0,M,N,Spokane,WA,False,attack,Foot,True,-117.428,47.669
2929,27-12-17,shot,,25.0,M,B,Philadelphia,PA,False,attack,Car,False,-75.15,40.052
2930,27-12-17,shot,unarmed,28.0,M,W,Wichita,KS,False,other,Not fleeing,False,-97.353,37.673
2931,27-12-17,shot,gun,38.0,M,W,Chester,VA,True,attack,Not fleeing,False,-77.35600000000001,37.352
2932,28-12-17,shot,gun,20.0,M,,Dover Township,PA,False,undetermined,Not fleeing,False,-76.844,39.985
2933,28-12-17,shot,gun,37.0,M,,Birmingham,AL,False,attack,Not fleeing,False,-86.8,33.521
2934,28-12-17,shot,gun,30.0,M,B,Elkhart,IN,False,attack,Car,False,-85.979,41.67
2935,29-12-17,shot,undetermined,35.0,M,,Columbus,GA,False,other,Car,False,-84.958,32.444
2936,30-12-17,shot,gun,31.0,M,H,Redwood City,CA,False,attack,Not fleeing,False,-122.226,37.486999999999995
2937,30-12-17,shot,undetermined,36.0,M,W,Crowell,TX,False,undetermined,,False,,
2938,30-12-17,shot,gun,39.0,M,,Los Angeles,CA,False,other,Not fleeing,False,-118.56700000000001,34.196
2939,31-12-17,shot,gun,37.0,M,,Highlands Ranch,CO,True,attack,Not fleeing,True,-104.961,39.566
2940,31-12-17,shot,,32.0,M,,Delano,CA,False,other,Car,False,-119.241,35.787
2941,01-01-18,shot,gun,65.0,M,W,Rossville,GA,True,attack,Not fleeing,False,-85.31200000000001,34.939
2942,01-01-18,shot,gun,42.0,M,W,Romance,AR,False,attack,Not fleeing,False,,
2943,01-01-18,shot,gun,65.0,M,W,Edgewater,FL,True,attack,Not fleeing,True,-80.911,28.944000000000003
2944,02-01-18,shot,gun,30.0,F,W,Camp Wood,TX,False,attack,Not fleeing,False,-100.01100000000001,29.67
2945,02-01-18,shot,gun,49.0,M,W,Ozark,AR,True,attack,Not fleeing,False,-93.835,35.49
2946,02-01-18,shot,knife,66.0,M,W,Joplin,MO,False,attack,Not fleeing,False,-94.51,37.101
2947,03-01-18,shot,gun,28.0,M,B,Oakland,CA,False,attack,Not fleeing,False,-122.296,37.806
2948,04-01-18,shot,gun,27.0,M,W,Boise,ID,False,attack,Not fleeing,False,-116.22399999999999,43.62
2949,04-01-18,shot,gun,31.0,M,W,Crandon,WI,False,attack,Not fleeing,False,-88.92,45.54600000000001
2950,05-01-18,shot,gun,46.0,M,W,Springfield,MO,False,attack,Not fleeing,False,-93.27799999999999,37.154
2951,05-01-18,shot,gun,28.0,M,B,Whitehall,OH,False,attack,Not fleeing,False,-82.854,39.958
2952,05-01-18,shot,gun,35.0,M,A,Long Beach,CA,False,other,Not fleeing,False,-118.14299999999999,33.803000000000004
2953,06-01-18,shot,pole and knife,24.0,M,H,Albuquerque,NM,False,other,Not fleeing,False,-106.545,35.078
2954,06-01-18,shot,gun,17.0,M,B,Little Rock,AR,False,attack,Not fleeing,False,-92.266,34.806
2955,06-01-18,shot,baseball bat,39.0,M,W,McLoud,OK,False,other,Not fleeing,False,-97.125,35.376999999999995
2956,06-01-18,shot,gun,21.0,M,W,Round Rock,TX,False,attack,Not fleeing,False,-97.641,30.504
2957,06-01-18,shot,knife,21.0,M,N,Sparta,WI,False,other,Not fleeing,False,-90.824,43.942
2958,06-01-18,shot,gun,57.0,M,H,San Carlos Park,FL,False,attack,Not fleeing,False,-81.824,26.473000000000003
2959,06-01-18,shot,vehicle,27.0,M,W,Manchester Township,PA,False,other,Car,False,-76.751,40.001999999999995
2960,06-01-18,shot,gun,62.0,M,W,Birmingham,AL,False,attack,Not fleeing,False,-86.66,33.637
2961,06-01-18,shot and Tasered,unarmed,40.0,M,B,Los Lunas,NM,False,other,Car,False,-106.73299999999999,34.806
2962,07-01-18,shot,gun,38.0,M,B,Lauderhill,FL,False,other,Foot,False,-80.20100000000001,26.13
2963,07-01-18,shot,knife,27.0,M,H,Santa Maria,CA,True,other,Not fleeing,False,-120.431,34.955
2964,07-01-18,shot,gun,54.0,M,B,Danville,VA,False,attack,Not fleeing,False,-79.365,36.586999999999996
2965,07-01-18,shot,gun,27.0,M,W,Tacoma,WA,False,attack,Not fleeing,False,-122.436,47.20399999999999
2966,07-01-18,shot and Tasered,unarmed,51.0,M,W,Sedona,AZ,True,other,Not fleeing,False,-111.76100000000001,34.87
2967,08-01-18,shot,gun,,M,,Horn Lake,MS,False,attack,Car,False,-90.009,34.963
2968,08-01-18,shot,gun,25.0,M,W,Church Hill,TN,False,other,Not fleeing,False,-82.75200000000001,36.579
2969,08-01-18,shot,gun,46.0,M,H,Los Angeles,CA,False,other,,False,-118.274,33.975
2970,08-01-18,shot,gun,20.0,M,B,Kansas City,MO,False,attack,Foot,False,-94.568,39.016999999999996
2971,08-01-18,shot and Tasered,gun,32.0,M,W,Kansas City,MO,False,attack,Foot,False,-94.57,39.016
2972,09-01-18,shot,ax,27.0,M,A,San Jose,CA,True,other,Not fleeing,True,-121.745,37.22
2973,10-01-18,shot,vehicle,21.0,M,B,Palmdale,CA,False,other,Car,False,-118.04299999999999,34.565
2974,11-01-18,shot,gun,60.0,M,H,Fort Worth,TX,False,attack,,False,-97.329,32.734
2975,11-01-18,shot,gun,44.0,M,W,Lexington County,SC,False,attack,Car,False,-81.171,33.808
2976,11-01-18,shot,gun,23.0,M,B,Charlotte,NC,False,attack,Not fleeing,False,,
2977,12-01-18,shot,gun,31.0,M,W,Elko,NV,False,other,Not fleeing,False,-115.76299999999999,40.832
2978,12-01-18,shot,gun,43.0,M,B,Pittsburg,CA,False,other,Not fleeing,False,-121.89399999999999,38.005
2979,12-01-18,shot,gun,39.0,M,W,Scottsville,KY,False,other,Not fleeing,False,-86.398,36.705
2980,12-01-18,shot,gun,54.0,M,W,Sherwood,OR,False,attack,Car,False,-122.85600000000001,45.381
2981,12-01-18,shot,gun,22.0,M,B,Columbus,OH,False,other,Not fleeing,False,-82.85799999999999,39.929
2982,12-01-18,shot,gun,36.0,M,,Puyallup,WA,False,attack,Car,False,-122.336,47.108999999999995
2983,12-01-18,shot,gun,37.0,M,W,Cave Junction,OR,False,attack,Not fleeing,False,,
2984,13-01-18,shot,gun,42.0,M,W,Huntersville,NC,True,other,Not fleeing,True,-80.876,35.398
2985,14-01-18,shot,gun,22.0,M,H,El Sereno,CA,False,other,Not fleeing,False,-118.195,34.084
2986,15-01-18,shot,gun,42.0,M,H,Eugene,OR,False,other,Not fleeing,False,-123.13,44.123999999999995
2987,16-01-18,shot,gun,32.0,M,W,Montpelier,VT,False,undetermined,Foot,False,-72.584,44.263999999999996
2988,16-01-18,shot,unknown weapon,30.0,M,H,Bedford,TX,False,other,Not fleeing,False,-97.154,32.828
2989,16-01-18,shot,gun,53.0,F,W,Gooding,ID,False,attack,Not fleeing,False,-114.654,42.931000000000004
2990,16-01-18,shot and Tasered,unarmed,27.0,M,W,Adams County,CO,False,attack,Not fleeing,False,-104.98700000000001,39.833
2991,17-01-18,shot,pellet gun,72.0,F,B,Tulsa,OK,False,attack,Not fleeing,False,-95.805,36.038000000000004
2992,17-01-18,shot,gun,29.0,M,B,Nashua,IA,True,attack,Car,False,-92.54899999999999,42.949
2993,17-01-18,shot,gun,34.0,M,B,Memphis,TN,False,other,Car,False,-90.024,35.17
2994,17-01-18,shot,gun,26.0,M,B,Racine,WI,False,attack,Foot,False,-87.786,42.716
2995,17-01-18,shot,knife,22.0,M,H,Phoenix,AZ,False,other,Not fleeing,False,,
2996,17-01-18,shot,unarmed,16.0,M,W,Franklin County,OH,False,other,Not fleeing,False,,
2997,18-01-18,shot,gun,31.0,M,B,Harrisburg,PA,False,attack,Not fleeing,False,-76.862,40.265
2998,19-01-18,shot,knife,58.0,M,W,Boonville,IN,True,attack,Not fleeing,False,-87.258,38.039
2999,20-01-18,shot,knife,23.0,M,W,Fairmont,MN,False,other,Not fleeing,False,-94.447,43.647
3000,20-01-18,shot,gun,44.0,M,W,Dunwoody,GA,False,other,Not fleeing,False,-84.333,33.933
3001,20-01-18,shot,gun,46.0,M,W,Lake Wales,FL,False,attack,Not fleeing,False,-81.656,27.839000000000002
3002,20-01-18,shot,unarmed,61.0,M,B,Longview,TX,True,other,Not fleeing,False,-94.647,32.555
3003,20-01-18,shot,,17.0,M,W,Overland Park,KS,True,other,Car,False,-94.694,38.857
3004,21-01-18,shot,,46.0,M,W,Rockledge,FL,False,other,Car,False,-80.705,28.31
3005,21-01-18,shot,unknown weapon,35.0,M,W,Ebey Island,WA,True,other,Not fleeing,False,-122.162,47.978
3006,22-01-18,shot,gun,36.0,M,W,Battle Creek,MI,True,other,Not fleeing,False,-85.19,42.308
3007,22-01-18,shot,,28.0,M,H,Irving,TX,False,other,Car,False,-96.98899999999999,32.851
3008,22-01-18,shot,unarmed,37.0,M,W,Sallisaw,OK,False,other,Not fleeing,False,-94.789,35.463
3009,22-01-18,shot,claimed to be armed,47.0,M,W,Millville,NJ,True,other,,False,-75.039,39.405
3010,22-01-18,shot,gun,35.0,M,H,Pueblo,CO,False,attack,Other,True,-104.866,39.694
3011,22-01-18,shot,gun,40.0,M,W,Tulsa,OK,False,other,Car,False,-96.01,36.176
3012,22-01-18,shot,unknown weapon,38.0,M,,Crescent City,CA,False,attack,,False,-124.20100000000001,41.778
3013,23-01-18,shot,BB gun,24.0,M,B,Chatham County,GA,False,attack,,True,-81.072,31.997
3014,23-01-18,shot,pipe,18.0,M,H,League City,TX,False,attack,Foot,False,-95.05799999999999,29.495
3015,23-01-18,shot,unarmed,38.0,M,B,Bradenton,FL,True,other,Car,False,-82.568,27.429000000000002
3016,23-01-18,shot,unknown weapon,54.0,M,W,Idaho Falls,ID,False,other,Foot,False,-112.03399999999999,43.488
3017,24-01-18,shot,unknown weapon,27.0,M,H,Sparks,NV,False,other,Foot,False,-119.76100000000001,39.545
3018,24-01-18,shot,gun,62.0,M,W,Union Township,MI,False,attack,Not fleeing,False,-84.82600000000001,43.588
3019,25-01-18,shot,gun,66.0,M,W,Little Orleans,MD,False,attack,Not fleeing,False,-78.368,39.647
3020,25-01-18,shot,unarmed,47.0,M,H,Houston,TX,False,other,Not fleeing,False,-95.29299999999999,29.828000000000003
3021,25-01-18,shot,knife,19.0,M,H,San Antonio,TX,False,attack,Other,False,-98.492,29.521
3022,25-01-18,shot,toy weapon,27.0,M,W,Buford,GA,True,attack,Not fleeing,False,-84.03,34.106
3023,26-01-18,shot,gun,23.0,M,W,Austin,TX,False,attack,Car,False,-97.727,30.308000000000003
3024,26-01-18,shot,gun,42.0,M,H,Las Vegas,NV,True,other,,False,-115.12200000000001,36.0
3025,26-01-18,shot,,43.0,M,B,Rock Falls,IL,False,attack,Car,False,-89.669,41.787
3026,26-01-18,shot,knife,42.0,M,W,Alton,IL,False,attack,Not fleeing,False,-90.12700000000001,38.89
3027,27-01-18,shot,knife,45.0,M,B,Walton,IN,True,other,Not fleeing,False,,
3028,27-01-18,shot,vehicle,21.0,F,B,Jackson,MS,False,attack,Car,False,-90.15299999999999,32.384
3029,27-01-18,shot,gun,43.0,F,W,San Antonio,TX,True,attack,Not fleeing,False,-98.5,29.565
3030,28-01-18,shot,gun,45.0,M,W,London,KY,False,attack,Not fleeing,False,-84.075,37.118
3031,28-01-18,shot,gun,33.0,M,B,Baltimore,MD,False,attack,Foot,True,-76.669,39.278
3032,28-01-18,shot,gun,38.0,M,W,Chamblee,GA,False,attack,Foot,False,-84.275,33.878
3033,28-01-18,shot,gun,33.0,M,W,Conroe,TX,False,attack,Car,False,-95.486,30.309
3034,29-01-18,shot,knife,46.0,M,H,Houston,TX,False,attack,Car,False,-95.631,29.871
3035,29-01-18,shot,knife,52.0,M,B,Bronx,NY,False,other,Foot,True,-73.887,40.847
3036,29-01-18,shot,knife,46.0,M,H,Houston,TX,False,attack,Not fleeing,False,,
3037,30-01-18,shot,unarmed,40.0,M,W,Pink,OK,False,other,Not fleeing,False,-97.105,35.24
3038,31-01-18,shot,knife,20.0,M,H,St. James,MN,False,other,Foot,False,-94.62799999999999,43.981
3039,31-01-18,shot,knife,39.0,M,H,Arvada,CO,False,other,Not fleeing,False,-105.074,39.85
3040,01-02-18,shot,unarmed,35.0,M,W,Waverly,OH,True,attack,Foot,False,-82.964,39.054
3041,01-02-18,shot,,31.0,M,B,Harrisburg,PA,False,attack,Not fleeing,False,-76.859,40.249
3042,01-02-18,shot,gun,32.0,M,B,Peoria,IL,False,attack,Foot,False,-89.617,40.675
3043,01-02-18,shot,gun,56.0,M,W,Oklahoma City,OK,False,attack,Not fleeing,False,-97.205,35.319
3044,01-02-18,shot,gun,37.0,M,B,Houston,TX,False,attack,Foot,False,-95.459,29.723000000000003
3045,01-02-18,shot,gun,32.0,M,W,Louisville,KY,False,attack,Not fleeing,False,-85.637,38.189
3046,01-02-18,shot,knife,28.0,M,B,Clayton,GA,False,other,Other,False,-83.389,34.88
3047,01-02-18,shot,gun,26.0,M,W,Helena,MT,True,other,,False,-111.89299999999999,46.599
3048,01-02-18,shot,vehicle,38.0,M,,Louisville,KY,False,undetermined,Not fleeing,False,,
3049,02-02-18,shot,knife,27.0,M,W,Charlotte,NC,True,other,Not fleeing,True,-80.91,35.246
3050,02-02-18,shot,gun,,M,,Winters,TX,True,attack,Not fleeing,False,-99.98700000000001,32.044000000000004
3051,03-02-18,shot,toy weapon,,M,B,Atlanta,GA,False,attack,Foot,False,-84.419,33.681999999999995
3052,03-02-18,shot,unarmed,43.0,M,W,Reading,MA,False,other,Foot,False,-71.10600000000001,42.559
3053,03-02-18,shot,gun,49.0,M,W,Gulfport,MS,False,attack,Foot,False,-89.09100000000001,30.384
3054,04-02-18,shot,gun,16.0,M,B,Los Angeles,CA,False,other,Foot,False,-118.296,33.939
3055,05-02-18,shot,gun,35.0,M,W,Nice,CA,False,other,Not fleeing,False,-122.85700000000001,39.124
3056,05-02-18,shot,gun,19.0,M,H,Colorado Springs,CO,False,attack,Not fleeing,False,-104.75,38.847
3057,06-02-18,shot,unarmed,59.0,M,W,St. Augustine,FL,False,other,Not fleeing,False,-81.318,29.906
3058,06-02-18,shot,knife,29.0,M,H,Denver,CO,False,other,Not fleeing,False,-105.01700000000001,39.684
3059,06-02-18,shot,gun,65.0,M,,Laguna Woods,CA,False,attack,Not fleeing,False,-117.70700000000001,33.598
3060,06-02-18,shot,,37.0,M,H,Los Angeles,CA,False,other,Car,False,-118.15899999999999,34.033
3061,07-02-18,shot and Tasered,,22.0,M,W,Lantana,FL,False,attack,Car,False,-80.068,26.587
3062,08-02-18,shot,BB gun,40.0,M,W,Antioch,CA,False,other,Not fleeing,False,-121.805,37.967
3063,08-02-18,shot,knife,35.0,M,H,Grant-Valkaria,FL,True,other,Not fleeing,False,-80.518,27.906999999999996
3064,09-02-18,shot,gun,39.0,M,B,Locust Grove,GA,False,attack,Not fleeing,False,-84.11,33.333
3065,09-02-18,shot,vehicle,36.0,M,B,Atlanta,GA,False,other,Car,False,-84.395,33.731
3066,09-02-18,shot,gun,78.0,M,W,Flagstaff,AZ,False,other,Not fleeing,True,-111.65700000000001,35.198
3067,10-02-18,shot,toy weapon,25.0,M,W,Columbus,OH,False,undetermined,Foot,False,-83.089,39.952
3068,10-02-18,shot,gun,41.0,M,W,Aurora,CO,False,other,Not fleeing,False,-104.79799999999999,39.628
3069,10-02-18,shot,gun,63.0,M,W,Kingman,AZ,False,attack,Not fleeing,True,-114.014,35.225
3070,10-02-18,shot and Tasered,machete,48.0,M,B,Tampa,FL,True,other,Not fleeing,False,-82.439,28.045
3071,11-02-18,shot,gun,42.0,M,W,Bolton,VT,True,other,Not fleeing,False,-72.878,44.373000000000005
3072,11-02-18,shot,gun,39.0,M,B,Pittsburgh,PA,False,attack,Foot,False,-79.888,40.455
3073,11-02-18,shot,gun,,M,,Grant,OK,False,attack,Not fleeing,False,,
3074,12-02-18,shot,gun,84.0,M,W,Homestead,FL,True,attack,Not fleeing,False,-80.415,25.515
3075,13-02-18,shot,unarmed,33.0,M,B,Vallejo,CA,False,attack,Foot,False,-122.258,38.104
3076,13-02-18,shot,gun and knife,52.0,M,A,Denver,CO,False,other,Not fleeing,False,-104.935,39.676
3077,13-02-18,shot,gun,48.0,F,W,Willits,CA,False,other,Car,False,,
3078,14-02-18,shot,gun,,M,,Fort Worth,TX,False,attack,Foot,False,-97.316,32.899
3079,14-02-18,shot,knife,30.0,M,B,Merrillville,IN,True,attack,Not fleeing,False,-87.34899999999999,41.486000000000004
3080,14-02-18,shot,gun,29.0,M,W,Kokomo,IN,False,other,Not fleeing,False,-86.12799999999999,40.489000000000004
3081,14-02-18,shot,gun,27.0,M,W,Belton,MO,True,attack,Other,False,-94.494,38.798
3082,14-02-18,shot,gun,41.0,M,W,Mobile,AL,True,attack,Not fleeing,False,-88.17299999999999,30.719
3083,15-02-18,shot,gun,57.0,M,H,Mesa,AZ,False,attack,Not fleeing,False,-111.792,33.411
3084,15-02-18,shot,gun,27.0,M,N,Montezuma Creek,UT,False,attack,Car,False,-108.90100000000001,37.323
3085,15-02-18,shot,gun,58.0,M,W,Henderson,NC,False,attack,Not fleeing,False,-78.40100000000001,36.309
3086,16-02-18,shot,unknown weapon,59.0,M,W,Cocoa Beach,FL,True,undetermined,,False,-80.612,28.351999999999997
3087,16-02-18,shot,undetermined,39.0,M,W,Sissonville,WV,True,undetermined,,False,-81.657,38.53
3088,17-02-18,shot,gun,28.0,M,B,Inwood,WV,False,attack,Not fleeing,False,-78.038,39.366
3089,17-02-18,shot,,28.0,M,W,Hernando,FL,False,other,Not fleeing,False,,
3090,17-02-18,shot,,23.0,M,H,Las Cruces,NM,False,other,Car,False,-106.764,32.309
3091,17-02-18,shot,gun,55.0,M,W,Catoosa,OK,True,attack,Not fleeing,False,-95.67299999999999,36.154
3092,18-02-18,shot,gun,33.0,M,H,Guadalupe County,TX,False,attack,Car,False,-98.133,29.573
3093,19-02-18,shot,gun,41.0,M,,Seattle,WA,False,attack,Not fleeing,False,-122.291,47.672
3094,19-02-18,shot,gun,23.0,M,H,Austin,TX,True,attack,Other,False,-97.736,30.197
3095,19-02-18,shot,knife,45.0,M,B,Denton,TX,False,other,Foot,True,-97.096,33.196
3096,21-02-18,shot,gun,37.0,M,B,Fort Washington,MD,False,attack,Car,False,-76.993,38.756
3097,21-02-18,shot,gun,21.0,M,B,Montgomery,AL,False,attack,Foot,False,-86.33,32.366
3098,21-02-18,shot,gun,27.0,M,W,Stutsman County,ND,False,attack,Car,False,-98.991,46.93899999999999
3099,21-02-18,shot,gun,39.0,M,B,Phoenix,AZ,False,attack,Car,False,-112.134,33.48
3100,21-02-18,shot,gun,37.0,M,B,Jackson,MS,False,attack,Foot,False,-90.206,32.302
3101,21-02-18,shot,unarmed,22.0,M,B,Stratford,TX,False,other,Car,False,-102.07,36.334
3102,22-02-18,shot,gun,26.0,M,B,Church Hill,TN,False,other,,False,-82.713,36.571
3103,22-02-18,shot,gun,27.0,M,W,Phoenix,AZ,False,other,Foot,False,-112.272,33.406
3104,23-02-18,shot,unarmed,37.0,M,B,Woodbridge,VA,False,other,Foot,False,-77.33,38.584
3105,23-02-18,shot,toy weapon,58.0,M,W,Evansville,IN,False,other,Not fleeing,False,-87.501,37.955
3106,24-02-18,shot,toy weapon,62.0,M,W,Monongalia,WV,False,attack,Not fleeing,True,,
3107,25-02-18,shot,knife,25.0,M,B,Oklahoma City,OK,False,attack,Not fleeing,False,-97.55799999999999,35.61
3108,25-02-18,shot,sword,36.0,M,W,Casper,WY,False,other,Foot,False,-106.27600000000001,42.836000000000006
3109,25-02-18,shot,gun,,M,H,Los Angeles,CA,False,attack,Not fleeing,False,-118.316,33.945
3110,26-02-18,shot,gun,27.0,M,W,Crawford County,OH,False,attack,Foot,False,-82.803,40.946
3111,26-02-18,shot,gun,37.0,M,W,Gilbert,AZ,False,attack,,False,-111.705,33.369
3112,26-02-18,shot,gun,25.0,M,W,Wamego,KS,False,attack,Not fleeing,False,-96.301,39.205999999999996
3113,26-02-18,shot,gun,40.0,M,B,St. Louis,MO,False,attack,Not fleeing,False,-90.208,38.751999999999995
3114,26-02-18,shot and Tasered,machete,22.0,M,W,Los Angeles,CA,True,other,Not fleeing,True,-118.45700000000001,34.235
3115,27-02-18,shot,gun,29.0,M,B,Dallas,TX,False,attack,Not fleeing,False,-96.656,32.738
3116,27-02-18,shot,gun,20.0,M,W,Chester,SC,False,other,Car,True,-81.19800000000001,34.717
3117,27-02-18,shot,gun,33.0,M,W,Coeur d'Alene,ID,False,attack,Not fleeing,False,-116.786,47.696000000000005
3118,28-02-18,shot,gun,48.0,M,B,Orlando,FL,False,attack,Not fleeing,False,-81.37899999999999,28.54
3119,28-02-18,shot,unknown weapon,47.0,M,H,Alamosa,CO,False,other,Not fleeing,False,,
3120,01-03-18,shot,machete,40.0,M,B,Henrico,VA,False,other,Car,False,-77.52199999999999,37.608000000000004
3121,01-03-18,shot,unknown weapon,29.0,M,H,Tucson,AZ,False,other,Not fleeing,False,-110.98299999999999,32.177
3122,02-03-18,shot,unknown weapon,29.0,M,H,Bristol Township,PA,False,other,Not fleeing,False,-74.84100000000001,40.137
3123,02-03-18,shot,gun,44.0,M,W,Glendale,AZ,False,attack,Foot,False,-112.152,33.567
3124,02-03-18,shot,knife,36.0,M,W,Mesa,AZ,False,other,Not fleeing,False,-111.63600000000001,33.379
3125,02-03-18,shot,undetermined,31.0,M,,Santa Ana,CA,False,undetermined,Not fleeing,False,-117.85,33.708
3126,02-03-18,shot,gun,48.0,M,W,Scottsdale,AZ,False,other,Not fleeing,False,-111.88600000000001,33.577
3127,02-03-18,shot,unknown weapon,49.0,M,B,Clarksville,TX,False,attack,Not fleeing,True,-95.052,33.614000000000004
3128,03-03-18,shot,piece of wood,38.0,F,H,Pima County,AZ,False,other,Not fleeing,False,-111.065,32.125
3129,03-03-18,shot,gun,70.0,M,,Johnson County,MO,False,attack,Not fleeing,False,-93.75399999999999,38.830999999999996
3130,03-03-18,shot,gun,41.0,M,B,Gulfport,MS,False,attack,Not fleeing,False,-89.039,30.4
3131,04-03-18,shot,toy weapon,,M,H,Abington Township,PA,False,other,Not fleeing,False,-75.112,40.08
3132,05-03-18,shot,gun,28.0,M,W,Sandpoint,ID,True,attack,Not fleeing,False,-116.572,48.263999999999996
3133,05-03-18,shot,toy weapon,33.0,M,W,Carroll County,GA,False,attack,Not fleeing,False,-85.009,33.715
3134,05-03-18,shot,knife,44.0,M,W,Lakeland,FL,True,other,Foot,False,-81.95,28.039
3135,05-03-18,shot,gun,65.0,M,W,Barnwell,AL,False,attack,Not fleeing,False,-87.861,30.421
3136,05-03-18,shot,gun,,M,,Kansas City,MO,False,attack,,False,-94.492,39.036
3137,05-03-18,shot,gun,35.0,M,W,Oil Springs,KY,True,attack,Not fleeing,False,,
3138,05-03-18,shot,knife,25.0,M,W,Farmington,NM,False,other,Not fleeing,False,-108.18799999999999,36.725
3139,06-03-18,shot,gun,40.0,M,W,North Manchester,IN,False,attack,Not fleeing,True,-85.795,41.0
3140,06-03-18,shot,gun,36.0,M,W,Terre Haute,IN,True,attack,Not fleeing,False,-87.385,39.45
3141,06-03-18,shot,gun,55.0,M,W,Pueblo,CO,False,attack,Foot,False,-104.594,38.275999999999996
3142,06-03-18,shot,gun,19.0,M,H,San Francisco,CA,False,attack,Not fleeing,False,-122.41799999999999,37.759
3143,06-03-18,shot,gun,70.0,M,W,Shelbyville,TX,False,other,Not fleeing,False,-93.955,31.639
3144,06-03-18,shot,gun,37.0,M,B,Clinton,MO,True,attack,Not fleeing,False,-93.78,38.368
3145,07-03-18,shot,gun,53.0,M,W,Long Beach,CA,False,attack,Not fleeing,False,-118.195,33.766999999999996
3146,07-03-18,shot,unarmed,84.0,F,W,Bexar County,TX,False,other,Not fleeing,False,-98.669,29.669
3147,07-03-18,shot and Tasered,pick-axe,46.0,M,H,Austin,TX,True,other,Not fleeing,False,-97.68799999999999,30.272
3148,08-03-18,shot,gun,29.0,M,B,Spotsylvania,VA,False,attack,Other,False,-111.676,40.056999999999995
3149,08-03-18,shot,toy weapon,,M,,Pottstown,PA,True,other,Not fleeing,False,-75.654,40.246
3150,08-03-18,shot,gun,27.0,M,N,Pilot Station,AK,False,attack,Foot,False,,
3151,08-03-18,shot,undetermined,,M,,Jurupa Valley,CA,False,undetermined,,False,-117.5,34.0
3152,09-03-18,shot,knife,32.0,F,W,Tarpon Springs,FL,False,other,Not fleeing,False,-82.765,28.15
3153,09-03-18,shot,gun,27.0,M,H,Phoenix,AZ,False,attack,Foot,False,-112.164,33.486999999999995
3154,09-03-18,shot,knife,38.0,M,A,Arlington,TX,False,attack,Not fleeing,False,-97.14,32.652
3155,10-03-18,shot,gun,20.0,M,B,Hillsboro,OR,True,attack,Not fleeing,False,-122.926,45.505
3156,10-03-18,shot,gun,45.0,M,H,Fontana,CA,False,attack,Not fleeing,False,-117.445,34.119
3157,11-03-18,shot,gun,32.0,M,W,Oakland,CA,True,attack,Not fleeing,False,-122.274,37.830999999999996
3158,11-03-18,shot,gun,48.0,M,H,Fort Sumner,NM,False,other,Foot,False,-104.24600000000001,34.472
3159,11-03-18,shot,gun,57.0,M,H,Midland,TX,False,attack,Not fleeing,False,-102.07700000000001,31.93
3160,12-03-18,shot,knife,34.0,F,B,Elgin,IL,True,other,Car,True,-88.28299999999999,42.066
3161,12-03-18,shot,gun,16.0,M,W,Midland,MI,True,attack,Foot,False,-84.20299999999999,43.626000000000005
3162,12-03-18,shot,gun,47.0,M,W,Blackman Township,MI,False,attack,Foot,False,-84.366,42.254
3163,12-03-18,shot,gun,61.0,M,W,Lexington,NC,False,attack,Not fleeing,False,-80.354,35.812
3164,12-03-18,shot,,32.0,M,W,West Fargo,ND,False,attack,Car,False,-96.91799999999999,46.86600000000001
3165,12-03-18,shot,gun,31.0,M,W,Colorado Springs,CO,False,other,Not fleeing,False,-104.822,38.809
3166,12-03-18,shot and Tasered,baseball bat,46.0,M,B,Manhasset,NY,False,attack,Not fleeing,False,-73.707,40.79
3167,12-03-18,shot and Tasered,baton,27.0,M,B,Tulare,CA,True,attack,Foot,False,-119.337,36.217
3168,13-03-18,shot,gun,31.0,M,W,Sandy,UT,False,other,Not fleeing,False,-111.88600000000001,40.589
3169,14-03-18,shot,,26.0,M,W,Keizer,OR,False,other,Foot,False,-123.01100000000001,45.001999999999995
3170,14-03-18,shot,unarmed,31.0,M,B,East Baton Rouge,LA,True,attack,Not fleeing,False,-91.12700000000001,30.453000000000003
3171,14-03-18,shot,unknown weapon,,M,,Parmelee,SD,False,other,,False,,
3172,15-03-18,shot and Tasered,unarmed,27.0,M,B,Casa Grande,AZ,False,attack,Not fleeing,False,-111.721,32.942
3173,16-03-18,shot,gun,49.0,M,B,Clarksville,TN,False,attack,Not fleeing,False,-87.27,36.571
3174,16-03-18,shot,knife,26.0,M,W,Jonesborough,TN,True,other,Foot,False,-82.46,36.302
3175,16-03-18,shot,knife,28.0,M,W,Elk Plain,WA,True,other,Not fleeing,False,-122.375,47.028
3176,16-03-18,shot,ax,62.0,M,W,Burnsville,NC,False,other,,False,-82.354,35.933
3177,16-03-18,shot,undetermined,34.0,M,,Harris County,TX,False,attack,Not fleeing,False,-95.522,30.033
3178,17-03-18,shot,gun,50.0,M,H,Valley View,CA,False,other,Car,False,-116.973,33.22
3179,18-03-18,shot,,,M,,Lancaster,TX,False,attack,Car,False,-96.76799999999999,32.606
3180,18-03-18,shot,unarmed,23.0,M,B,Sacramento,CA,False,other,Foot,True,-121.475,38.486999999999995
3181,18-03-18,shot,knife,40.0,M,H,South El Monte,CA,False,other,Foot,False,-118.04700000000001,34.033
3182,19-03-18,shot,gun,50.0,M,N,Utica,KY,False,attack,Other,False,-87.095,37.68
3183,19-03-18,shot,crossbow,50.0,M,W,Lone Rock,AR,False,other,Not fleeing,False,-92.369,36.158
3184,19-03-18,shot,unarmed,27.0,M,A,Denver,CO,False,other,Car,False,-104.902,39.775999999999996
3185,19-03-18,shot and Tasered,knife,35.0,M,B,Greenville,SC,False,other,Not fleeing,True,-82.411,34.87
3186,20-03-18,shot,gun,32.0,M,W,Scott County,KY,False,attack,Not fleeing,False,-84.546,38.231
3187,20-03-18,shot,gun,56.0,M,W,Timberlake,NC,True,attack,Not fleeing,False,-78.935,36.330999999999996
3188,20-03-18,shot,gun,20.0,M,W,Winter Haven,FL,True,attack,Not fleeing,False,,
3189,20-03-18,shot,gun,56.0,M,W,Princeton,NJ,False,other,Not fleeing,False,-74.658,40.35
3190,21-03-18,shot,gun,39.0,M,N,Owasso,OK,True,attack,Not fleeing,True,-95.807,36.312
3191,21-03-18,shot,knife,47.0,M,W,Mannford,OK,True,other,Not fleeing,False,-96.35700000000001,36.122
3192,21-03-18,shot,gun,25.0,M,W,Amelia Island,FL,True,attack,Not fleeing,False,-81.445,30.59
3193,21-03-18,shot,gun,21.0,M,A,San Francisco,CA,False,attack,Not fleeing,False,-122.44,37.716
3194,21-03-18,shot,knife,18.0,M,H,Littlefield,TX,False,attack,Foot,False,-102.335,33.928000000000004
3195,22-03-18,shot,gun,36.0,M,H,Aurora,IL,False,attack,Foot,False,-88.31200000000001,41.757
3196,22-03-18,shot,unarmed,35.0,M,B,Greenspoint,TX,True,attack,Not fleeing,False,-95.4,29.951
3197,23-03-18,shot,gun,29.0,M,W,Abilene,TX,False,attack,Not fleeing,False,-99.771,32.444
3198,23-03-18,shot,unarmed,32.0,M,,Bogalusa,LA,False,attack,Not fleeing,False,-89.859,30.788
3199,23-03-18,shot,gun,20.0,M,H,Childress,TX,False,attack,Foot,False,,
3200,23-03-18,shot,,30.0,M,B,Largo,FL,False,attack,Not fleeing,False,-82.788,27.929000000000002
3201,23-03-18,shot,unknown weapon,40.0,M,W,Genesee Township,MI,False,other,Car,False,-83.63600000000001,43.051
3202,23-03-18,shot,incendiary device,48.0,M,H,Douglas,AZ,False,other,Not fleeing,False,-109.54799999999999,31.351
3203,23-03-18,shot,unknown weapon,,M,,Scottsdale,AZ,False,other,Not fleeing,False,-111.884,33.537
3204,23-03-18,shot and Tasered,knife,23.0,M,W,Phoenix,AZ,False,attack,Not fleeing,False,-112.221,33.495
3205,24-03-18,shot,unarmed,42.0,M,W,Nikolaevsk,AK,False,attack,Not fleeing,False,-151.61700000000002,59.809
3206,24-03-18,shot,knife,20.0,M,N,Anchorage,AK,False,other,Foot,False,-149.817,61.216
3207,24-03-18,shot,gun,25.0,F,W,Columbus,OH,False,attack,Not fleeing,False,-82.835,39.876999999999995
3208,25-03-18,shot,gun,28.0,M,H,Austin,TX,False,attack,Not fleeing,False,-97.756,30.198
3209,26-03-18,shot,gun,34.0,M,W,Wise County,VA,False,other,Car,False,,
3210,27-03-18,shot,gun,41.0,M,H,Sanford,NC,False,attack,Not fleeing,True,-79.167,35.477
3211,27-03-18,shot,unarmed,24.0,M,W,Midway,FL,True,attack,Other,True,-86.992,30.408
3212,27-03-18,shot,unknown weapon,29.0,M,W,Nampa,ID,False,undetermined,Not fleeing,False,-116.54299999999999,43.611000000000004
3213,27-03-18,shot,vehicle,33.0,F,W,Montgomery,AL,False,attack,Car,False,-86.28299999999999,32.418
3214,27-03-18,shot,gun,44.0,M,H,Phoenix,AZ,False,attack,Not fleeing,False,-112.12200000000001,33.458
3215,28-03-18,shot,gun and knife,31.0,M,W,Stillwater,OK,True,other,Not fleeing,False,-97.06299999999999,36.134
3216,28-03-18,shot,gun,26.0,M,W,Lower Macungie Township,PA,False,attack,Foot,False,-75.58,40.553000000000004
3217,28-03-18,shot,gun,51.0,M,W,Elizabethtown,KY,False,attack,Not fleeing,False,-85.904,37.755
3218,28-03-18,shot,,64.0,M,W,Sylacauga,AL,False,attack,Car,False,-86.28,33.163000000000004
3219,28-03-18,shot,gun,29.0,M,W,Swansea,SC,True,other,Car,False,-80.992,33.79
3220,28-03-18,shot,knife,61.0,M,W,Surprise,AZ,False,other,Not fleeing,False,-112.325,33.639
3221,29-03-18,shot,gun,44.0,M,H,Pasadena,TX,True,attack,Other,True,-95.208,29.701999999999998
3222,29-03-18,shot,gun,39.0,M,B,Charleston,WV,True,attack,Car,False,-81.657,38.367
3223,29-03-18,shot,gun,35.0,M,W,Clarksville,TN,False,other,Other,False,-87.304,36.571
3224,29-03-18,shot and Tasered,knife,39.0,M,W,Las Vegas,NV,False,other,Not fleeing,True,-115.15299999999999,36.147
3225,30-03-18,shot,gun,60.0,M,B,Winston-Salem,NC,False,other,Not fleeing,False,-80.217,36.118
3226,30-03-18,shot,toy weapon,42.0,M,W,Atwater,CA,False,other,Not fleeing,False,-120.626,37.353
3227,31-03-18,shot,machete,27.0,M,W,Guthrie,OK,False,attack,Not fleeing,False,-97.416,35.882
3228,31-03-18,shot,,21.0,M,H,Reno,NV,False,attack,Not fleeing,False,-119.78,39.483000000000004
3229,01-04-18,shot,gun,33.0,M,H,San Antonio,TX,False,other,Not fleeing,False,-98.48700000000001,29.609
3230,01-04-18,shot,gun,60.0,M,B,New Llano,LA,False,attack,Not fleeing,False,-93.28299999999999,31.114
3231,01-04-18,shot,gun,24.0,M,W,Goodbee,LA,False,attack,Car,False,-90.193,30.496
3232,01-04-18,shot,gun,41.0,M,B,Tampa,FL,False,attack,Car,False,-82.443,27.976
3233,01-04-18,shot,knife,41.0,M,B,Greenville,NC,False,other,Not fleeing,False,-77.432,35.554
3234,01-04-18,shot,gun,34.0,M,B,Jackson,MI,True,attack,Not fleeing,False,-84.405,42.24
3235,01-04-18,shot,knife,23.0,M,H,Brownsville,TX,True,other,Not fleeing,False,-97.478,25.965999999999998
3236,01-04-18,shot,knife,38.0,M,W,Belton,MO,False,other,,False,-94.538,38.813
3237,01-04-18,shot,gun,58.0,M,W,Phoenix,AZ,False,other,Foot,False,,
3238,03-04-18,shot,gun,49.0,M,W,Huntsville,AL,True,undetermined,Not fleeing,True,-86.666,34.717
3239,04-04-18,shot,knife,27.0,M,B,Okmulgee,OK,True,other,Not fleeing,False,-95.973,35.625
3240,04-04-18,shot,gun,34.0,M,H,Corpus Christi,TX,False,other,Foot,False,-97.36399999999999,27.69
3241,04-04-18,shot,metal pipe,34.0,M,B,New York,NY,True,attack,Not fleeing,False,-73.932,40.664
3242,04-04-18,shot,gun,70.0,M,,Molena,GA,False,attack,Not fleeing,False,-84.405,33.06
3243,04-04-18,shot,gun,44.0,F,W,Phoenix,AZ,False,attack,Not fleeing,False,-112.152,33.655
3244,04-04-18,shot,gun,30.0,M,W,Mesa,AZ,False,attack,Foot,False,-111.74,33.379
3245,05-04-18,shot,gun,81.0,M,W,Greece,NY,False,attack,Not fleeing,False,-77.7,43.245
3246,05-04-18,shot,gun,40.0,M,W,Volant,PA,False,attack,Not fleeing,False,-80.259,41.113
3247,05-04-18,shot,knife,27.0,M,B,South Bend,IN,False,other,Not fleeing,False,-86.279,41.672
3248,05-04-18,shot,vehicle,26.0,M,B,Barstow,CA,False,attack,Not fleeing,False,-116.994,34.885
3249,05-04-18,shot,gun,18.0,M,A,Fremont,CA,False,attack,Foot,False,-122.024,37.568000000000005
3250,05-04-18,shot,gun,59.0,M,W,Reynoldsville,WV,False,other,Foot,True,-80.439,39.293
3251,05-04-18,shot,knife,56.0,M,H,South Bend,IN,True,other,Not fleeing,False,-86.279,41.672
3252,05-04-18,shot,gun,22.0,M,H,Las Vegas,NV,True,attack,Not fleeing,False,-115.041,36.163000000000004
3253,06-04-18,shot,gun,26.0,M,,Marysville,CA,False,attack,Car,False,,
3254,06-04-18,shot,gun,34.0,M,A,Las Vegas,NV,False,attack,Not fleeing,False,-115.041,36.167
3255,06-04-18,shot,knife,23.0,M,W,Searcy County,AR,False,attack,Foot,False,-92.59899999999999,35.953
3256,06-04-18,shot,gun,36.0,M,W,Federal Way,WA,False,attack,Not fleeing,False,-122.29700000000001,47.35
3257,07-04-18,shot,knife,48.0,M,W,Portland,OR,True,other,Other,False,-122.66,45.519
3258,07-04-18,shot,gun,33.0,M,W,Oroville,CA,False,attack,Not fleeing,False,-121.56700000000001,39.506
3259,08-04-18,shot,toy weapon,24.0,M,H,Cathedral City,CA,False,attack,Not fleeing,False,-116.465,33.805
3260,08-04-18,shot,unarmed,25.0,M,B,Danville,VA,False,other,Other,True,-79.384,36.617
3261,08-04-18,shot,screwdriver,20.0,M,B,West Valley City,UT,False,other,Foot,True,-111.948,40.695
3262,08-04-18,shot,screwdriver,45.0,M,W,Louisville,KY,True,other,Not fleeing,True,-85.84100000000001,38.15
3263,09-04-18,shot,gun,29.0,M,W,Reseda,CA,False,other,Foot,True,-118.56200000000001,34.189
3264,09-04-18,shot,gun,34.0,M,W,Oaks,OK,False,other,Not fleeing,True,-94.86,36.191
3265,09-04-18,shot and Tasered,knife,23.0,M,W,Troy,MI,False,attack,Not fleeing,False,-83.116,42.591
3266,09-04-18,shot and Tasered,knife,29.0,M,W,Billings,MT,False,attack,Not fleeing,True,-108.51,45.778999999999996
3267,10-04-18,shot,toy weapon,44.0,M,W,Billings,MT,False,other,Not fleeing,False,-108.554,45.784
3268,10-04-18,shot,gun,39.0,M,,Tucson,AZ,False,other,Not fleeing,False,-110.959,32.265
3269,10-04-18,shot,knife,30.0,M,B,Baldwin Hills,CA,True,other,Foot,False,-118.339,34.01
3270,10-04-18,shot,,28.0,M,W,Royal Oak,MI,False,other,Car,False,-83.18700000000001,42.518
3271,11-04-18,shot,gun,71.0,F,W,Winn Parish,LA,False,attack,Not fleeing,False,-92.932,31.826
3272,11-04-18,shot,gun,25.0,M,B,Gardena,CA,False,attack,Not fleeing,False,-118.318,33.916
3273,11-04-18,shot,gun,61.0,M,W,Pembroke,NY,True,attack,Not fleeing,True,-78.399,43.026
3274,11-04-18,shot,machete,39.0,M,W,Sparta,NC,False,other,Not fleeing,True,-81.12,36.506
3275,11-04-18,shot,gun,50.0,M,W,Winn Parish,LA,False,attack,Not fleeing,False,-92.932,31.826
3276,12-04-18,shot,gun,,M,B,Atlanta,GA,True,attack,Not fleeing,False,-84.434,33.766
3277,12-04-18,shot,gun,23.0,M,W,Lake Elmo,MN,True,undetermined,Not fleeing,False,-92.88,44.998999999999995
3278,12-04-18,shot,knife,39.0,M,B,Helena-West Helena,AR,False,attack,Not fleeing,False,-90.63600000000001,34.545
3279,12-04-18,shot,gun,45.0,M,B,Washington,PA,False,attack,Other,False,-80.197,40.163000000000004
3280,12-04-18,shot,glass shard,,M,,Trinidad,CO,False,other,Not fleeing,False,-104.51100000000001,37.163000000000004
3281,13-04-18,shot,knife,34.0,M,W,Waco,TX,False,other,Not fleeing,False,-97.15,31.519000000000002
3282,13-04-18,shot,gun,31.0,M,W,Thornton,CO,False,other,Car,False,-104.97399999999999,39.856
3283,14-04-18,shot,gun,55.0,M,H,Millville,NJ,False,other,Car,False,-75.027,39.38
3284,14-04-18,shot,gun,39.0,M,B,Phoenix,AZ,False,attack,Other,False,-112.089,33.48
3285,14-04-18,shot,vehicle,32.0,M,W,Carrollton,GA,False,attack,Not fleeing,False,-85.12700000000001,33.628
3286,14-04-18,shot,gun,44.0,M,H,Phoenix,AZ,False,attack,Not fleeing,False,-112.073,33.378
3287,14-04-18,shot,toy weapon,24.0,M,W,Anaheim,CA,True,attack,Not fleeing,True,-117.934,33.852
3288,15-04-18,shot,knife,36.0,M,N,Lodge Grass,MT,False,other,Not fleeing,False,-107.37,45.317
3289,17-04-18,shot,screwdriver,41.0,M,B,Magna,UT,True,attack,Car,False,-112.09200000000001,40.711
3290,17-04-18,shot,,25.0,M,B,Austell,GA,False,attack,Car,False,-84.555,33.772
3291,17-04-18,shot,vehicle,39.0,M,W,Tishomingo,OK,False,attack,Car,False,-96.689,34.25
3292,17-04-18,shot,,40.0,M,W,Cumberland County,KY,False,attack,Car,False,-85.32700000000001,36.858000000000004
3293,18-04-18,shot,knife,32.0,M,W,Douglasville,GA,False,attack,Not fleeing,True,-84.72200000000001,33.747
3294,18-04-18,shot,gun,45.0,M,W,Greene County,MO,False,attack,Foot,False,-93.089,37.205999999999996
3295,18-04-18,shot,gun,31.0,M,B,Fort Lauderdale,FL,False,attack,Not fleeing,False,-80.154,26.136
3296,18-04-18,shot,knife,32.0,M,N,Sugar House,UT,True,other,Not fleeing,False,-111.86,40.744
3297,18-04-18,shot,gun,48.0,M,B,Pavilion Township,MI,False,attack,Not fleeing,False,-85.49600000000001,42.245
3298,20-04-18,shot,vehicle,49.0,M,W,Foresthill,CA,True,other,Car,False,-121.054,38.923
3299,20-04-18,shot,unarmed,48.0,M,B,Orlando,FL,False,other,Not fleeing,False,-81.38,28.616
3300,20-04-18,shot,gun,18.0,M,W,Mackinaw,IL,False,attack,Not fleeing,False,-89.279,40.529
3301,21-04-18,shot,knife,48.0,M,W,Boone,IA,False,other,,False,-93.884,42.056999999999995
3302,21-04-18,shot,gun,25.0,M,B,Memphis,TN,False,other,Foot,False,-89.86399999999999,35.177
3303,22-04-18,shot,gun,27.0,M,W,West Olive,MI,False,attack,Not fleeing,False,-86.14200000000001,42.931999999999995
3304,22-04-18,shot,gun,37.0,M,H,Louisville,KY,False,attack,Foot,False,-85.665,38.203
3305,24-04-18,shot,gun,44.0,M,H,San Antonio,TX,False,other,Foot,False,-98.494,29.426
3306,24-04-18,shot,gun,27.0,M,B,Louisville,KY,False,attack,,True,-85.796,38.27
3307,24-04-18,shot,gun,,M,,Harmony,TX,True,attack,Not fleeing,False,-95.10700000000001,32.755
3308,24-04-18,shot,gun,,M,,Amarillo,TX,True,attack,Not fleeing,False,-101.899,35.165
3309,25-04-18,shot,gun,41.0,M,W,Colorado Springs,CO,False,attack,Foot,False,-104.85,38.854
3310,25-04-18,shot,knife,42.0,M,B,Louisville,KY,False,attack,Not fleeing,False,-85.816,38.269
3311,25-04-18,shot,gun,36.0,M,W,Denver,CO,False,other,Car,False,-104.90299999999999,39.74
3312,25-04-18,shot,gun,89.0,M,,Grand Canyon Caverns,AZ,True,attack,Not fleeing,False,-113.23100000000001,35.528
3313,25-04-18,shot,gun,37.0,M,B,Grand Prairie,TX,False,attack,Not fleeing,False,-97.037,32.691
3314,26-04-18,shot,knife,22.0,M,,Vernon,TX,False,attack,Car,False,-99.264,34.157
3315,26-04-18,shot,vehicle,56.0,F,W,Palermo,CA,False,attack,Car,True,-121.551,39.446999999999996
3316,26-04-18,shot,gun,35.0,M,,Shelby Township,MI,True,attack,Not fleeing,False,-83.031,42.685
3317,28-04-18,shot,knife,36.0,F,B,Johns Creek,GA,True,other,Not fleeing,False,-84.176,34.048
3318,28-04-18,shot,gun,46.0,M,W,Northglenn,CO,False,other,Not fleeing,False,-104.978,39.903
3319,28-04-18,shot,gun,26.0,M,H,Elk Grove,CA,False,attack,Not fleeing,False,-121.48299999999999,38.426
3320,28-04-18,shot,gun,41.0,M,W,Casselberry,FL,False,attack,Not fleeing,False,-81.337,28.68
3321,29-04-18,shot,unarmed,38.0,M,W,Shreveport,LA,False,attack,Foot,False,-93.745,32.516999999999996
3322,29-04-18,shot,unknown weapon,42.0,M,W,Redlands,CA,False,other,Not fleeing,False,-117.21,34.048
3323,29-04-18,shot,gun,47.0,M,W,Franklin,NC,False,attack,Not fleeing,False,-83.40899999999999,35.164
3324,29-04-18,shot,gun,26.0,M,W,Moorland,IA,False,attack,Not fleeing,False,-94.359,42.456
3325,30-04-18,shot,knife,64.0,M,B,Columbus,OH,False,other,Not fleeing,False,-82.963,40.05
3326,30-04-18,shot and Tasered,knife,59.0,M,,Columbus,OH,False,undetermined,,False,-82.962,40.056
3327,01-05-18,shot,gun,,M,,San Antonio,TX,False,attack,Car,False,-98.524,29.378
3328,01-05-18,shot,gun,,M,,Quartzsite,AZ,False,attack,Other,False,-114.235,33.662
3329,01-05-18,shot,samurai sword,49.0,M,W,League City,TX,False,other,Not fleeing,False,-95.15700000000001,29.485
3330,02-05-18,shot,ax,44.0,M,W,Box Elder,SD,False,other,,False,-103.068,44.111999999999995
3331,02-05-18,shot,gun,48.0,M,W,Liberty,NC,False,attack,Not fleeing,False,-79.532,35.887
3332,02-05-18,shot,gun,27.0,M,H,Kansas City,KS,False,other,,False,-94.656,39.124
3333,02-05-18,shot,gun,67.0,M,B,Dallas,TX,False,attack,Not fleeing,False,-96.679,32.806999999999995
3334,02-05-18,shot,gun,24.0,M,B,Columbus,GA,False,attack,Car,False,-84.98,32.496
3335,03-05-18,shot,machete,26.0,M,H,Orosi,CA,True,attack,Not fleeing,False,-119.296,36.548
3336,03-05-18,shot,knife,28.0,M,W,Sandia,TX,False,attack,Not fleeing,False,-97.88,28.022
3337,04-05-18,shot,gun,21.0,M,W,Terre Haute,IN,False,attack,Car,False,-87.398,39.37
3338,04-05-18,shot,toy weapon,54.0,M,,Oakfield,ME,False,other,Not fleeing,False,-68.115,46.108000000000004
3339,05-05-18,shot,gun,24.0,M,W,Kettering,OH,False,attack,Not fleeing,False,-84.13600000000001,39.669000000000004
3340,05-05-18,shot,gun,51.0,M,,Scottsdale,AZ,False,attack,Foot,False,-111.899,33.451
3341,05-05-18,shot,gun,59.0,M,,Bexar County,TX,True,attack,Foot,False,-98.493,29.254
3342,05-05-18,shot,vehicle,21.0,F,W,Aurora,MO,False,attack,Car,False,-93.71799999999999,36.971
3343,06-05-18,shot,gun,73.0,M,W,Fairview,OH,True,attack,Not fleeing,False,-81.234,40.056999999999995
3344,06-05-18,shot,gun,39.0,M,W,Prague,OK,False,attack,Car,False,-96.686,35.486999999999995
3345,06-05-18,shot,Taser,32.0,M,B,East Point,GA,False,attack,Car,False,-84.485,33.652
3346,06-05-18,shot,gun,38.0,M,W,Casper,WY,False,attack,Not fleeing,False,-106.29799999999999,42.835
3347,07-05-18,shot,,32.0,M,H,Orlando,FL,False,attack,Car,False,-81.352,28.553
3348,07-05-18,shot,gun,26.0,M,W,Tulsa,OK,False,other,Not fleeing,True,-95.851,36.105
3349,07-05-18,shot,gun,55.0,F,W,Floyd County,GA,False,attack,Car,False,-85.18700000000001,34.214
3350,07-05-18,shot,gun,50.0,M,W,Appleton,WI,True,other,Not fleeing,True,-88.368,44.262
3351,07-05-18,shot,gun,49.0,F,H,Yuma,AZ,False,other,Not fleeing,False,-114.618,32.721
3352,07-05-18,shot,gun,48.0,M,W,Hackett,AR,False,attack,Not fleeing,False,-94.355,35.198
3353,08-05-18,shot,gun,65.0,M,W,Lancaster,PA,False,attack,Not fleeing,False,-76.29899999999999,40.076
3354,08-05-18,shot,knife,37.0,M,,Tucson,AZ,False,other,Foot,False,-110.91,32.251
3355,08-05-18,shot,toy weapon,37.0,M,W,Glade Spring,VA,False,other,Other,False,-81.781,36.769
3356,08-05-18,shot,knife,45.0,M,H,Greeley,CO,False,other,Foot,False,-104.745,40.427
3357,09-05-18,shot,gun,33.0,M,B,Jackson,MS,False,attack,Not fleeing,False,-90.244,32.254
3358,10-05-18,shot,vehicle,46.0,M,W,Morristown,TN,False,attack,Not fleeing,False,-83.27600000000001,36.201
3359,10-05-18,shot,gun,33.0,M,W,Lower Burrell,PA,False,other,Not fleeing,False,-79.729,40.583
3360,11-05-18,shot,gun,,M,,York,WI,False,attack,Car,False,,
3361,11-05-18,shot,gun,51.0,M,,Clark County,WI,False,attack,Car,False,,
3362,11-05-18,shot,knife,33.0,M,W,Haughton,LA,False,other,Not fleeing,False,-93.51,32.486999999999995
3363,11-05-18,shot,gun,51.0,M,W,Evansville,IN,False,attack,Foot,False,-87.54799999999999,37.999
3364,11-05-18,shot,gun,52.0,M,W,Talihina,OK,False,attack,Not fleeing,False,-95.04799999999999,34.751
3365,11-05-18,shot,knife,24.0,M,N,Blackfoot,ID,False,attack,Not fleeing,False,-112.35600000000001,43.18
3366,12-05-18,shot,gun,55.0,M,W,Columbus,OH,False,attack,Car,False,-83.04799999999999,39.931999999999995
3367,13-05-18,shot,unknown weapon,28.0,M,B,Portsmouth,VA,False,other,Not fleeing,False,-76.367,36.815
3368,13-05-18,shot,gun,36.0,M,W,Amite,LA,False,attack,Not fleeing,False,-90.29299999999999,30.779
3369,13-05-18,shot,gun,54.0,M,,Carnesville,GA,False,attack,Not fleeing,False,-83.19200000000001,34.406
3370,13-05-18,shot,gun,38.0,M,,Dearborn Heights,MI,False,other,Not fleeing,False,-83.274,42.342
3371,14-05-18,shot,gun,24.0,M,B,Clinton,MD,False,attack,Not fleeing,False,-76.882,38.769
3372,14-05-18,shot,unarmed,20.0,M,W,Royal Oak,MI,False,attack,Not fleeing,False,-83.12700000000001,42.482
3373,14-05-18,shot,gun,54.0,M,W,Wales,ME,False,attack,Not fleeing,False,-70.08,44.155
3374,14-05-18,shot,gun,53.0,M,W,Quincy,IL,False,other,Not fleeing,False,-91.398,39.916
3375,14-05-18,shot,gun,36.0,M,H,San Antonio,TX,False,attack,Not fleeing,False,-98.47,29.412
3376,14-05-18,shot and Tasered,unarmed,24.0,M,B,Richmond,VA,False,attack,Car,True,-77.442,37.553000000000004
3377,15-05-18,shot,gun,34.0,M,W,Lake Mary,FL,False,other,Car,False,-81.347,28.756
3378,16-05-18,shot,knife,59.0,M,W,Martins Ferry,OH,False,other,Not fleeing,False,-80.743,40.1
3379,17-05-18,shot,gun,34.0,M,W,Norman,OK,False,attack,Not fleeing,False,-97.257,35.22
3380,18-05-18,shot,gun,,M,,Plymouth Township,MI,True,attack,Foot,False,-83.42,42.353
3381,18-05-18,shot,unknown weapon,29.0,M,H,Laredo,TX,False,other,,False,-99.48899999999999,27.441999999999997
3382,18-05-18,shot,hatchet,24.0,M,W,Gresham,OR,False,other,Car,False,-122.46799999999999,45.483000000000004
3383,19-05-18,shot,,77.0,M,W,Sunridge,NV,False,attack,,False,-119.772,39.093
3384,19-05-18,shot,gun,30.0,M,W,Columbus,OH,False,attack,Not fleeing,False,-83.035,39.955999999999996
3385,19-05-18,shot,gun,36.0,M,H,Pueblo,CO,False,attack,Not fleeing,False,-104.488,38.273
3386,20-05-18,shot,gun,36.0,M,W,Baxter,KY,False,other,Foot,False,-83.329,36.863
3387,21-05-18,shot,gun,58.0,M,W,Joshua Tree,CA,True,attack,Foot,False,-116.37,34.121
3388,21-05-18,shot,,47.0,M,B,West Memphis,AR,False,attack,Car,False,,
3389,22-05-18,shot,knife,49.0,M,H,Mathis,TX,False,other,Not fleeing,False,-97.835,28.099
3390,23-05-18,shot,gun,31.0,F,W,Gurnee,IL,False,attack,Foot,False,-87.943,42.38
3391,23-05-18,shot,knife,25.0,M,W,Fox Crossing,WI,True,other,Not fleeing,False,,
3392,23-05-18,shot,unarmed,20.0,F,H,Rio Bravo,TX,False,attack,Not fleeing,False,-99.48,27.364
3393,24-05-18,shot,unarmed,30.0,M,W,Citra,FL,False,attack,Foot,True,-82.11,29.412
3394,24-05-18,shot,unarmed,33.0,M,W,Cleveland,OH,True,attack,Not fleeing,False,-81.68,41.515
3395,25-05-18,shot,vehicle,29.0,M,W,Dumas,TX,False,attack,Not fleeing,False,-101.999,36.033
3396,25-05-18,shot,knife,,M,,Mountain Home,ID,False,other,Car,False,-115.691,43.133
3397,25-05-18,shot,knife,31.0,M,W,Fort Morgan,CO,True,other,Not fleeing,False,-103.773,40.253
3398,26-05-18,shot,gun,51.0,M,W,Silsbee,TX,False,other,Not fleeing,False,-94.178,30.349
3399,27-05-18,shot,knife,42.0,M,H,San Diego,CA,True,other,Not fleeing,True,-117.084,32.564
3400,27-05-18,shot,gun,67.0,M,W,Grand Junction,CO,False,attack,Not fleeing,False,-108.51100000000001,39.077
3401,27-05-18,shot,knife,,M,,Everton,MO,True,other,Not fleeing,False,,
3402,28-05-18,shot,gun,23.0,M,W,West Jordan,UT,False,attack,Car,False,,
3403,29-05-18,shot,gun,34.0,M,N,Phoenix,AZ,False,other,Not fleeing,False,-112.12100000000001,33.575
3404,29-05-18,shot,metal pipe,51.0,M,H,Riverbank,CA,False,attack,Not fleeing,False,-120.94,37.74
3405,29-05-18,shot,toy weapon,19.0,M,W,Cottonwood Heights,UT,False,other,Foot,False,-111.82799999999999,40.63
3406,30-05-18,shot,pick-axe,29.0,M,H,Los Angeles,CA,False,attack,Foot,True,-118.43,34.268
3407,30-05-18,shot,gun,23.0,M,B,Florida City,FL,False,undetermined,Not fleeing,False,-80.48,25.461
3408,31-05-18,shot,knife,46.0,F,W,Fullerton,CA,True,other,Not fleeing,False,-117.898,33.874
3409,31-05-18,shot,knife,42.0,M,B,Thomasville,NC,False,attack,Car,False,-80.07600000000001,35.908
3410,01-06-18,shot,unarmed,21.0,M,H,Dundee,FL,False,attack,Not fleeing,False,-81.612,28.026999999999997
3411,01-06-18,shot,knife,55.0,M,A,Honolulu,HI,True,attack,Not fleeing,False,-158.005,21.391
3412,01-06-18,shot,knife,,M,W,Torrance,CA,False,other,Not fleeing,False,-118.352,33.85
3413,02-06-18,shot,,43.0,M,B,Chicago,IL,False,attack,Car,False,-87.765,41.872
3414,03-06-18,shot,unarmed,32.0,M,H,Chickasha,OK,False,other,Car,False,-97.936,35.053000000000004
3415,03-06-18,shot,ax,,M,,Mecca,CA,False,other,Not fleeing,False,-116.079,33.569
3416,03-06-18,shot,gun,34.0,M,H,Jurupa Valley,CA,False,attack,Car,False,-117.48200000000001,34.013000000000005
3417,04-06-18,shot,gun,40.0,M,W,Springfield,MO,False,attack,Foot,False,-93.307,37.236
3418,05-06-18,shot,gun,55.0,M,H,Pearland,TX,True,attack,Not fleeing,False,-95.286,29.570999999999998
3419,05-06-18,shot,gun,20.0,M,W,Wilmington,NC,True,other,Not fleeing,False,-77.836,34.285
3420,06-06-18,shot,gun,24.0,M,B,Chicago,IL,False,other,,False,-87.619,41.81
3421,06-06-18,shot,glass shard,43.0,M,H,Merrick,NY,False,other,,False,-73.563,40.665
3422,06-06-18,shot,gun,56.0,M,W,LaGrange,GA,True,attack,Not fleeing,False,-85.03200000000001,33.036
3423,06-06-18,shot,gun,47.0,M,W,Delaware,OH,True,other,Not fleeing,False,-83.038,40.295
3424,07-06-18,shot,gun,33.0,M,W,Albuquerque,NM,False,attack,Car,False,-106.63799999999999,35.069
3425,07-06-18,shot,knife,20.0,F,W,Austin,TX,False,other,,True,-97.698,30.198
3426,07-06-18,shot,gun,28.0,M,B,Gary,IN,False,attack,Not fleeing,False,-87.346,41.593
3427,07-06-18,shot,gun,50.0,M,W,Benton City,WA,False,other,Not fleeing,False,-119.488,46.263000000000005
3428,08-06-18,shot,unarmed,36.0,M,W,Madison County,MS,False,undetermined,Not fleeing,False,-90.05799999999999,32.455999999999996
3429,08-06-18,shot,gun,47.0,M,W,Hardwick,NJ,True,attack,Car,False,-75.038,41.031000000000006
3430,09-06-18,shot,vehicle,36.0,F,B,Deptford,NJ,False,other,Car,False,-75.097,39.838
3431,09-06-18,shot,gun,49.0,M,W,Temple,TX,False,attack,Not fleeing,False,-97.37200000000001,31.076
3432,10-06-18,shot,unknown weapon,34.0,M,W,Westminister,CO,False,other,Foot,False,-105.084,39.863
3433,11-06-18,shot,unarmed,41.0,M,B,Silver Spring,MD,True,attack,Not fleeing,True,-77.014,39.005
3434,11-06-18,shot,knife,29.0,M,H,Whittier,CA,False,other,Car,False,-118.024,33.982
3435,12-06-18,shot,gun,34.0,M,B,Danville,IL,False,attack,Car,False,-87.64200000000001,40.141999999999996
3436,12-06-18,shot,unarmed,34.0,M,W,Phoenix,AZ,False,other,Not fleeing,False,-112.074,33.488
3437,12-06-18,shot,gun,22.0,M,B,Washington,DC,False,attack,Not fleeing,False,-77.006,38.876999999999995
3438,12-06-18,shot,gun,26.0,M,B,Monroe,GA,True,attack,,False,-83.751,33.893
3439,12-06-18,shot,knife,32.0,M,W,Hardwick,NJ,False,other,Not fleeing,False,-74.919,41.023
3440,13-06-18,shot,gun,,M,,Denver,CO,False,attack,Foot,False,-104.979,39.74
3441,13-06-18,shot,gun,44.0,M,W,Pike County,OH,False,attack,Not fleeing,False,-83.09200000000001,39.013000000000005
3442,13-06-18,shot,toy weapon,21.0,M,W,Eustis,FL,True,attack,Not fleeing,False,-81.685,28.84
3443,14-06-18,shot,gun,,F,,Denver,CO,False,attack,Not fleeing,False,-105.00299999999999,39.821999999999996
3444,14-06-18,shot,gun,29.0,M,H,Hall County,GA,False,attack,Foot,False,-83.85600000000001,34.262
3445,14-06-18,shot,gun and car,18.0,M,B,Las Vegas,NV,False,attack,Car,False,-115.021,36.189
3446,14-06-18,shot,gun,33.0,M,B,Kansas City,MO,False,attack,Not fleeing,False,-94.586,39.1
3447,14-06-18,shot,sword,28.0,F,W,Kansas City,MO,False,undetermined,Not fleeing,False,-94.531,39.163000000000004
3448,14-06-18,shot,gun,,M,W,Kansas City,MO,True,other,Not fleeing,False,-94.586,39.1
3449,14-06-18,shot,gun,40.0,M,H,Kirkland,WA,False,other,Not fleeing,False,-122.176,47.731
3450,15-06-18,shot,unarmed,40.0,M,W,Nokomis,IL,False,other,Foot,False,-89.289,39.306999999999995
3451,16-06-18,shot,toy weapon,53.0,M,,Mesa,AZ,False,attack,Not fleeing,False,-111.771,33.452
3452,16-06-18,shot,knife,37.0,M,B,Warwick,NY,False,other,Not fleeing,False,-74.36,41.25899999999999
3453,16-06-18,shot,unarmed,47.0,M,H,Albuquerque,NM,False,attack,Car,False,-106.62200000000001,35.075
3454,16-06-18,shot,knife,30.0,M,,Van Nuys,CA,True,attack,Not fleeing,False,-118.444,34.187
3455,16-06-18,shot,gun,48.0,M,,Phoenix,AZ,False,attack,Car,False,-112.134,33.568000000000005
3456,17-06-18,shot,gun,33.0,M,B,Trenton,NJ,False,attack,Not fleeing,False,-74.753,40.209
3457,17-06-18,shot,gun,44.0,M,H,South Salt Lake,UT,False,other,Not fleeing,False,-111.87899999999999,40.702
3458,19-06-18,shot,gun,65.0,M,W,Cumming,GA,False,attack,Not fleeing,False,-84.23100000000001,34.231
3459,19-06-18,shot,gun,20.0,M,B,Stone Mountain,GA,False,attack,Not fleeing,False,-84.196,33.754
3460,19-06-18,shot,unarmed,17.0,M,B,Pittsburgh,PA,False,undetermined,Foot,False,-79.839,40.397
3461,19-06-18,shot,knife,55.0,M,W,Tucumcari,NM,False,attack,Not fleeing,False,-103.73299999999999,35.167
3462,20-06-18,shot,unarmed,33.0,M,B,Kingsland,GA,False,attack,Foot,True,-81.653,30.789
3463,20-06-18,shot,gun,29.0,M,,Parma,OH,False,attack,Not fleeing,False,-81.77,41.395
3464,20-06-18,shot,metal pole,44.0,M,W,Bend,OR,False,other,Not fleeing,False,-121.26100000000001,44.092
3465,22-06-18,shot,knife,37.0,M,W,Fairfield,OH,False,attack,Not fleeing,False,-84.565,39.314
3466,22-06-18,shot,knife,32.0,M,B,Atlantic City,NJ,False,attack,Not fleeing,True,-74.435,39.368
3467,22-06-18,shot,knife,31.0,M,W,Harrisonburg,VA,False,attack,Not fleeing,False,-78.84899999999999,38.436
3468,22-06-18,shot,toy weapon,,M,,Inglewood,CA,True,attack,Not fleeing,False,-118.355,33.963
3469,22-06-18,shot,knife,20.0,M,W,Albany,NY,True,attack,Not fleeing,False,-73.778,42.667
3470,23-06-18,shot,gun,30.0,M,B,Minneapolis,MN,False,attack,Foot,True,-93.289,45.042
3471,23-06-18,shot,knife,25.0,M,B,Monroe,LA,False,attack,Not fleeing,False,-92.09700000000001,32.492
3472,23-06-18,shot,gun,,M,,San Diego,CA,False,attack,Not fleeing,False,-117.169,32.722
3473,23-06-18,shot,gun,47.0,M,W,Coos Bay,OR,False,attack,Not fleeing,False,-124.21700000000001,43.358000000000004
3474,23-06-18,shot,gun and knife,48.0,M,W,Meridian,ID,False,other,Not fleeing,False,-116.404,43.623000000000005
3475,23-06-18,shot,gun,38.0,M,,Centennial,CO,False,attack,Car,False,-104.904,39.602
3476,23-06-18,shot,bow and arrow,32.0,M,O,North Shore,HI,True,attack,Not fleeing,False,-158.036,21.68
3477,25-06-18,shot,unknown weapon,18.0,M,H,Galveston,TX,False,undetermined,,False,-94.82700000000001,29.289
3478,25-06-18,shot,gun,29.0,M,W,Garland,TX,False,attack,Car,False,-96.671,32.868
3479,25-06-18,shot,gun,30.0,M,W,Grenada,MS,False,other,Car,False,-89.838,33.721
3480,25-06-18,shot,gun,36.0,M,,Prompton,PA,True,attack,Not fleeing,False,-75.334,41.581
3481,27-06-18,shot,gun,39.0,M,W,Aurora,CO,False,attack,Foot,False,-104.884,39.74
3482,29-06-18,shot,gun,36.0,M,H,Aurora,CO,False,attack,Car,True,-104.819,39.726
3483,29-06-18,shot,gun,36.0,M,W,Russellville,AR,False,attack,Not fleeing,False,-93.13799999999999,35.289
3484,29-06-18,shot,gun,54.0,M,W,Dade City,FL,True,attack,Not fleeing,False,-82.14399999999999,28.287
3485,29-06-18,shot,unknown weapon,27.0,M,B,Pomona,CA,False,undetermined,Car,False,-117.81200000000001,34.046
3486,29-06-18,shot,gun,45.0,M,W,Portland,OR,False,undetermined,,False,-122.685,45.51
3487,29-06-18,shot,gun,19.0,M,B,Phoenix,AZ,False,attack,Not fleeing,False,-112.145,33.514
3488,29-06-18,shot,ax,36.0,M,W,North Pole,AK,False,other,,False,-147.425,64.811
3489,29-06-18,shot,knife,33.0,M,W,Lawrenceburg,TN,False,other,Foot,False,-87.323,35.266
3490,29-06-18,shot,gun,56.0,M,W,Waterford Township,MI,True,attack,Car,False,-83.35,42.69
3491,01-07-18,shot,metal object,,M,,Santa Ana,CA,False,undetermined,Not fleeing,False,-117.874,33.748000000000005
3492,01-07-18,shot,gun,33.0,M,W,Boise,ID,False,attack,Foot,False,-116.296,43.586999999999996
3493,01-07-18,shot,sword,60.0,M,A,Grandview,MO,False,other,Not fleeing,False,-94.524,38.855
3494,01-07-18,shot,knife,26.0,M,W,Panora,IA,False,other,Not fleeing,False,-94.37100000000001,41.692
3495,03-07-18,shot,gun,52.0,M,W,South Elgin,IL,False,attack,Not fleeing,False,-88.29899999999999,41.985
3496,03-07-18,shot,knife,40.0,M,B,Fayetteville,NC,False,attack,Not fleeing,False,-78.971,35.045
3497,03-07-18,shot,gun,33.0,M,B,Chicago,IL,False,other,Foot,True,-87.743,41.886
3498,03-07-18,shot and Tasered,knife,41.0,M,W,Lawton,OK,False,attack,Not fleeing,False,,
3499,04-07-18,shot,gun,35.0,M,,Spalding County,GA,True,attack,Not fleeing,True,-84.345,33.285
3500,04-07-18,shot,knife,32.0,M,N,Pueblo,CO,False,attack,Not fleeing,False,-104.613,38.246
3501,04-07-18,shot,gun,34.0,M,H,Red Bluff,CA,True,attack,Not fleeing,False,-122.221,40.156
3502,05-07-18,shot,unarmed,26.0,M,W,Devil's Lake,ND,False,attack,Foot,True,-98.865,48.113
3503,05-07-18,shot,knife,62.0,M,A,Louisville,KY,False,other,Not fleeing,False,-85.762,38.174
3504,05-07-18,shot,gun,33.0,F,H,Tempe,AZ,False,attack,Other,False,-111.978,33.393
3505,05-07-18,shot,gun,55.0,M,W,Eustis,FL,True,other,Not fleeing,False,-81.686,28.853
3506,05-07-18,shot,toy weapon,38.0,M,W,Calaveras County,CA,True,attack,Not fleeing,False,-120.613,38.19
3507,06-07-18,shot,gun,43.0,M,B,Overland Park,KS,False,attack,Not fleeing,False,-94.696,38.986
3508,06-07-18,shot,incendiary device,38.0,M,A,Copper Center,AK,False,other,,True,-145.33100000000002,61.98
3509,07-07-18,shot,unarmed,27.0,M,W,Amity,OR,False,attack,Foot,False,-123.20200000000001,45.122
3510,07-07-18,shot,knife,52.0,M,W,Jacksonville,FL,True,attack,Not fleeing,False,-81.627,30.443
3511,07-07-18,shot,unknown weapon,,M,,Adams County,CO,False,attack,Other,False,-104.98700000000001,39.824
3512,07-07-18,shot,unarmed,37.0,M,B,Vineland,NJ,False,undetermined,,False,-75.027,39.486999999999995
3513,08-07-18,shot,gun,,M,,Westminster,CA,False,other,Other,False,-118.021,33.744
3514,08-07-18,shot,gun,34.0,M,W,Tucson,AZ,False,other,Not fleeing,False,-110.76700000000001,32.222
3515,08-07-18,shot,gun,41.0,M,W,Grand Forks,ND,True,other,Not fleeing,False,,
3516,10-07-18,shot,knife,40.0,M,W,Garland,TX,False,attack,Not fleeing,False,-95.667,33.122
3517,10-07-18,shot,gun,53.0,M,H,Miami,FL,False,attack,Car,False,-80.288,25.881999999999998
3518,10-07-18,shot,gun,21.0,M,W,Casper,WY,True,other,Car,False,-106.353,42.82899999999999
3519,11-07-18,shot,knife,45.0,F,W,Willis,TX,False,other,Not fleeing,False,-95.541,30.461
3520,11-07-18,shot,toy weapon,34.0,M,H,Los Banos,CA,False,other,Not fleeing,False,-120.845,37.062
3521,11-07-18,shot,gun,22.0,M,H,Las Vegas,NV,False,attack,Car,False,-115.124,36.165
3522,13-07-18,shot,gun,25.0,M,H,Dilley,TX,False,attack,Not fleeing,True,-99.169,28.671
3523,13-07-18,shot and Tasered,knife,16.0,M,W,Chanhassen,MN,True,attack,Not fleeing,True,-93.584,44.891000000000005
3524,14-07-18,shot,gun,37.0,M,B,Chicago,IL,False,other,Foot,True,-87.57600000000001,41.766000000000005
3525,14-07-18,shot,gun,68.0,M,B,Florence,SC,False,attack,Not fleeing,False,-79.835,34.187
3526,15-07-18,shot,gun,25.0,M,B,Kansas City,MO,False,attack,Not fleeing,False,,
3527,15-07-18,shot,gun,34.0,M,W,Alvin,TX,True,attack,Not fleeing,False,-95.259,29.42
3528,15-07-18,shot,gun,23.0,M,H,Albuquerque,NM,False,attack,Not fleeing,False,-106.639,35.07
3529,17-07-18,shot,unknown weapon,25.0,M,W,Altoona,IA,False,other,Car,False,-93.46600000000001,41.655
3530,17-07-18,shot,gun,57.0,M,H,Sparks,NV,False,other,,False,-119.765,39.552
3531,17-07-18,shot,gun,27.0,M,H,Tucson,AZ,False,attack,Car,False,-110.926,32.178000000000004
3532,17-07-18,shot,gun,51.0,M,W,Lenoir,NC,False,attack,Not fleeing,False,-81.529,35.94
3533,18-07-18,shot,gun,30.0,M,H,Albuquerque,NM,False,attack,Not fleeing,False,-106.71600000000001,35.131
3534,18-07-18,shot,gun,33.0,M,W,Fletcher,NC,False,attack,Not fleeing,False,-82.50299999999999,35.425
3535,18-07-18,shot,gun,,M,W,Pattison,TX,False,attack,Not fleeing,False,-95.992,29.820999999999998
3536,19-07-18,shot,gun,19.0,M,H,Peoria,IL,False,other,Foot,False,-89.62100000000001,40.681
3537,19-07-18,shot,gun,22.0,M,H,Pico Rivera,CA,False,other,Other,False,-118.09,33.969
3538,20-07-18,shot,toy weapon,37.0,M,H,Fresno,CA,False,attack,Not fleeing,False,-119.829,36.755
3539,20-07-18,shot,gun,19.0,M,W,San Antonio,TX,False,attack,Foot,False,-98.709,29.458000000000002
3540,20-07-18,shot,gun,33.0,M,O,Puna,HI,False,attack,Car,False,-154.951,19.498
3541,20-07-18,shot,gun,38.0,M,W,Lady Lake,FL,False,attack,Not fleeing,False,-81.96,28.91
3542,20-07-18,shot,gun,45.0,M,H,Riverside,CA,False,attack,Car,False,-117.439,33.946
3543,21-07-18,shot,gun and car,39.0,M,W,Tucson,AZ,False,attack,Foot,False,-111.087,32.131
3544,21-07-18,shot,vehicle,21.0,M,H,Mesa,AZ,False,attack,Not fleeing,False,-111.875,33.393
3545,21-07-18,shot,knife,56.0,M,W,Toledo,OH,False,attack,Not fleeing,False,-83.647,41.595
3546,21-07-18,shot,unarmed,27.0,F,H,Los Angeles,CA,False,other,Foot,True,-118.272,34.107
3547,21-07-18,shot,toy weapon,50.0,M,H,Anaheim,CA,True,other,Foot,False,-117.925,33.828
3548,22-07-18,shot,vehicle,16.0,M,W,Bixby,OK,False,attack,Car,False,-95.883,35.926
3549,22-07-18,shot,gun,18.0,M,W,Hanover,CO,False,attack,Not fleeing,False,-104.47399999999999,38.564
3550,22-07-18,shot,unknown weapon,38.0,M,H,Riverside,CA,False,other,Not fleeing,False,-117.325,33.983000000000004
3551,22-07-18,shot,box cutter,32.0,M,H,Highland,CA,False,attack,Foot,False,-117.22200000000001,34.123000000000005
3552,23-07-18,shot,machete,33.0,M,H,Burlington,NC,True,other,Not fleeing,False,-73.18,44.457
3553,23-07-18,shot,gun,71.0,M,W,Bristol,VA,True,attack,Not fleeing,False,-82.162,36.606
3554,23-07-18,shot,knife,30.0,M,H,Silver Spring,MD,True,other,Not fleeing,False,-76.95,39.071
3555,24-07-18,shot,vehicle,39.0,F,W,Soddy-Daisy,TN,False,attack,Car,False,-85.169,35.313
3556,24-07-18,shot,gun,19.0,M,B,Starke,FL,False,other,Car,False,-82.109,29.951
3557,24-07-18,shot,gun,44.0,M,W,Seaside,OR,False,other,Not fleeing,True,-123.925,45.985
3558,25-07-18,shot,vehicle,54.0,M,W,Spokane,WA,False,attack,Car,False,-117.363,47.646
3559,25-07-18,shot,gun,29.0,M,B,Memphis,TN,True,attack,Not fleeing,True,-90.06,35.055
3560,25-07-18,shot,gun,,M,H,Amarillo,TX,False,other,Not fleeing,False,-101.81,35.193000000000005
3561,25-07-18,shot,unarmed,56.0,M,W,Lake Havasu,AZ,True,other,Not fleeing,True,,
3562,25-07-18,shot,gun,64.0,M,W,LaFollette,TN,True,attack,Not fleeing,False,-83.99600000000001,36.428000000000004
3563,26-07-18,shot,gun,25.0,M,B,Nashville,TN,False,other,Foot,True,-86.8,36.161
3564,26-07-18,shot,gun,43.0,M,,Walton County,GA,False,attack,Foot,False,-83.654,33.69
3565,26-07-18,shot,gun,18.0,M,H,Kent Station,WA,False,other,Not fleeing,False,-122.23299999999999,47.385
3566,26-07-18,shot,gun,36.0,M,W,Lakemoor,IL,False,other,Not fleeing,False,-88.18299999999999,42.336999999999996
3567,26-07-18,shot,toy weapon,24.0,M,H,Redondo Beach,CA,False,undetermined,Not fleeing,False,-118.366,33.878
3568,26-07-18,shot,gun,30.0,M,W,Springdale,AR,False,attack,Not fleeing,False,-94.04299999999999,36.169000000000004
3569,26-07-18,shot,gun,53.0,M,A,Nanakuli,HI,True,attack,Not fleeing,False,-158.137,21.389
3570,27-07-18,shot,unarmed,60.0,F,B,Savannah,GA,False,other,,False,-81.123,32.085
3571,27-07-18,shot,gun,32.0,M,H,Los Angeles,CA,False,attack,Not fleeing,True,-118.462,34.21
3572,28-07-18,shot,gun,25.0,M,B,Toledo,OH,False,other,Foot,True,-83.542,41.683
3573,28-07-18,shot,unarmed,44.0,M,H,South Whitehall Township,PA,False,undetermined,Not fleeing,False,-75.53,40.576
3574,28-07-18,shot,undetermined,32.0,M,W,Pineville,LA,False,undetermined,Car,False,-92.414,31.34
3575,28-07-18,shot,gun,33.0,M,W,Aberdeen,NC,False,attack,Not fleeing,False,-79.47800000000001,35.134
3576,29-07-18,shot,vehicle,,M,,Adams County,CO,False,attack,Car,False,-105.02,39.814
3577,30-07-18,shot,gun,,M,W,Aurora,CO,False,other,Not fleeing,False,-104.824,39.747
3578,31-07-18,shot,gun,35.0,M,B,Mississippi County,AR,False,attack,Foot,False,,
3579,31-07-18,shot,gun,23.0,M,H,Glendale,AZ,False,attack,Not fleeing,False,-111.774,33.379
3580,01-08-18,shot,gun,27.0,M,B,Oxon Hill,MD,False,other,Foot,False,-76.99,38.803000000000004
3581,01-08-18,shot,gun,53.0,M,W,Tucson,AZ,False,other,Not fleeing,False,-110.913,32.141
3582,01-08-18,shot,gun,35.0,M,H,Hereford,TX,False,attack,Not fleeing,False,-102.415,34.809
3583,01-08-18,shot,gun,41.0,M,B,Sussex County,VA,False,attack,Car,False,-77.459,37.918
3584,02-08-18,shot,vehicle,57.0,M,,Westminster,CO,False,attack,Car,False,-105.053,39.914
3585,02-08-18,shot,toy weapon,18.0,M,W,Apopka,FL,False,attack,Not fleeing,False,-81.543,28.624000000000002
3586,03-08-18,shot,gun,34.0,M,B,Pine Bluff,AR,False,attack,Not fleeing,False,-92.031,34.246
3587,03-08-18,shot,gun,49.0,M,W,Trumann,AR,True,attack,Not fleeing,False,,
3588,03-08-18,shot,gun,31.0,M,W,Deer Park,WA,True,attack,Not fleeing,False,-117.459,47.997
3589,03-08-18,shot,Taser,29.0,M,H,Seville,FL,True,other,Not fleeing,True,-81.493,29.316
3590,04-08-18,shot,gun,33.0,M,W,Liberty,MO,True,attack,Not fleeing,False,-94.439,39.234
3591,04-08-18,shot,gun,38.0,M,W,Delray Beach,FL,True,other,Not fleeing,False,-80.101,26.451
3592,05-08-18,shot,gun,43.0,M,N,St. Paul,MN,False,other,Not fleeing,True,-93.13799999999999,44.952
3593,05-08-18,shot,gun,58.0,M,,Hesperia,CA,False,other,Not fleeing,False,-117.351,34.421
3594,05-08-18,shot,baseball bat,29.0,M,W,Las Cruces,NM,True,attack,Not fleeing,False,-106.76799999999999,32.339
3595,05-08-18,shot,gun,68.0,M,W,Van Buren,AR,False,attack,Not fleeing,False,-94.368,35.472
3596,06-08-18,shot,knife,62.0,M,B,Las Vegas,NV,True,attack,Not fleeing,True,-115.17,36.183
3597,06-08-18,shot,metal pipe,39.0,M,B,Atlanta,GA,False,attack,Not fleeing,False,-84.449,33.806999999999995
3598,06-08-18,shot,gun,59.0,M,B,Philadelphia,PA,False,attack,Not fleeing,False,-75.164,40.025
3599,07-08-18,shot,gun,24.0,M,W,Monroe County,IN,False,attack,Not fleeing,True,-86.60600000000001,39.108000000000004
3600,07-08-18,shot,gun,70.0,M,H,Los Angeles,CA,False,other,,False,-118.257,34.009
3601,07-08-18,shot,gun,42.0,M,H,Salt River Reservation,AZ,False,other,Other,False,-111.76700000000001,33.516999999999996
3602,07-08-18,shot,vehicle,26.0,M,W,Shreveport,LA,False,other,Car,False,-93.74600000000001,32.492
3603,08-08-18,shot,vehicle,24.0,M,W,Carthage,TN,False,attack,Not fleeing,False,-85.95,36.263000000000005
3604,08-08-18,shot,chain,48.0,M,B,San Diego,CA,False,attack,Not fleeing,False,-117.10799999999999,32.694
3605,08-08-18,shot,knife,,M,,Las Vegas,NV,True,attack,Not fleeing,True,-115.054,36.102
3606,08-08-18,shot,knife,54.0,M,B,Omaha,NE,False,attack,Not fleeing,False,-95.94,41.272
3607,09-08-18,shot,gun,48.0,M,B,Philadelphia,PA,False,attack,Foot,False,-75.179,39.927
3608,09-08-18,shot,gun,37.0,M,W,Durham,NC,True,attack,Not fleeing,True,-78.995,35.955
3609,09-08-18,shot,gun,40.0,M,B,Landover,MD,False,other,Foot,False,-76.87100000000001,38.913000000000004
3610,09-08-18,shot,gun,28.0,M,B,Columbus,OH,False,attack,Foot,False,-82.999,40.065
3611,10-08-18,shot,gun,43.0,M,W,Denham Springs,LA,False,attack,,False,-90.929,30.590999999999998
3612,11-08-18,shot,gun,49.0,M,,Akron,OH,True,attack,Foot,False,-81.569,41.033
3613,12-08-18,shot,knife,35.0,M,W,Hawkins,WI,True,undetermined,Not fleeing,False,-90.72,45.50899999999999
3614,12-08-18,shot,gun,21.0,M,H,Los Angeles,CA,False,attack,Foot,False,-118.162,34.044000000000004
3615,12-08-18,shot,gun,40.0,M,B,Waynesboro,VA,False,attack,Car,False,-78.889,38.068000000000005
3616,13-08-18,shot,gun,32.0,M,B,Oklahoma City,OK,False,attack,Foot,False,-97.601,35.435
3617,13-08-18,shot,gun,48.0,M,B,Milwaukee,WI,True,other,Not fleeing,True,-87.92399999999999,43.021
3618,13-08-18,shot,gun,32.0,M,,Richton Park,IL,False,attack,Foot,True,-87.70100000000001,41.481
3619,13-08-18,shot,gun,31.0,M,W,Creston,IA,True,other,Not fleeing,False,-94.38600000000001,41.053000000000004
3620,14-08-18,shot,gun and knife,,M,H,Fresno,CA,True,attack,Not fleeing,True,-119.736,36.739000000000004
3621,16-08-18,shot,gun,58.0,M,W,Olustee,FL,False,attack,Not fleeing,False,-82.429,30.204
3622,16-08-18,shot,knife,30.0,M,B,Wasilla,AK,False,attack,Not fleeing,False,-149.439,61.581
3623,17-08-18,shot and Tasered,gun,21.0,M,B,Austin,TX,False,attack,,False,-97.743,30.268
3624,18-08-18,shot,gun,15.0,M,H,Ceres,CA,False,other,Other,True,-120.801,37.58
3625,18-08-18,shot,knife,30.0,M,W,Los Angeles,CA,False,other,Not fleeing,False,-118.40100000000001,34.015
3626,18-08-18,shot and Tasered,gun,28.0,M,H,Phoenix,AZ,False,other,Foot,False,-112.09100000000001,33.391999999999996
3627,19-08-18,shot,toy weapon,21.0,M,B,Bakersfield,CA,False,other,Not fleeing,False,-119.053,35.329
3628,19-08-18,shot,gun,42.0,M,,Spokane,WA,True,attack,Not fleeing,False,-117.21799999999999,47.693999999999996
3629,19-08-18,shot,gun,33.0,M,B,Atlanta,GA,False,attack,Not fleeing,False,-84.40799999999999,33.727
3630,19-08-18,shot,gun,,M,W,Great Falls,MT,False,other,Not fleeing,False,-111.241,47.513999999999996
3631,20-08-18,shot,vehicle,36.0,M,B,Philadelphia,PA,False,attack,Car,False,-75.041,40.032
3632,20-08-18,shot,gun,38.0,M,W,Gonic,NH,False,attack,Not fleeing,False,-70.982,43.276
3633,23-08-18,shot,vehicle,34.0,F,H,Los Lunas,NM,False,other,Not fleeing,False,-106.648,34.736999999999995
3634,23-08-18,shot,sharp object,23.0,F,W,Columbus,OH,False,attack,Not fleeing,False,-82.999,39.961
3635,24-08-18,shot,crossbow,44.0,M,W,Enoree,SC,True,attack,Not fleeing,False,-81.836,34.693000000000005
3636,24-08-18,shot,toy weapon,20.0,M,B,Cincinnati,OH,False,attack,Not fleeing,True,-84.484,39.126999999999995
3637,24-08-18,shot,knife,41.0,M,H,Bakersfield,CA,False,other,,False,-119.088,35.445
3638,25-08-18,shot,gun,18.0,M,W,Montgomery County,VA,True,other,Not fleeing,False,-80.512,37.152
3639,25-08-18,shot,gun,29.0,M,W,Manchester Township,PA,False,attack,Not fleeing,False,-76.734,39.984
3640,25-08-18,shot,gun,37.0,F,W,Alamosa,CO,False,attack,Car,False,-105.87,37.469
3641,26-08-18,shot,gun,41.0,F,W,Blacksburg,SC,True,attack,Not fleeing,False,-81.525,35.066
3642,27-08-18,shot,gun and vehicle,25.0,M,W,Phoenix,AZ,False,attack,Car,False,-112.14299999999999,33.46
3643,27-08-18,shot,gun,20.0,M,W,Phoenix,AZ,False,attack,Not fleeing,False,-112.134,33.64
3644,27-08-18,shot,knife,34.0,M,W,Redding,CA,True,other,Not fleeing,False,-122.353,40.571
3645,28-08-18,shot,unknown weapon,37.0,M,H,Tarboro,NC,False,other,Not fleeing,False,-77.572,35.927
3646,28-08-18,shot,gun,18.0,M,W,Redlands,CA,True,attack,Not fleeing,False,-117.116,34.023
3647,29-08-18,shot,gun,72.0,M,W,Washington Court House,OH,False,other,Not fleeing,False,-83.335,39.671
3648,29-08-18,shot,vehicle,17.0,M,B,Houston,TX,False,attack,Car,False,-95.271,29.784000000000002
3649,30-08-18,shot,gun,45.0,F,W,Beverly Hills,FL,False,attack,Not fleeing,False,-82.536,28.948
3650,30-08-18,shot,toy weapon,49.0,F,H,Pasadena,CA,True,other,Not fleeing,True,-118.15299999999999,34.114000000000004
3651,31-08-18,shot,gun,64.0,M,W,Floral City,FL,True,attack,Not fleeing,False,-82.242,28.78
3652,31-08-18,shot,knife,36.0,M,W,Fairview,TN,True,other,Not fleeing,False,-88.666,35.427
3653,31-08-18,shot,gun,61.0,M,W,Sedalia,CO,False,attack,Not fleeing,True,-104.959,39.438
3654,01-09-18,shot,vehicle,24.0,M,B,Arlington,TX,False,attack,Car,False,-97.149,32.7
3655,03-09-18,shot,gun,70.0,M,H,Bernalillo,NM,False,other,,False,-106.544,35.318000000000005
3656,03-09-18,shot,knife,40.0,M,W,Cheney,WA,True,other,Not fleeing,False,-117.58200000000001,47.483000000000004
3657,03-09-18,shot,gun,21.0,M,B,Covington,GA,False,attack,Foot,False,-83.833,33.613
3658,04-09-18,shot,knife,27.0,M,W,Westminster,CO,False,attack,Not fleeing,False,-105.03,39.872
3659,05-09-18,shot,unarmed,23.0,M,B,Hollywood,FL,False,undetermined,Not fleeing,False,-80.20100000000001,25.998
3660,05-09-18,shot,undetermined,33.0,M,W,Morris,AL,False,undetermined,Car,False,-86.807,33.749
3661,05-09-18,shot,gun,45.0,M,W,Jonesville,NC,False,attack,Not fleeing,False,-80.832,36.211999999999996
3662,06-09-18,shot,toy weapon,19.0,M,B,Sacramento,CA,False,attack,Foot,False,-121.492,38.562
3663,07-09-18,shot,gun,28.0,M,B,Pawtucket,RI,False,attack,,False,-71.354,41.878
3664,08-09-18,shot,gun,63.0,M,W,Citronelle,AL,False,attack,Not fleeing,False,-88.29,31.066
3665,09-09-18,shot,gun,,M,B,Greenville,NC,False,attack,Not fleeing,False,-77.37100000000001,35.611
3666,09-09-18,shot,knife,43.0,M,,Stanwood,WA,False,other,Not fleeing,False,-122.34100000000001,48.242
3667,09-09-18,shot and Tasered,gun and knife,39.0,F,B,Missouri City,TX,False,other,Not fleeing,False,-95.565,29.596
3668,10-09-18,shot,gun and knife,53.0,M,,Tucson,AZ,True,other,Not fleeing,False,-110.96799999999999,32.178000000000004
3669,11-09-18,shot,gun,57.0,M,W,Georgetown,KY,False,attack,,False,-84.535,38.216
3670,12-09-18,shot,gun,32.0,M,H,Buffalo,NY,False,attack,Not fleeing,True,-78.892,42.908
3671,12-09-18,shot,gun,38.0,M,B,Gary,IN,False,attack,Not fleeing,False,-87.288,41.599
3672,13-09-18,shot,box cutter,36.0,M,,Henderson,NV,False,attack,Not fleeing,True,-115.056,36.076
3673,14-09-18,shot,gun,46.0,M,B,Detroit,MI,False,attack,Not fleeing,True,-83.236,42.361999999999995
3674,14-09-18,shot,gun,31.0,M,W,Cumming,GA,False,attack,Not fleeing,False,-84.09100000000001,34.221
3675,14-09-18,shot,gun,40.0,M,W,Mesa,AZ,True,attack,Not fleeing,False,-111.67200000000001,33.415
3676,15-09-18,shot,gun,31.0,M,W,Ankeny,IA,False,attack,Not fleeing,True,-93.624,41.703
3677,15-09-18,shot,knife,50.0,M,W,Jacksonville,AR,False,attack,Not fleeing,True,-92.09700000000001,34.855
3678,16-09-18,shot,gun,29.0,M,H,Lancaster,PA,False,attack,Not fleeing,False,-76.297,40.036
3679,16-09-18,shot,gun,40.0,M,,Walla Walla,WA,True,other,Not fleeing,False,-118.369,46.049
3680,16-09-18,shot,unknown weapon,25.0,M,W,Manitowoc,WI,False,other,Not fleeing,False,-87.691,44.081
3681,16-09-18,shot,gun,31.0,M,B,Shreveport,LA,False,attack,Not fleeing,False,-93.79299999999999,32.485
3682,17-09-18,shot,gun,23.0,M,H,Temple Hills,MD,False,other,Foot,False,-76.952,38.804
3683,17-09-18,shot,knife,54.0,F,W,Maspeth,NY,True,attack,Not fleeing,True,-73.896,40.734
3684,17-09-18,shot,vehicle,44.0,M,W,Christian County,KY,False,attack,Car,False,-87.314,37.009
3685,18-09-18,shot,gun,43.0,M,W,Virginia Beach,VA,False,attack,Foot,False,-75.98100000000001,36.863
3686,18-09-18,shot,knife,37.0,M,W,Marysville,WA,True,attack,Not fleeing,False,-122.154,48.114
3687,20-09-18,shot,gun,55.0,M,W,Honolulu,HI,False,attack,Not fleeing,False,-157.828,21.278000000000002
3688,20-09-18,shot,gun,40.0,M,H,Miami,FL,False,attack,Car,False,-80.312,25.776999999999997
3689,22-09-18,shot,gun,26.0,M,W,Henderson,NV,False,attack,Foot,True,-115.029,36.046
3690,23-09-18,shot,gun,29.0,M,B,Baltimore,MD,False,attack,Not fleeing,True,-76.63,39.291
3691,24-09-18,shot,box cutter,29.0,M,W,Williamsburg,KY,False,attack,Not fleeing,False,-84.115,36.635999999999996
3692,24-09-18,shot,vehicle,44.0,M,,Stead,NV,True,other,Not fleeing,True,,
3693,24-09-18,shot,gun,42.0,M,H,East Los Angeles,CA,False,attack,Not fleeing,False,-118.18700000000001,34.048
3694,24-09-18,shot,gun,20.0,M,W,Peoria,AZ,False,attack,Not fleeing,False,-112.229,33.580999999999996
3695,25-09-18,shot,gun,34.0,M,B,Orlando,FL,False,other,Not fleeing,False,-81.41199999999999,28.493000000000002
3696,25-09-18,shot,knife,41.0,M,H,Stanfordville,NY,False,other,Not fleeing,False,-73.714,41.867
3697,26-09-18,shot,vehicle,29.0,M,B,Newark,NJ,False,attack,Car,False,-74.209,40.707
3698,27-09-18,shot,gun and knife,19.0,M,W,Enid,OK,False,attack,Car,False,-97.87799999999999,36.396
3699,27-09-18,shot,gun,32.0,M,H,Las Cruces,NM,False,other,Foot,False,-106.76299999999999,32.295
3700,27-09-18,shot,vehicle,23.0,M,W,Hammond,LA,False,other,Not fleeing,True,-90.462,30.504
3701,27-09-18,shot,gun,41.0,M,B,Palatka,FL,False,other,Not fleeing,False,-81.67,29.648000000000003
3702,27-09-18,shot and Tasered,knife,37.0,M,H,Honolulu,HI,False,other,Not fleeing,False,-157.878,21.324
3703,28-09-18,shot,gun,24.0,M,W,Johns Island,SC,False,attack,Not fleeing,False,-80.122,32.742
3704,29-09-18,shot,undetermined,54.0,M,W,Okmulgee,OK,False,undetermined,Car,False,-95.98299999999999,35.633
3705,29-09-18,shot,crossbow,58.0,M,W,Nampa,ID,True,attack,,False,-116.575,43.585
3706,29-09-18,shot,gun,40.0,M,W,Epping,NH,False,undetermined,Not fleeing,False,-71.08,43.028
3707,30-09-18,shot,gun,27.0,M,B,Portland,OR,False,attack,,False,-122.67399999999999,45.52
3708,30-09-18,shot,ax,40.0,M,W,Greenback,TN,True,other,Not fleeing,False,-84.06,35.603
3709,01-10-18,shot,knife,23.0,M,W,Hastings,MN,False,attack,Foot,True,-92.859,44.731
3710,01-10-18,shot,unarmed,33.0,M,W,Orlando,FL,True,other,Not fleeing,False,-81.377,28.526
3711,02-10-18,shot,gun,26.0,M,W,Mableton,GA,True,attack,Not fleeing,False,-84.56299999999999,33.808
3712,02-10-18,shot,vehicle,36.0,F,B,Victorville,CA,False,attack,Not fleeing,False,-117.307,34.522
3713,03-10-18,shot,gun,38.0,M,B,Bartlett,TN,True,attack,Not fleeing,False,-89.887,35.205999999999996
3714,04-10-18,shot,knife,25.0,M,W,Greenville,MS,False,attack,,False,-91.08200000000001,33.341
3715,04-10-18,shot,gun,45.0,M,,Scarbo,WV,False,attack,Not fleeing,False,-81.271,37.98
3716,05-10-18,shot,gun,,M,,Hayti,MO,False,attack,Not fleeing,False,,
3717,05-10-18,shot,gun,31.0,M,B,Nashville,TN,False,attack,Not fleeing,False,-86.823,36.199
3718,05-10-18,shot,gun,48.0,M,W,Klamath Falls,OR,False,attack,Foot,False,-121.919,42.518
3719,05-10-18,shot,knife,43.0,M,N,Chinle,AZ,False,other,Not fleeing,False,,
3720,07-10-18,shot,machete,51.0,M,,Honolulu,HI,True,attack,Not fleeing,True,-157.857,21.305
3721,07-10-18,shot,toy weapon,36.0,M,W,Auburn,CA,True,attack,Not fleeing,False,-121.10700000000001,38.938
3722,07-10-18,shot,gun,39.0,M,W,Lawtey,FL,True,attack,Not fleeing,False,-82.116,30.028000000000002
3723,08-10-18,shot,knife,22.0,M,H,Clovis,NM,False,other,Foot,False,-103.196,34.391999999999996
3724,08-10-18,shot,vehicle,24.0,M,W,Okarche,OK,False,attack,Car,False,-97.977,35.726
3725,08-10-18,shot,vehicle,36.0,M,W,Oak Ridge,TN,False,attack,Car,False,-84.21799999999999,36.025
3726,08-10-18,shot,gun,25.0,M,W,Larimer County,CO,False,other,Car,False,,
3727,10-10-18,shot,knife,30.0,M,W,Portland,OR,False,other,Not fleeing,False,-122.57799999999999,45.468
3728,10-10-18,shot,gun,76.0,M,W,El Paso,TX,False,attack,Not fleeing,False,-106.32600000000001,31.783
3729,10-10-18,shot,gun,39.0,M,B,Rochester,NY,False,attack,Car,False,-77.58,43.173
3730,10-10-18,shot,knife,26.0,M,,Thousand Oaks,CA,True,other,Not fleeing,True,,
3731,10-10-18,shot,gun,49.0,F,W,Sullivan,IN,False,attack,Not fleeing,False,-87.427,39.101
3732,10-10-18,shot,gun,21.0,M,W,Las Vegas,NV,True,attack,Foot,True,-115.244,36.015
3733,10-10-18,shot,gun,31.0,M,B,Milwaukee,WI,False,attack,Not fleeing,True,-88.038,43.13399999999999
3734,11-10-18,shot,gun,,M,,Huntington Beach,CA,False,other,Car,False,-118.00299999999999,33.667
3735,11-10-18,shot,knife,22.0,M,B,West Jordan,UT,False,other,,False,-111.985,40.624
3736,12-10-18,shot,gun,34.0,M,,Cobb County,GA,False,attack,,False,-84.45100000000001,33.895
3737,12-10-18,shot,knife,27.0,M,B,Fort Smith,AR,False,other,Not fleeing,False,-94.374,35.407
3738,12-10-18,shot,vehicle,26.0,F,O,Puna,HI,False,attack,Not fleeing,False,-154.873,19.551
3739,12-10-18,shot,gun,84.0,M,W,Chandler,AZ,True,attack,Not fleeing,False,-111.859,33.335
3740,12-10-18,shot and Tasered,knife,17.0,M,W,Orem,UT,False,other,Not fleeing,False,-111.682,40.299
3741,14-10-18,shot,knife,17.0,M,H,Woodville,CA,True,attack,Not fleeing,False,-119.197,36.093
3742,14-10-18,shot,gun,55.0,M,,Alamogordo,NM,False,other,Not fleeing,False,-105.95700000000001,32.885
3743,14-10-18,shot,gun,22.0,M,B,Jeffersonville,OH,False,attack,Not fleeing,False,-83.542,39.652
3744,14-10-18,shot,gun,41.0,M,W,Hall County,GA,False,attack,Not fleeing,False,-83.741,34.265
3745,15-10-18,shot,gun,58.0,M,H,Hilltop,OH,False,attack,,False,-83.064,39.946999999999996
3746,16-10-18,shot,vehicle,45.0,M,,Tacoma,WA,False,attack,Not fleeing,False,-122.41,47.238
3747,17-10-18,shot,gun,29.0,M,W,Longview,WA,False,attack,Foot,False,-122.931,46.117
3748,17-10-18,shot,gun,19.0,M,B,Memphis,TN,False,attack,Foot,False,-89.884,35.078
3749,17-10-18,shot,unarmed,18.0,M,B,San Antonio,TX,False,other,Not fleeing,False,-98.52799999999999,29.44
3750,17-10-18,shot,knife,,M,,Quinlan,TX,False,other,Not fleeing,False,-96.126,32.918
3751,17-10-18,shot and Tasered,knife,61.0,M,W,Kearns,UT,False,other,,False,-111.99700000000001,40.648
3752,18-10-18,shot,gun,18.0,M,W,Arvada,CO,False,attack,Other,False,-105.11,39.786
3753,18-10-18,shot,gun,23.0,M,W,Salt Lake City,UT,False,other,Car,False,-111.87799999999999,40.763000000000005
3754,18-10-18,shot,vehicle,38.0,M,W,Elkhorn,WI,False,attack,Car,False,-88.54299999999999,42.723
3755,18-10-18,shot,unarmed,19.0,M,B,Vineland,NJ,False,other,Not fleeing,False,-75.044,39.451
3756,18-10-18,shot,toy weapon,63.0,M,B,Monroe,GA,True,attack,Not fleeing,False,-83.711,33.804
3757,19-10-18,shot,vehicle,21.0,M,B,Miami,FL,False,attack,Car,False,-80.203,25.948
3758,19-10-18,shot,knife,25.0,M,W,Brockton,MA,True,other,Not fleeing,False,,
3759,20-10-18,shot,gun,35.0,M,W,Paris,TX,False,attack,Not fleeing,False,-95.536,33.662
3760,20-10-18,shot,gun,50.0,M,W,Spanaway,WA,False,other,Not fleeing,False,-122.43799999999999,47.111000000000004
3761,20-10-18,shot,gun,34.0,F,W,Darlington County,SC,False,attack,Not fleeing,True,-80.221,34.365
3762,21-10-18,shot,gun,,M,B,Washington,NC,False,other,Not fleeing,True,-77.056,35.556
3763,21-10-18,shot,undetermined,,M,,Quincy,FL,False,undetermined,Car,False,-84.59100000000001,30.588
3764,22-10-18,shot,knife,26.0,M,W,Riverton,UT,True,attack,Not fleeing,False,-111.931,40.537
3765,22-10-18,shot,unknown weapon,61.0,M,W,Newport,TN,False,attack,Not fleeing,False,-83.182,36.073
3766,22-10-18,shot and Tasered,lawn mower blade,18.0,M,B,Snellville,GA,False,other,Not fleeing,False,,
3767,23-10-18,shot,gun,37.0,M,N,Tulsa,OK,False,attack,Not fleeing,False,-95.92299999999999,36.148
3768,23-10-18,shot,undetermined,27.0,M,W,Davenport,IA,False,undetermined,Car,False,-90.572,41.586999999999996
3769,23-10-18,shot,unarmed,24.0,M,W,Alderwood Manor,WA,False,attack,Car,False,-122.23899999999999,47.824
3770,23-10-18,shot,gun,37.0,M,H,Pittsburg,CA,False,attack,Car,True,-121.88799999999999,38.029
3771,24-10-18,shot,gun and knife,45.0,M,,Detroit,MI,False,other,Not fleeing,True,-83.19,42.351000000000006
3772,25-10-18,shot,vehicle and gun,28.0,M,B,St. Louis,MO,False,attack,Not fleeing,False,-90.219,38.773
3773,27-10-18,shot,unknown weapon,44.0,M,A,Las Vegas,NV,True,other,Not fleeing,True,-115.215,36.05
3774,27-10-18,shot,gun,30.0,M,B,Houston,TX,True,attack,Not fleeing,False,-95.177,30.055
3775,29-10-18,shot,Taser,30.0,M,B,Hollywood,CA,False,other,Not fleeing,True,-118.32700000000001,34.098
3776,29-10-18,shot,gun,34.0,M,W,South Lake Tahoe,CA,False,attack,Car,False,,
3777,29-10-18,shot,gun,27.0,M,H,Phoenix,AZ,False,attack,Car,False,,
3778,29-10-18,shot,vehicle,28.0,M,B,Parkville,MD,False,attack,Car,False,-76.565,39.373000000000005
3779,29-10-18,shot,toy weapon,42.0,F,W,Jackson,GA,True,attack,Not fleeing,False,-84.027,33.174
3780,31-10-18,shot,gun,32.0,M,W,Port Orange,FL,False,attack,Not fleeing,True,-81.031,29.105999999999998
3781,31-10-18,shot,gun,24.0,M,B,Jacksonville,FL,False,other,Foot,False,-81.686,30.372
3782,31-10-18,shot,toy weapon,17.0,M,H,Houston,TX,False,attack,Car,True,-95.53,30.026999999999997
3783,31-10-18,shot,vehicle,26.0,M,H,North Las Vegas,NV,False,attack,Car,False,-115.105,36.195
3784,02-11-18,shot,unarmed,35.0,M,B,Idaho Falls,ID,False,attack,Foot,False,-112.03200000000001,43.498000000000005
3785,02-11-18,shot,knife,25.0,M,W,Charleston,WV,False,attack,Not fleeing,False,-81.666,38.378
3786,03-11-18,shot,gun,65.0,M,,Bandon,OR,True,attack,Not fleeing,False,-124.415,43.089
3787,03-11-18,shot,vehicle,33.0,M,B,Danville,CA,True,other,Not fleeing,True,-121.999,37.823
3788,03-11-18,shot,unknown weapon,25.0,M,A,Shelby Township,MI,False,other,Not fleeing,False,,
3789,04-11-18,shot,gun,29.0,M,B,St. Clair Shores,MI,False,attack,Foot,False,-82.898,42.496
3790,04-11-18,shot,gun,18.0,M,H,Albuquerque,NM,False,other,Not fleeing,False,-106.569,35.058
3791,04-11-18,shot,vehicle,19.0,M,W,Clear Creek Canyon,CO,False,attack,Car,False,-105.04299999999999,39.797
3792,04-11-18,shot,unarmed,39.0,M,H,Laramie,WY,True,undetermined,Foot,False,,
3793,05-11-18,shot,gun,61.0,M,W,Glen Burnie,MD,False,attack,Not fleeing,False,-76.65100000000001,39.194
3794,05-11-18,shot,gun,36.0,M,W,Cocke County,TN,True,attack,Not fleeing,False,-83.22399999999999,35.939
3795,05-11-18,shot,gun,72.0,M,W,Port Charlotte,FL,True,attack,Not fleeing,False,-82.069,26.96
3796,05-11-18,shot,ax,48.0,M,A,Camp Croft,SC,True,attack,Not fleeing,False,-81.87,34.882
3797,06-11-18,shot,gun,67.0,M,,St. Cloud,FL,True,attack,Not fleeing,False,,
3798,07-11-18,shot,gun,68.0,M,,Corona,CA,False,attack,Not fleeing,False,-117.51700000000001,33.899
3799,07-11-18,shot and Tasered,gun,,M,,San Antonio,TX,False,attack,Not fleeing,False,-98.49,29.424
3800,08-11-18,shot,gun,34.0,M,H,Charleston View,CA,False,attack,Foot,False,,
3801,09-11-18,shot,unknown weapon,36.0,M,B,Minneapolis,MN,True,undetermined,Not fleeing,True,-93.304,45.022
3802,09-11-18,shot,rock,33.0,M,W,Ogden,UT,False,attack,Car,False,,
3803,09-11-18,shot,unarmed,30.0,M,W,Salt Lake City,UT,False,undetermined,Car,True,-111.946,40.787
3804,09-11-18,shot,gun,61.0,M,W,Shakopee,MN,False,attack,Not fleeing,False,-93.531,44.791000000000004
3805,10-11-18,shot,gun,41.0,M,B,Clarksdale,MS,False,attack,Not fleeing,False,-90.572,34.207
3806,11-11-18,shot,unarmed,52.0,M,W,Wagoner,OK,False,other,Not fleeing,False,-95.37799999999999,35.958
3807,11-11-18,shot,gun,26.0,M,B,Robbins,IL,False,other,Not fleeing,False,-87.69200000000001,41.648999999999994
3808,11-11-18,shot,gun,,M,H,Hemet,CA,False,attack,Foot,False,,
3809,12-11-18,shot,knife,39.0,M,W,Mantoloking,NJ,False,attack,Not fleeing,False,-74.048,40.056999999999995
3810,12-11-18,shot,gun,36.0,M,A,Catoosa,OK,False,other,Not fleeing,False,-95.63600000000001,36.163000000000004
3811,12-11-18,shot,gun,47.0,M,B,Oklahoma City,OK,False,undetermined,Other,False,,
3812,12-11-18,shot,knife,,M,H,Alpine,CA,False,other,Not fleeing,True,-116.757,32.836
3813,12-11-18,shot,gun,25.0,M,H,Chattanooga,TN,False,attack,Not fleeing,False,-85.28299999999999,34.986
3814,12-11-18,shot and Tasered,knife,63.0,M,W,Fresno,CA,True,attack,Not fleeing,True,-119.78,36.861999999999995
3815,13-11-18,shot,unknown weapon,24.0,M,B,Phoenix,AZ,False,attack,Car,False,-112.20299999999999,33.524
3816,13-11-18,shot,gun,38.0,M,H,Pratt,KS,True,attack,Not fleeing,False,-98.73899999999999,37.650999999999996
3817,14-11-18,shot,gun,22.0,M,B,Wythe County,VA,False,attack,Not fleeing,False,-80.949,36.95
3818,14-11-18,shot,gun,59.0,M,W,Auburn,MA,False,attack,Not fleeing,False,-71.842,42.206
3819,14-11-18,shot,knife,55.0,M,,Haynesville,AL,False,attack,Not fleeing,False,,
3820,14-11-18,shot,knife,29.0,M,W,Spartanburg,SC,False,attack,Not fleeing,False,,
3821,15-11-18,shot,gun,18.0,M,B,Centennial,CO,False,other,Not fleeing,False,-104.876,39.595
3822,15-11-18,shot,straight edge razor,29.0,M,H,Hayward,CA,True,other,Not fleeing,False,-122.07799999999999,37.663000000000004
3823,15-11-18,shot,knife,25.0,M,B,Augusta,GA,True,attack,Not fleeing,False,-82.083,33.48
3824,15-11-18,shot,metal pipe,48.0,M,W,Paradise,CA,True,other,Car,False,-121.56,39.65
3825,15-11-18,shot,gun,60.0,M,W,Demopolis,AL,False,attack,Not fleeing,False,,
3826,16-11-18,shot,gun,,M,,Houston,TX,False,attack,Not fleeing,False,-95.525,29.86
3827,17-11-18,shot,gun,49.0,F,W,Missoula,MT,True,attack,Not fleeing,False,-114.00399999999999,46.857
3828,17-11-18,shot,vehicle,27.0,M,B,Fort Pierce,FL,False,attack,Car,False,-80.39699999999999,27.416999999999998
3829,18-11-18,shot,gun,,M,,Los Angeles,CA,False,attack,Not fleeing,False,-118.245,33.951
3830,19-11-18,shot,gun,65.0,M,W,Indianapolis,IN,False,attack,Not fleeing,False,-86.184,39.676
3831,19-11-18,shot,vehicle,41.0,M,W,Meridian,ID,False,attack,Car,False,-116.39399999999999,43.598
3832,20-11-18,shot,gun,71.0,M,,Phoenix,AZ,False,attack,Not fleeing,False,,
3833,20-11-18,shot,vehicle,33.0,M,B,Magnolia,AR,False,attack,Not fleeing,False,-93.23200000000001,33.257
3834,21-11-18,shot,knife,22.0,M,W,Stillwater,MN,True,other,Not fleeing,True,-92.80799999999999,45.045
3835,21-11-18,shot,gun,52.0,M,W,Franklinton,OH,True,other,Not fleeing,False,,
3836,21-11-18,shot,gun,42.0,M,W,Lincoln Township,MI,True,attack,Not fleeing,False,-84.889,43.951
3837,21-11-18,shot,gun,48.0,M,B,Talladega,AL,False,attack,Not fleeing,False,,
3838,21-11-18,shot,knife,24.0,M,H,Bell Gardens,CA,False,attack,Not fleeing,False,-118.16,33.974000000000004
3839,21-11-18,shot,undetermined,,M,,Pasadena,TX,False,attack,Foot,False,,
3840,22-11-18,shot,gun,21.0,M,B,Hoover,AL,False,other,Not fleeing,False,-86.811,33.376999999999995
3841,22-11-18,shot,machete,20.0,M,W,Palmer,AK,False,other,Foot,False,,
3842,22-11-18,shot,gun,59.0,M,W,Gunnison County,CO,False,attack,Not fleeing,False,,
3843,23-11-18,shot,gun,46.0,M,W,Bremen,KY,False,attack,Not fleeing,False,-87.219,37.361
3844,23-11-18,shot,gun,23.0,M,B,Detroit,MI,False,attack,Not fleeing,False,-83.124,42.336999999999996
3845,24-11-18,shot,vehicle,32.0,M,H,South Salt Lake,UT,True,attack,Car,False,,
3846,26-11-18,shot,knife,23.0,F,,South Knoxville,TN,True,attack,Not fleeing,False,,
3847,27-11-18,shot,gun,19.0,M,W,Centennial,CO,False,attack,Car,True,-104.87700000000001,39.579
3848,27-11-18,shot,gun,64.0,M,W,Clinton,UT,True,undetermined,Not fleeing,False,-112.055,41.146
3849,27-11-18,shot,vehicle,35.0,M,B,Topeka,KS,False,attack,Car,False,-95.661,39.071999999999996
3850,27-11-18,shot,knife,41.0,M,W,Virginia,MN,False,attack,,False,-92.535,47.521
3851,27-11-18,shot,gun,42.0,M,A,Honolulu,HI,True,attack,Not fleeing,False,,
3852,28-11-18,shot,gun,,M,,Lakewood,CO,False,attack,Foot,False,-105.054,39.736999999999995
3853,28-11-18,shot,gun,35.0,M,W,Louisville,KY,False,attack,,True,-85.572,38.167
3854,28-11-18,shot,vehicle,33.0,M,H,Vancouver,WA,False,attack,Car,False,-122.561,45.674
3855,29-11-18,shot,gun,32.0,M,N,Bemidji,MN,False,other,Not fleeing,True,-94.896,47.498000000000005
3856,29-11-18,shot,unknown weapon,37.0,M,W,Old Town,ME,False,undetermined,Not fleeing,False,-68.676,44.92100000000001
3857,30-11-18,shot,gun,46.0,M,,Phoenix,AZ,False,attack,Not fleeing,False,-112.134,33.48
3858,30-11-18,shot,gun,37.0,M,H,Ogden,UT,False,attack,Not fleeing,True,,
3859,30-11-18,shot,gun,19.0,M,,New Underwood,SD,True,attack,Car,False,,
3860,01-12-18,shot,meat cleaver,65.0,M,B,Pensacola,FL,False,attack,Not fleeing,False,,
3861,01-12-18,shot,straight edge razor,30.0,M,B,Tamarac,FL,True,attack,Not fleeing,False,-80.255,26.213
3862,01-12-18,shot and Tasered,knife,43.0,M,B,Las Vegas,NV,False,attack,Not fleeing,True,,
3863,04-12-18,shot,toy weapon,18.0,M,H,Ogden,UT,False,attack,Not fleeing,True,-111.995,41.245
3864,05-12-18,shot,gun,27.0,M,H,Napa,CA,True,attack,Foot,False,-122.285,38.31
3865,05-12-18,shot,knife,41.0,M,W,Philadephia,PA,False,attack,Not fleeing,False,-75.097,39.99
3866,05-12-18,shot,gun,41.0,M,W,Martinez,CA,False,attack,Foot,False,-122.098,38.009
3867,05-12-18,shot,knife,33.0,M,B,Richmond,VA,False,attack,Not fleeing,False,-77.46600000000001,37.548
3868,06-12-18,shot,gun,53.0,M,B,Henry County,GA,True,attack,Not fleeing,False,-84.17,33.455999999999996
3869,06-12-18,shot,gun,42.0,M,W,Redding,CA,False,attack,Car,False,-122.31200000000001,40.508
3870,06-12-18,shot,gun,46.0,M,W,Pahrump,NV,True,attack,Not fleeing,True,-116.008,36.251999999999995
3871,07-12-18,shot,unknown weapon,51.0,M,H,Fort Pierce,FL,False,attack,Not fleeing,False,-80.336,27.447
3872,07-12-18,shot,gun,16.0,M,B,Columbus,OH,False,attack,Not fleeing,False,-82.96700000000001,39.973
3873,08-12-18,shot,knife,41.0,M,W,West Wendover,NV,False,other,Car,False,-114.06700000000001,40.739000000000004
3874,09-12-18,shot,gun,24.0,M,B,Savannah,GA,False,attack,Not fleeing,False,-81.2,32.04
3875,09-12-18,shot,gun,23.0,M,B,Torrance,CA,False,undetermined,Not fleeing,False,-118.311,33.83
3876,09-12-18,shot,gun,50.0,M,W,Springdale,AR,False,attack,Not fleeing,False,-94.06200000000001,36.152
3877,10-12-18,shot,gun,41.0,M,W,Noble County,OK,False,attack,Car,False,-97.32700000000001,36.479
3878,10-12-18,shot,knife,23.0,M,W,Fredonia,NY,True,attack,Not fleeing,False,-79.322,42.434
3879,10-12-18,shot,knife,33.0,M,W,Redwood City,CA,True,other,Not fleeing,False,-122.229,37.478
3880,11-12-18,shot,gun,25.0,F,W,Bibb County,GA,False,attack,Not fleeing,False,-83.762,32.756
3881,11-12-18,shot,gun,30.0,F,A,Pahoa,HI,False,attack,Not fleeing,False,-154.92,19.529
3882,11-12-18,shot,gun,58.0,M,W,Rangley,CO,True,other,Not fleeing,True,-108.824,40.097
3883,11-12-18,shot,knife,47.0,M,B,Buffalo,NY,True,attack,Foot,False,-78.891,42.946000000000005
3884,11-12-18,shot,knife,22.0,M,W,Pope County,AR,False,other,Car,False,,
3885,11-12-18,shot,gun,27.0,F,B,Calhoun,GA,False,attack,Not fleeing,False,-84.95100000000001,34.499
3886,12-12-18,shot,vehicle,29.0,M,B,St. Louis,MO,False,attack,Car,False,-90.26299999999999,38.702
3887,12-12-18,shot,gun,43.0,M,W,Jacksonville,FL,False,attack,Not fleeing,False,-81.601,30.177
3888,12-12-18,shot,toy weapon,18.0,M,W,Jacksonville,FL,False,attack,Not fleeing,False,-81.657,30.429000000000002
3889,12-12-18,shot,gun,19.0,M,H,Albuquerque,NM,True,attack,Foot,False,-106.587,35.123000000000005
3890,13-12-18,shot,gun,37.0,M,W,Bushnell,FL,False,attack,Car,False,-82.12899999999999,28.693
3891,13-12-18,shot,gun,42.0,M,B,Memphis,TN,True,attack,Not fleeing,False,-89.93,35.203
3892,15-12-18,shot,knife,57.0,M,,Shirley,NY,True,other,Not fleeing,False,-72.872,40.787
3893,15-12-18,shot,knife,35.0,M,H,Hanford,CA,False,attack,Not fleeing,False,-119.59100000000001,36.299
3894,16-12-18,shot,gun,50.0,M,W,Mesa,AZ,True,attack,Not fleeing,False,-111.615,33.437
3895,16-12-18,shot,gun,60.0,M,W,Apple Creek,OH,True,other,,True,-81.839,40.751999999999995
3896,16-12-18,shot,knife,35.0,M,W,Oklahoma City,OK,True,other,Not fleeing,False,,
3897,16-12-18,shot,gun,46.0,M,,Kansas City,KS,False,attack,Not fleeing,False,-94.649,39.11
3898,16-12-18,shot,knife,47.0,F,B,Darlington County,SC,True,other,Not fleeing,False,-79.891,34.321
3899,17-12-18,shot,gun,,M,,Phoenix,AZ,False,attack,Not fleeing,False,,
3900,17-12-18,shot,gun,,M,W,Natomas,CA,False,other,Not fleeing,False,,
3901,18-12-18,shot,gun,31.0,F,B,Hopewell,VA,False,attack,Foot,False,-77.293,37.295
3902,18-12-18,shot,gun,24.0,M,W,Terre Haute,IN,False,attack,Car,False,,
3903,18-12-18,shot,unarmed,27.0,M,B,Franklin Township,PA,False,attack,Car,False,-75.653,40.838
3904,18-12-18,shot,gun,27.0,M,W,Union City,PA,False,attack,,False,-79.847,41.89
3905,19-12-18,shot,gun,,M,,Fort Worth,TX,True,attack,Not fleeing,False,-97.27600000000001,32.713
3906,19-12-18,shot,undetermined,,M,,Phoenix,AZ,False,attack,Not fleeing,False,-112.00399999999999,33.473
3907,20-12-18,shot,gun,,M,,Lake Elsinore,CA,False,attack,Car,False,-117.333,33.685
3908,20-12-18,shot,Taser,23.0,M,W,Toledo,OH,False,attack,Not fleeing,False,-83.53399999999999,41.657
3909,21-12-18,shot,gun,57.0,M,H,Azusa,CA,False,attack,Not fleeing,False,-117.934,34.12
3910,21-12-18,shot,knife,56.0,M,W,Springfield,FL,False,other,Not fleeing,False,-85.62299999999999,30.198
3911,23-12-18,shot,gun,36.0,M,H,Albuquerque,NM,True,attack,Not fleeing,False,-106.559,35.08
3912,23-12-18,shot,gun,,M,O,Wailuku,HI,False,attack,Car,True,-156.502,20.884
3913,24-12-18,shot,gun,,M,H,Albuquerque,NM,False,attack,Not fleeing,False,-106.60600000000001,35.107
3914,25-12-18,shot,vehicle,24.0,F,H,San Jose,CA,False,attack,Car,False,-121.92299999999999,37.311
3915,25-12-18,shot,gun,34.0,M,H,Buckeye,AZ,False,attack,Not fleeing,False,-112.571,33.436
3916,26-12-18,shot,vehicle,17.0,M,B,Lakeland,FL,False,attack,Car,False,-81.95,28.039
3917,26-12-18,shot,gun,21.0,M,W,Rector,AR,False,attack,Not fleeing,False,-90.29299999999999,36.259
3918,26-12-18,shot,gun,35.0,M,B,Clearwater,FL,True,attack,Not fleeing,False,-82.779,27.965
3919,28-12-18,shot,gun,34.0,M,W,Tullahoma,TN,False,attack,Not fleeing,False,-86.24,35.39
3920,28-12-18,shot,gun,56.0,M,W,Crawfordsville,IN,False,other,Not fleeing,False,,
3921,28-12-18,shot,machete,35.0,M,B,Port Arthur,TX,False,other,Not fleeing,False,-93.95700000000001,29.875
3922,28-12-18,shot,gun,46.0,M,W,Phoenix,AZ,False,other,Not fleeing,False,-112.16799999999999,33.611
3923,29-12-18,shot,gun,42.0,M,W,St. Joseph,MO,False,attack,Not fleeing,False,-94.845,39.758
3924,30-12-18,shot,machete,49.0,M,W,Llano,TX,False,other,Not fleeing,False,-98.675,30.756
3925,30-12-18,shot,pole,44.0,M,B,Rockford,IL,True,attack,Not fleeing,False,-89.10600000000001,42.273
3926,30-12-18,shot and Tasered,knife,45.0,M,W,Danbury,CT,False,other,Not fleeing,False,-73.444,41.386
3927,31-12-18,shot,gun,36.0,M,A,Seattle,WA,False,attack,Foot,True,-122.345,47.699
3928,31-12-18,shot,gun,45.0,M,W,Fort Dodge,IA,False,attack,Car,False,-94.16799999999999,42.497
3929,31-12-18,shot,undetermined,34.0,M,H,Longmont,CO,True,other,Foot,False,-105.10700000000001,40.199
3930,31-12-18,shot,knife,18.0,M,,Van Nuys,CA,False,other,Not fleeing,True,-118.429,34.194
3931,01-01-19,shot,gun,26.0,M,W,Davidson County,NC,False,attack,Foot,False,-80.145,35.515
3932,01-01-19,shot,vehicle,28.0,M,B,Shallotte,NC,False,other,Car,False,-78.368,33.979
3933,02-01-19,shot,vehicle,35.0,M,B,Niles,OH,False,attack,Foot,False,-80.75399999999999,41.18899999999999
3934,02-01-19,shot,knife,20.0,M,B,Whitehaven,TN,False,other,Not fleeing,True,-90.02,35.047
3935,02-01-19,shot,Taser,33.0,M,W,San Antonio,TX,False,attack,Other,False,-98.40899999999999,29.509
3936,03-01-19,shot,gun,39.0,M,H,San Antonio,TX,False,attack,,False,-98.50399999999999,29.37
3937,03-01-19,shot,gun,63.0,M,W,Greenport,NY,True,attack,Not fleeing,False,-72.359,41.103
3938,03-01-19,shot,knife,27.0,M,W,Albert Lea,MN,True,attack,,False,-93.37100000000001,43.646
3939,03-01-19,shot,gun,33.0,M,H,Visalia,CA,True,attack,Not fleeing,False,-119.291,36.341
3940,03-01-19,shot,gun,27.0,M,B,Millbrook,AL,False,other,Car,False,-86.39200000000001,32.466
3941,03-01-19,shot,gun,31.0,M,W,Bozeman,MT,False,other,Not fleeing,False,-111.056,45.647
3942,04-01-19,shot,gun,33.0,M,B,Treme,LA,True,attack,Not fleeing,True,-90.079,29.968000000000004
3943,04-01-19,shot,vehicle,39.0,M,W,Amarillo,TX,False,attack,Car,False,-101.84100000000001,35.175
3944,04-01-19,shot,toy weapon,27.0,M,W,San Marcos,TX,False,other,Car,False,-97.955,29.874000000000002
3945,04-01-19,shot,gun,32.0,M,B,Houston,TX,True,attack,Not fleeing,False,-95.4,29.826999999999998
3946,05-01-19,shot,ax,29.0,M,H,Fresno,CA,False,other,Not fleeing,False,-119.759,36.812
3947,05-01-19,shot,gun,81.0,M,,Union County,SC,False,attack,Not fleeing,False,-81.587,34.728
3948,05-01-19,shot,gun,28.0,M,H,Lemon Grove,CA,False,other,Not fleeing,False,-117.03299999999999,32.746
3949,05-01-19,shot,gun,50.0,M,W,Milwaukie,OR,False,attack,Not fleeing,False,-122.639,45.417
3950,05-01-19,shot,gun,55.0,M,W,Santa Clara,CA,False,attack,Not fleeing,False,,
3951,06-01-19,shot,gun,42.0,M,B,Hurricane,WV,False,attack,Car,False,,
3952,06-01-19,shot,knife,,M,,Glen Valley,CA,False,other,Not fleeing,False,-117.31700000000001,33.869
3953,06-01-19,shot,gun,,M,,Cache,OK,False,attack,Not fleeing,False,-98.633,34.639
3954,06-01-19,shot and Tasered,knife,36.0,M,B,Portland,OR,True,other,Not fleeing,False,-122.564,45.511
3955,06-01-19,shot,gun,38.0,M,A,Houston,TX,False,other,Not fleeing,False,-95.49600000000001,29.935
3956,07-01-19,shot,gun,38.0,M,H,Kent,WA,False,attack,Car,False,-122.215,47.378
3957,07-01-19,shot,baseball bat,35.0,M,W,Spokane,WA,False,attack,Not fleeing,True,,
3958,07-01-19,shot,knife,42.0,M,W,Tulsa,OK,False,attack,Not fleeing,False,-95.941,36.137
3959,08-01-19,shot,gun,53.0,M,,Leadwood,MO,False,attack,Not fleeing,False,-90.59299999999999,37.867
3960,08-01-19,shot and Tasered,beer bottle,33.0,M,,Midland,TX,True,attack,Not fleeing,False,-102.00399999999999,32.032
3961,10-01-19,shot,gun,70.0,M,B,Eclectic,AL,False,other,Not fleeing,False,-86.1,32.677
3962,10-01-19,shot,gun and vehicle,29.0,M,W,Wichita,KS,False,attack,Car,False,-97.339,37.699
3963,11-01-19,shot,gun,26.0,M,B,Lake Charles,LA,False,other,Other,False,-93.18299999999999,30.274
3964,11-01-19,shot,gun,20.0,M,B,Arlington,TX,False,attack,Foot,False,-97.132,32.75
3965,11-01-19,shot,gun,30.0,M,H,Eugene,OR,False,attack,Not fleeing,True,-123.166,44.07899999999999
3966,11-01-19,shot,gun,19.0,M,B,Phoenix,AZ,False,other,Not fleeing,False,-112.255,33.509
3967,11-01-19,shot and Tasered,ax,,M,,Huntsville,TX,False,other,Not fleeing,False,-95.571,30.714000000000002
3968,12-01-19,shot,hatchet,48.0,M,W,Colorado Springs,CO,False,other,Not fleeing,False,-104.834,38.814
3969,12-01-19,shot,toy weapon,58.0,M,W,Dearborn County,IN,True,attack,Not fleeing,False,-85.056,39.247
3970,13-01-19,shot,unarmed,38.0,M,H,Calabasas,CA,False,other,Car,False,-118.665,34.15
3971,13-01-19,shot,gun,28.0,M,H,Cathedral City,CA,False,attack,Not fleeing,False,-116.458,33.823
3972,13-01-19,shot,gun,34.0,M,W,White Lake,SD,False,other,Not fleeing,False,,
3973,13-01-19,shot,knife,43.0,M,,Lakewood,WA,True,attack,Not fleeing,False,-122.523,47.177
3974,14-01-19,shot,gun,45.0,M,B,Linda,CA,False,attack,Not fleeing,False,-121.554,39.128
3975,14-01-19,shot,gun,62.0,M,,Gainesville,GA,False,other,Not fleeing,False,-83.885,34.328
3976,14-01-19,shot,unarmed,18.0,M,H,Pueblo,CO,False,other,Car,False,-104.713,38.366
3977,14-01-19,shot,gun,25.0,M,H,El Paso,TX,False,other,Foot,False,,
3978,14-01-19,shot,knife,38.0,M,B,Vacaville,CA,False,attack,Foot,False,-121.98,38.354
3979,14-01-19,shot,gun,33.0,M,W,Odessa,TX,False,attack,Not fleeing,False,-102.402,31.915
3980,14-01-19,shot,gun,39.0,M,B,Logan Township,NJ,False,attack,Not fleeing,False,-75.377,39.779
3981,15-01-19,shot,gun,58.0,M,W,Aurora,CO,False,other,Not fleeing,False,-104.861,39.69
3982,15-01-19,shot,gun,48.0,M,W,Roseville,CA,False,attack,Car,False,,
3983,15-01-19,shot,toy weapon,14.0,M,H,Tempe,AZ,False,other,Foot,True,,
3984,15-01-19,shot,vehicle,18.0,M,B,Atlanta,GA,False,other,Car,False,-84.404,33.744
3985,15-01-19,shot,gun,22.0,M,B,St. Louis,MO,False,attack,Foot,False,-90.26100000000001,38.679
3986,16-01-19,shot,unarmed,46.0,M,W,Fort Lupton,CO,True,undetermined,Car,True,-104.818,40.086999999999996
3987,16-01-19,shot,vehicle,,M,B,West Memphis,AR,False,other,Car,False,-90.163,35.154
3988,16-01-19,shot,vehicle,,F,W,West Memphis,AR,False,other,Car,False,-90.163,35.154
3989,16-01-19,shot,gun,57.0,M,W,Sperry,OK,True,other,Foot,True,-95.978,36.264
3990,16-01-19,shot,knife,32.0,M,W,Charlotte,NC,False,other,Foot,False,-80.915,35.181
3991,16-01-19,shot,gun,31.0,M,B,Silver Spring,MD,False,other,Foot,False,-77.031,38.995
3992,18-01-19,shot,gun,64.0,M,W,O'Fallon,MO,True,attack,Not fleeing,False,-90.72200000000001,38.795
3993,19-01-19,shot,unarmed,35.0,M,W,St. Louis Park,MN,True,undetermined,Not fleeing,False,-93.374,44.95399999999999
3994,19-01-19,shot,ax,42.0,M,W,Clackamas County,OR,False,attack,Not fleeing,False,-122.73200000000001,45.125
3995,19-01-19,shot,vehicle,30.0,M,W,Knoxville,TN,False,other,Car,False,-83.97200000000001,35.998000000000005
3996,20-01-19,shot,gun,26.0,M,W,Billings,MT,False,attack,Foot,False,-108.508,45.797
3997,21-01-19,shot,unarmed,37.0,M,H,Las Vegas,NV,True,other,Car,False,-115.14399999999999,36.171
3998,22-01-19,shot,unarmed,21.0,M,B,Atlanta,GA,False,undetermined,Foot,False,-84.491,33.751999999999995
3999,23-01-19,shot,unarmed,20.0,M,W,Flagstaff,AZ,False,undetermined,Foot,False,-111.681,35.188
4000,23-01-19,shot,knife,46.0,M,B,Spokane,WA,False,other,,False,-117.426,47.691
4001,23-01-19,shot,undetermined,,M,N,Naschitti,NM,False,undetermined,,False,-108.682,36.065
4002,23-01-19,shot,gun,20.0,M,H,Flagstaff,AZ,False,attack,Foot,False,-111.679,35.192
4003,23-01-19,shot and Tasered,knife,46.0,M,W,South Haven,IN,True,attack,Not fleeing,True,-87.14299999999999,41.536
4004,24-01-19,shot,unarmed,24.0,F,W,St. Louis,MO,False,other,Not fleeing,False,-90.25,38.564
4005,24-01-19,shot,unarmed,26.0,M,H,Ehrenberg,AZ,False,other,Car,False,-114.505,33.618
4006,25-01-19,shot,gun,60.0,M,W,Dyersburg,TN,False,attack,Not fleeing,False,-89.432,36.111999999999995
4007,25-01-19,shot,gun,48.0,M,,Garland,TX,True,attack,Not fleeing,False,-96.64299999999999,32.861
4008,25-01-19,shot,gun,69.0,M,,North Escambia,FL,True,attack,Not fleeing,False,-87.48299999999999,30.962
4009,27-01-19,shot,vehicle,25.0,M,N,Rosebud,SD,False,attack,Car,False,-100.853,43.233000000000004
4010,28-01-19,shot,gun,29.0,M,H,Jackson,MI,False,attack,Foot,False,-84.402,42.244
4011,28-01-19,shot,unarmed,58.0,F,W,Houston,TX,False,attack,Not fleeing,False,-95.28200000000001,29.709
4012,28-01-19,shot,gun,59.0,M,W,Houston,TX,False,attack,Not fleeing,False,-95.28200000000001,29.709
4013,28-01-19,shot,unarmed,46.0,M,B,Newark,NJ,False,other,Car,False,-74.189,40.732
4014,28-01-19,shot,toy weapon,55.0,M,W,Wichita,KS,False,attack,Not fleeing,False,-97.316,37.632
4015,28-01-19,shot,unknown weapon,27.0,M,B,Mercury,NV,False,other,Car,False,-116.046,37.177
4016,28-01-19,shot,gun,30.0,M,W,Kirkwood,NY,False,attack,Car,False,-75.79,42.1
4017,28-01-19,shot,gun,52.0,M,,Butte County,CA,False,attack,Car,False,-121.85799999999999,39.464
4018,28-01-19,shot and Tasered,knife,45.0,M,W,Tehama County,CA,False,other,Other,False,-122.204,40.308
4019,29-01-19,shot,vehicle,51.0,M,O,Kalihi,HI,False,attack,Car,False,-157.864,21.331999999999997
4020,29-01-19,shot,gun,27.0,M,H,Austin,TX,True,attack,Car,True,-97.726,30.163
4021,30-01-19,shot,gun,47.0,M,W,Phoenix,AZ,False,attack,Foot,False,-112.065,33.541
4022,30-01-19,shot,unknown weapon,52.0,M,W,Midland,TX,False,attack,Not fleeing,False,-102.23299999999999,31.909000000000002
4023,31-01-19,shot,gun,24.0,M,,Passaic,NJ,False,other,Foot,False,-74.134,40.867
4024,01-02-19,shot,vehicle,45.0,M,H,Denver,CO,False,attack,Car,False,-105.01899999999999,39.713
4025,02-02-19,shot,knife,47.0,M,W,Flagstaff,AZ,True,attack,Not fleeing,True,-111.60600000000001,35.207
4026,02-02-19,shot,gun,68.0,M,B,Buford,GA,False,attack,Not fleeing,False,-84.02799999999999,34.080999999999996
4027,02-02-19,shot,knife,40.0,M,B,Stockton,CA,False,attack,Not fleeing,False,-121.354,38.013000000000005
4028,03-02-19,shot,gun,18.0,M,W,Orange Park,FL,False,other,Not fleeing,False,-81.795,30.125999999999998
4029,03-02-19,shot,vehicle,35.0,M,H,Waukegan,IL,False,attack,Car,True,-87.845,42.364
4030,04-02-19,shot,gun,80.0,M,W,Clarksburg,WV,False,attack,Not fleeing,False,-80.34899999999999,39.292
4031,04-02-19,shot,gun,44.0,M,B,Farmville,VA,False,attack,Not fleeing,False,-78.385,37.32
4032,05-02-19,shot,gun,31.0,M,B,Shreveport,LA,True,attack,Foot,False,-93.81,32.455999999999996
4033,06-02-19,shot,gun,20.0,M,W,LaSalle,CO,False,attack,,False,-104.697,40.36
4034,06-02-19,shot and Tasered,knife,48.0,M,,Edinburg,TX,True,attack,Not fleeing,False,-98.2,26.337
4035,06-02-19,shot,gun,43.0,M,B,Walter Hill,TN,True,attack,Not fleeing,False,-86.382,36.008
4036,06-02-19,shot,gun,25.0,M,W,Stone County,MS,False,attack,Car,True,-89.171,30.801
4037,06-02-19,shot,box cutter,38.0,M,B,Joilet,IL,False,attack,Not fleeing,False,-88.086,41.516999999999996
4038,07-02-19,shot,knife,34.0,M,H,Seattle,WA,False,attack,Not fleeing,True,-122.34299999999999,47.705
4039,07-02-19,shot,knife,58.0,M,W,Madera,CA,True,attack,Not fleeing,True,-120.07799999999999,36.975
4040,07-02-19,shot,unarmed,38.0,M,W,Snyder,TX,False,undetermined,Not fleeing,False,-100.93799999999999,32.705999999999996
4041,07-02-19,shot,undetermined,29.0,M,W,Banning,CA,False,undetermined,,False,-116.866,33.938
4042,07-02-19,shot,gun,40.0,M,W,Memphis,TN,False,attack,Not fleeing,False,-89.866,35.166
4043,07-02-19,shot,gun,49.0,M,W,Barberton,OH,False,attack,Not fleeing,False,-81.604,40.977
4044,08-02-19,shot,unarmed,25.0,M,W,Bakersfield,CA,False,other,Not fleeing,False,-119.257,35.292
4045,08-02-19,shot,knife,32.0,M,,New York,NY,False,attack,Not fleeing,False,-73.988,40.711
4046,09-02-19,shot,gun,21.0,M,B,Vallejo,CA,False,other,Not fleeing,True,-122.22200000000001,38.134
4047,09-02-19,shot,knife,57.0,M,W,Virginia Beach,VA,True,attack,Not fleeing,False,-76.191,36.832
4048,09-02-19,shot,gun,28.0,M,H,Bailey,NC,False,other,Not fleeing,True,-78.017,35.828
4049,09-02-19,shot,gun,25.0,M,W,Del City,OK,False,attack,Not fleeing,False,-97.426,35.449
4050,10-02-19,shot,knife,58.0,M,W,Waukesha,WI,True,attack,Not fleeing,False,-88.244,42.983000000000004
4051,10-02-19,shot,gun,34.0,M,B,Greenville County,SC,True,attack,Not fleeing,True,-82.41799999999999,34.803000000000004
4052,11-02-19,shot,unarmed,34.0,M,W,Montgomery,WV,True,other,Not fleeing,False,,
4053,11-02-19,shot,gun,24.0,M,B,Crestwood,KY,False,attack,Car,False,-85.49,38.348
4054,11-02-19,shot,gun,32.0,M,A,Redding,CA,False,attack,Foot,False,-122.346,40.543
4055,12-02-19,shot,knife,58.0,M,B,Defiance,OH,False,other,Not fleeing,False,-84.35,41.276
4056,12-02-19,shot,gun,20.0,M,B,Cinco Ranch,TX,False,attack,Car,False,-95.756,29.734
4057,12-02-19,shot,gun,19.0,M,B,Cinco Ranch,TX,False,attack,Car,False,-95.756,29.734
4058,12-02-19,shot,gun,46.0,M,W,Fresno,CA,False,attack,Not fleeing,False,-120.51700000000001,37.299
4059,13-02-19,shot,gun,28.0,M,W,Fairbanks,AK,False,attack,Not fleeing,False,-147.678,64.855
4060,13-02-19,shot,gun,47.0,M,W,Apex,NC,False,attack,Not fleeing,False,-78.83800000000001,35.716
4061,14-02-19,shot,knife,47.0,M,H,Los Angeles,CA,False,other,Not fleeing,False,-118.259,34.049
4062,14-02-19,shot,knife,34.0,M,W,Aspers,PA,False,attack,Not fleeing,False,-77.233,39.979
4063,14-02-19,shot,gun,,M,W,San Jose,CA,False,attack,Car,False,-121.928,37.385999999999996
4064,15-02-19,shot,gun,45.0,M,B,Aurora,IL,False,attack,Not fleeing,False,-88.331,41.753
4065,16-02-19,shot,gun,17.0,M,B,Chicago,IL,False,other,Car,False,-87.626,41.854
4066,16-02-19,shot,gun,34.0,M,A,Clinton,MS,False,attack,Not fleeing,False,-90.319,32.352
4067,17-02-19,shot,gun,48.0,M,H,Napa Valley,CA,False,attack,Not fleeing,True,-122.346,38.274
4068,17-02-19,shot,gun,37.0,F,,Claiborne County,TN,False,attack,Foot,False,,
4069,17-02-19,shot,gun,32.0,M,B,New Orleans,LA,False,attack,Not fleeing,False,-90.09100000000001,29.962
4070,18-02-19,shot,unarmed,20.0,M,A,Honolulu,HI,False,attack,Not fleeing,False,-157.857,21.307
4071,18-02-19,shot,gun,31.0,M,B,Pelehatchie,MS,True,attack,Not fleeing,False,-89.789,32.32
4072,19-02-19,shot,knife,16.0,M,A,Vancouver,WA,False,attack,Not fleeing,False,-122.561,45.611999999999995
4073,19-02-19,shot,machete,24.0,M,B,Baltimore,MD,False,other,Not fleeing,False,-76.779,39.361999999999995
4074,20-02-19,shot,gun,39.0,M,B,Norwich,CT,True,attack,Car,False,-72.195,41.705
4075,20-02-19,shot,vehicle,26.0,M,W,Honolulu,HI,False,attack,Car,False,-158.016,21.443
4076,22-02-19,shot,vehicle,30.0,M,B,Little Rock,AR,False,attack,Car,True,-92.35600000000001,34.742
4077,22-02-19,shot,gun,36.0,M,O,Boston,MA,False,attack,Car,False,-71.072,42.32899999999999
4078,22-02-19,shot,gun,28.0,M,W,Walton,WV,False,attack,Not fleeing,False,-81.435,38.602
4079,22-02-19,shot,vehicle,21.0,M,B,Miami Gardens,FL,False,attack,Car,False,-80.204,25.948
4080,22-02-19,shot,knife,36.0,M,H,Poteet,TX,False,other,Car,False,-98.575,29.044
4081,23-02-19,shot,gun,28.0,M,W,Carrollton,TX,False,attack,Car,True,-96.90700000000001,32.955
4082,23-02-19,shot,gun,24.0,M,W,Victorville,CA,True,attack,Not fleeing,False,-117.273,34.471
4083,23-02-19,shot,gun,29.0,M,W,Clarksville,TN,False,other,Foot,False,-87.431,36.592
4084,23-02-19,shot,gun,44.0,M,W,Blountville,TN,False,attack,Not fleeing,False,-82.355,36.576
4085,24-02-19,shot,undetermined,41.0,M,W,Flint,MI,False,undetermined,Car,False,-83.684,43.00899999999999
4086,25-02-19,shot,knife,38.0,M,W,Springfield,MO,True,other,,False,-93.314,37.165
4087,25-02-19,shot,gun,40.0,M,W,Denver,CO,False,other,Not fleeing,False,-104.99600000000001,39.736
4088,26-02-19,shot,vehicle,20.0,F,W,McIntosh County,GA,False,attack,Car,False,-81.447,31.471
4089,26-02-19,shot,gun,27.0,M,W,Miltona,MN,False,other,Not fleeing,True,-95.291,46.044
4090,26-02-19,shot,gun,51.0,M,W,Huger,SC,False,attack,Not fleeing,False,-79.759,33.028
4091,26-02-19,shot,gun,48.0,M,W,Struthers,OH,False,attack,Not fleeing,False,-80.604,41.04600000000001
4092,27-02-19,shot,gun,40.0,M,B,Killeen,TX,False,attack,Not fleeing,False,-97.74,31.114
4093,27-02-19,shot,unknown weapon,21.0,M,,DeRidder,LA,False,other,,False,-93.29799999999999,30.861
4094,28-02-19,shot,gun,29.0,M,W,Vancouver,WA,True,attack,Not fleeing,False,-122.681,45.63
4095,28-02-19,shot,gun,34.0,M,H,Lone Tree,CO,False,other,Foot,False,-104.874,39.562
4096,01-03-19,shot,gun,20.0,F,H,Salinas,CA,False,other,,False,-121.62100000000001,36.683
4097,01-03-19,shot,unarmed,47.0,M,A,Honolulu,HI,False,other,Foot,False,-157.885,21.328000000000003
4098,01-03-19,shot and Tasered,unarmed,29.0,M,H,Fairfield,TX,False,other,Not fleeing,False,-96.165,31.725
4099,02-03-19,shot,gun,49.0,M,,Sebewaing,MI,True,attack,Not fleeing,False,-83.441,43.733999999999995
4100,02-03-19,shot,sword,33.0,M,W,Mount Holly,NC,True,other,Not fleeing,False,-81.01899999999999,35.336
4101,02-03-19,shot,unarmed,46.0,M,W,Fairchild,WI,False,attack,Not fleeing,False,-91.04700000000001,44.625
4102,02-03-19,shot,undetermined,35.0,F,W,Carter County,KY,False,other,Foot,False,-82.89399999999999,38.344
4103,02-03-19,shot,knife,,M,,Waco,TX,False,attack,Not fleeing,False,-97.12799999999999,31.537
4104,03-03-19,shot,toy weapon,40.0,M,,Glenoma,WA,False,attack,Not fleeing,False,-122.1,46.541000000000004
4105,04-03-19,shot,gun,36.0,M,B,Des Moines,IA,False,attack,Foot,False,-93.602,41.565
4106,04-03-19,shot,gun,63.0,M,W,Rancho Mirage,CA,True,attack,,False,-116.40100000000001,33.763000000000005
4107,04-03-19,shot,gun,27.0,M,H,San Antonio,TX,False,attack,Not fleeing,False,-98.62299999999999,29.554000000000002
4108,04-03-19,shot,gun,17.0,M,H,San Antonio,TX,False,attack,Car,False,-98.461,29.403000000000002
4109,04-03-19,shot,machete,22.0,M,B,Aurora,CO,False,other,Not fleeing,True,-104.876,39.749
4110,05-03-19,shot,gun,22.0,M,,DeKalb County,GA,False,attack,Foot,False,-84.25399999999999,33.738
4111,05-03-19,shot,gun,36.0,M,,Springfield,MO,False,other,,False,-93.295,37.169000000000004
4112,05-03-19,shot,unarmed,21.0,F,H,Bakersfield,CA,False,other,Car,False,-118.95,35.354
4113,05-03-19,shot,undetermined,31.0,M,W,Greenville,MS,True,undetermined,,False,-91.141,33.3
4114,05-03-19,shot and Tasered,knife,56.0,M,W,Muskogee,OK,False,other,Not fleeing,False,-95.38600000000001,35.766999999999996
4115,05-03-19,shot and Tasered,gun,32.0,M,B,Jacksonville,FL,False,other,Not fleeing,False,-81.579,30.313000000000002
4116,06-03-19,shot,gun,25.0,M,B,Morgantown,WV,False,attack,Foot,False,-79.95100000000001,39.638000000000005
4117,07-03-19,shot,gun,47.0,M,W,Jonesboro,AR,False,other,Not fleeing,False,-90.65799999999999,35.814
4118,07-03-19,shot,gun,,M,H,Vancouver,WA,False,other,Not fleeing,False,-122.646,45.678999999999995
4119,07-03-19,shot,gun,23.0,M,W,Anchorage,AK,False,attack,Foot,False,-149.81799999999998,61.206
4120,08-03-19,shot,toy weapon,34.0,M,W,Athens,GA,True,attack,,True,-83.40799999999999,33.941
4121,09-03-19,shot,knife,51.0,F,W,Cheatham County,TN,False,attack,Not fleeing,False,-87.102,36.185
4122,09-03-19,shot,gun,35.0,M,W,Phoenix,AZ,False,attack,Not fleeing,False,-111.995,33.48
4123,09-03-19,shot,gun,46.0,M,W,Pennfield Township,MI,False,attack,Not fleeing,False,-85.146,42.335
4124,09-03-19,shot,knife,59.0,M,W,Quanah,TX,False,undetermined,Not fleeing,False,,
4125,09-03-19,shot,gun,40.0,M,,Buckeye,AZ,False,attack,Car,False,-112.477,33.474000000000004
4126,09-03-19,shot,gun,30.0,M,B,Monahans,TX,True,attack,Not fleeing,False,-102.89299999999999,31.6
4127,10-03-19,shot,gun,34.0,M,N,Redding,CA,False,attack,Foot,False,-122.351,40.565
4128,10-03-19,shot,gun,44.0,M,W,Cofield,NC,False,attack,Not fleeing,False,-76.83800000000001,36.323
4129,10-03-19,shot,unknown weapon,31.0,M,A,San Bernardino,CA,True,attack,Not fleeing,False,-117.28200000000001,34.106
4130,10-03-19,shot,gun,51.0,M,H,Lakewood,CO,False,attack,Car,False,-105.06700000000001,39.686
4131,11-03-19,shot,knife,34.0,M,W,Westminster,MD,False,attack,Not fleeing,False,-76.987,39.559
4132,12-03-19,shot,gun,45.0,M,W,Salacoa,GA,False,attack,Not fleeing,False,-84.625,34.405
4133,12-03-19,shot,vehicle,32.0,F,B,Miami,FL,False,other,Not fleeing,False,-80.21300000000001,25.921
4134,12-03-19,shot,gun,31.0,M,W,Kalamazoo,MI,False,attack,Not fleeing,False,-85.58200000000001,42.295
4135,13-03-19,shot,vehicle,41.0,M,B,Ashland,CA,False,attack,Car,True,,
4136,13-03-19,shot,knife,29.0,M,H,Grand Island,NE,False,attack,Not fleeing,False,-98.34,41.016000000000005
4137,13-03-19,shot,gun,47.0,F,B,Greensburg,PA,True,attack,Not fleeing,False,-79.536,40.325
4138,13-03-19,shot,unarmed,30.0,M,H,Phoenix,AZ,False,other,Other,False,-112.102,33.45
4139,14-03-19,shot,knife,27.0,M,N,Sallisaw,OK,False,attack,Not fleeing,False,-94.78,35.483000000000004
4140,14-03-19,shot,gun,27.0,M,,Federal Way,WA,False,attack,Not fleeing,False,-122.31,47.303000000000004
4141,14-03-19,shot,knife,38.0,M,H,Jacksonville,FL,True,other,Not fleeing,False,-81.631,30.29
4142,14-03-19,shot,gun,33.0,M,W,Monroe County,MS,True,other,Car,False,-88.415,33.781
4143,14-03-19,shot,toy weapon,42.0,M,,Trenton,NJ,True,other,Not fleeing,False,-74.745,40.233000000000004
4144,14-03-19,shot,gun,25.0,M,W,Ontario,OR,True,attack,Car,False,-116.95100000000001,44.025
4145,15-03-19,shot,gun,47.0,M,W,Las Vegas,NV,False,attack,Not fleeing,True,-115.176,36.113
4146,16-03-19,shot,gun,53.0,M,,Macoupin County,IL,False,attack,Other,False,-89.75,39.012
4147,16-03-19,shot,gun,77.0,M,,The Dalles,OR,False,attack,Not fleeing,False,-121.162,45.595
4148,16-03-19,shot,gun,49.0,M,W,Palmdale,CA,False,attack,Not fleeing,False,-118.05799999999999,34.563
4149,17-03-19,shot,gun,33.0,M,H,Clermont,FL,False,other,,False,-81.67699999999999,28.365
4150,18-03-19,shot and Tasered,sharp object,36.0,M,W,Mansfield,OH,False,other,Not fleeing,False,-82.536,40.711
4151,19-03-19,shot,gun,22.0,M,B,Bastrop,LA,False,undetermined,Foot,False,-91.93700000000001,32.782
4152,19-03-19,shot,gun,29.0,M,H,Kittitas,WA,False,attack,Car,False,-120.419,46.986000000000004
4153,19-03-19,shot,knife,52.0,M,H,Tampa,FL,True,other,Not fleeing,False,-82.43700000000001,28.079
4154,19-03-19,shot,gun,61.0,M,W,University City,MO,True,attack,Not fleeing,False,,
4155,20-03-19,shot,knife,29.0,M,B,State College,PA,True,attack,Not fleeing,False,-77.848,40.786
4156,20-03-19,shot,gun,37.0,M,H,Las Vegas,NV,False,attack,Not fleeing,True,-115.134,36.173
4157,20-03-19,shot,toy weapon,26.0,F,W,San Antonio,TX,True,attack,Not fleeing,False,-98.572,29.551
4158,21-03-19,shot,knife,32.0,M,,Sandy Springs,GA,True,attack,Not fleeing,False,-84.383,33.912
4159,21-03-19,shot,gun,19.0,M,B,Modesto,CA,False,undetermined,Car,False,-121.022,37.664
4160,22-03-19,shot,gun,45.0,M,W,Ernul,NC,True,other,Not fleeing,False,-77.069,35.225
4161,22-03-19,shot,knife,22.0,M,B,Walterboro,SC,False,other,Not fleeing,False,-80.65100000000001,32.899
4162,24-03-19,shot,unarmed,57.0,M,B,Baltimore,MD,False,other,Not fleeing,True,-76.669,39.349000000000004
4163,24-03-19,shot,gun,46.0,M,W,Port St. Joe,FL,False,other,Car,False,-85.303,29.816999999999997
4164,25-03-19,shot,gun,27.0,M,B,Charlotte,NC,True,other,Not fleeing,True,-80.872,35.33
4165,25-03-19,shot,gun,26.0,M,H,Thurmont,MD,True,other,,False,-77.41199999999999,39.631
4166,25-03-19,shot,gun,30.0,M,W,Horry County,SC,True,other,Foot,False,-79.137,34.183
4167,25-03-19,shot,gun,18.0,M,B,St. Louis,MO,False,attack,Not fleeing,False,-90.242,38.566
4168,27-03-19,shot,vehicle,25.0,M,W,Burnet,TX,False,attack,Not fleeing,True,-98.219,30.756999999999998
4169,27-03-19,shot,gun,51.0,M,W,Manchester,NH,False,attack,Not fleeing,False,-71.441,42.958999999999996
4170,27-03-19,shot,gun,40.0,M,H,Cochran County,TX,False,attack,Car,False,,
4171,27-03-19,shot,knife,47.0,M,W,Chickasha,OK,False,other,Not fleeing,False,-97.934,35.042
4172,27-03-19,shot,vehicle,38.0,M,B,Terrytown,LA,False,attack,Not fleeing,False,-90.04,29.926
4173,27-03-19,shot,vehicle,39.0,M,B,Terrytown,LA,False,attack,Car,False,-90.04,29.926
4174,27-03-19,shot,sword,30.0,M,B,Inglewood,CA,False,other,Not fleeing,False,-118.352,33.96
4175,28-03-19,shot,gun,43.0,M,,Phoenix,AZ,False,attack,Foot,False,-112.16,33.495
4176,28-03-19,shot,gun,42.0,M,H,San Antonio,TX,False,other,Car,False,-98.494,29.424
4177,30-03-19,shot,gun,25.0,M,B,Miami,FL,False,attack,,False,-80.226,25.883000000000003
4178,30-03-19,shot,unarmed,22.0,M,W,Watauga County,NC,False,attack,Not fleeing,False,-81.575,36.255
4179,30-03-19,shot and Tasered,gun,30.0,M,B,Durham,NC,False,attack,Foot,True,-78.822,36.025
4180,31-03-19,shot,vehicle,33.0,F,W,Springfield,OR,True,other,Car,False,-122.97200000000001,44.059
4181,31-03-19,shot,knife,24.0,M,H,Marana,AZ,False,attack,Not fleeing,False,-111.12299999999999,32.359
4182,31-03-19,shot,gun,31.0,M,B,Atlanta,GA,False,other,Foot,False,-84.40700000000001,33.684
4183,31-03-19,shot,gun,25.0,M,N,Fairbanks,AK,False,other,Car,False,-147.838,64.84899999999999
4184,01-04-19,shot,gun,28.0,F,W,LaFollette,TN,False,attack,Not fleeing,False,-84.117,36.388000000000005
4185,01-04-19,shot,gun,19.0,M,B,Union City,GA,False,attack,,False,-84.565,33.598
4186,01-04-19,shot,BB gun,31.0,M,B,Anchorage,AK,True,other,Foot,False,-149.88299999999998,61.206
4187,01-04-19,shot and Tasered,undetermined,29.0,M,,Fairfield,TX,False,other,Not fleeing,False,-96.165,31.725
4188,02-04-19,shot,unarmed,48.0,M,W,Redding,CA,True,attack,Not fleeing,False,-122.335,40.595
4189,03-04-19,shot,gun,53.0,M,W,Brownstown,IN,False,other,Not fleeing,False,-86.04299999999999,38.879
4190,03-04-19,shot,gun,50.0,M,H,San Diego,CA,True,attack,Not fleeing,True,-117.04700000000001,32.551
4191,03-04-19,shot,gun,55.0,M,H,Boynton Beach,FL,False,attack,Not fleeing,False,-80.055,26.543000000000003
4192,03-04-19,shot,gun,,M,W,Pelion,SC,False,other,Car,False,-81.203,33.769
4193,04-04-19,shot,unarmed,37.0,M,W,Kalamazoo,MI,True,other,Not fleeing,False,-85.546,42.333
4194,04-04-19,shot,gun,30.0,M,H,Anaheim,CA,False,other,Not fleeing,False,-117.97399999999999,33.838
4195,05-04-19,shot,knife,26.0,M,,Bloomingdale,IL,False,other,Car,False,-88.09700000000001,41.931000000000004
4196,06-04-19,shot,gun,36.0,M,W,New Albany,IN,True,attack,Not fleeing,False,-85.85,38.304
4197,07-04-19,shot,gun,24.0,M,B,Greeneville,TN,False,attack,Not fleeing,False,-82.81299999999999,36.169000000000004
4198,07-04-19,shot,unarmed,35.0,M,B,Blytheville,AR,True,attack,Foot,True,-89.916,35.89
4199,07-04-19,shot,knife,42.0,M,W,Hamilton County,TN,False,attack,Not fleeing,False,-85.102,35.024
4200,08-04-19,shot,gun,37.0,M,B,Salt Lake City,UT,False,attack,Car,False,-111.887,40.7
4201,09-04-19,shot,gun,28.0,M,W,Pueblo,CO,False,attack,Foot,False,-104.64,38.234
4202,09-04-19,shot,gun,32.0,M,W,Henry County,IN,False,attack,Not fleeing,False,-86.061,39.806999999999995
4203,09-04-19,shot,gun,33.0,M,B,Louisville,KY,False,attack,Not fleeing,False,,
4204,10-04-19,shot,gun,27.0,M,B,Shreveport,LA,False,attack,Car,False,-93.79700000000001,32.475
4205,10-04-19,shot,gun,21.0,M,H,Indio,CA,False,other,Not fleeing,False,-116.23700000000001,33.713
4206,10-04-19,shot,gun,47.0,M,W,Pinellas Park,FL,False,attack,Not fleeing,False,-82.73,27.845
4207,10-04-19,shot,gun,57.0,M,W,Mexico Beach,FL,False,other,Not fleeing,False,-85.39399999999999,29.945
4208,11-04-19,shot,gun,20.0,M,,Canutillo,TX,False,undetermined,Not fleeing,False,-106.59700000000001,31.906999999999996
4209,11-04-19,shot,gun,34.0,M,B,St. Louis,MO,False,attack,Foot,False,-90.238,38.595
4210,11-04-19,shot,unarmed,34.0,M,B,Boerne,TX,False,attack,Foot,False,-98.74,29.781999999999996
4211,11-04-19,shot,gun,30.0,M,W,DeLand,FL,True,attack,Car,False,-81.303,29.028000000000002
4212,11-04-19,shot,vehicle,29.0,F,H,Ahwatukee,AZ,False,other,Car,False,-111.98,33.349000000000004
4213,12-04-19,shot,gun,28.0,M,B,Clinton,LA,False,attack,Not fleeing,False,,
4214,12-04-19,shot,wrench,39.0,M,H,Buckeye,AZ,True,attack,Not fleeing,True,-112.5,33.334
4215,12-04-19,shot,knife,54.0,M,A,Richmond,CA,False,attack,Not fleeing,False,-122.331,37.945
4216,14-04-19,shot,gun,27.0,M,W,Dalhart,TX,False,other,Foot,False,-102.53,36.071
4217,14-04-19,shot,knife,32.0,M,B,New York,NY,False,other,Not fleeing,True,-73.944,40.711999999999996
4218,14-04-19,shot,knife,32.0,M,N,Rushville,NE,False,other,Foot,False,-102.455,42.718999999999994
4219,14-04-19,shot,gun,47.0,M,W,Los Angeles,CA,False,undetermined,Foot,False,-118.259,34.049
4220,14-04-19,shot,gun,33.0,M,W,Portland,OR,False,attack,Not fleeing,False,-122.777,45.547
4221,14-04-19,shot and Tasered,walking stick,42.0,M,N,Red Bluff,CA,True,other,Foot,False,-122.23299999999999,40.176
4222,15-04-19,shot,knife,,M,W,Pigeon Forge,TN,True,other,Not fleeing,False,-83.574,35.794000000000004
4223,16-04-19,shot,knife,24.0,M,,Lee,NY,True,other,Not fleeing,False,-75.536,43.28
4224,16-04-19,shot,vehicle,24.0,M,W,Fountain Inn,SC,False,attack,Car,False,-82.196,34.689
4225,16-04-19,shot,sword,42.0,M,W,Montesano,WA,True,other,Not fleeing,False,-123.594,46.981
4226,17-04-19,shot,gun,34.0,M,B,Flint,MI,False,attack,Not fleeing,False,-83.4,42.324
4227,17-04-19,shot,knife,46.0,M,W,Pentress,WV,True,attack,Foot,True,-80.17,39.708
4228,18-04-19,shot,gun,40.0,M,N,Coon Rapids,MN,False,attack,Foot,True,-93.27600000000001,45.174
4229,18-04-19,shot,gun,30.0,M,W,Fremont,CA,False,attack,Not fleeing,True,-121.976,37.554
4230,18-04-19,shot,gun,42.0,M,H,New York,NY,False,attack,Foot,False,-73.932,40.854
4231,20-04-19,shot,knife,30.0,M,W,Raleigh,NC,False,attack,Not fleeing,False,-78.55,35.791
4232,20-04-19,shot,gun,63.0,M,W,Athens,GA,True,attack,Not fleeing,True,-83.32700000000001,33.998000000000005
4233,20-04-19,shot,vehicle,18.0,M,H,Wethersfield,CT,False,attack,Foot,False,,
4234,20-04-19,shot,gun,29.0,M,H,Colorado Springs,CO,False,attack,Not fleeing,True,-104.844,38.893
4235,21-04-19,shot,gun,42.0,M,W,Little Rock,AR,False,attack,Foot,False,-92.395,34.734
4236,22-04-19,shot,gun,32.0,M,H,Los Angeles,CA,False,attack,,True,,
4237,22-04-19,shot,gun,46.0,M,,Watauga,TX,False,attack,Not fleeing,False,-97.24700000000001,32.864000000000004
4238,22-04-19,shot,gun,50.0,M,W,Shelby,MT,False,attack,Not fleeing,False,,
4239,24-04-19,shot,undetermined,29.0,M,W,Owingsville,KY,False,attack,Car,False,-83.807,38.089
4240,24-04-19,shot,knife,29.0,M,W,Colorado Springs,CO,False,attack,Not fleeing,False,-104.77,38.796
4241,25-04-19,shot,gun,51.0,M,W,Apex,NC,False,attack,,False,-78.878,35.735
4242,25-04-19,shot,gun,23.0,M,,Lemoore,CA,False,attack,Car,False,-119.78299999999999,36.301
4243,26-04-19,shot,gun,43.0,M,,Clarksville,IN,True,attack,Not fleeing,True,,
4244,26-04-19,shot,rock,23.0,M,B,Denver,CO,True,attack,Not fleeing,False,-105.006,39.904
4245,28-04-19,shot,gun,47.0,M,H,Sparks,NV,True,other,Not fleeing,False,-119.74799999999999,39.559
4246,28-04-19,shot,gun,45.0,M,H,Austin,TX,True,other,Not fleeing,True,-97.796,30.351999999999997
4247,29-04-19,shot,knife,42.0,M,W,Portland,OR,False,attack,Not fleeing,False,-122.52799999999999,45.493
4248,29-04-19,shot,toy weapon,26.0,M,H,Phoenix,AZ,False,attack,Foot,False,-112.134,33.459
4249,29-04-19,shot,gun,29.0,M,W,Hancock County,MS,False,attack,Foot,False,-89.443,30.276
4250,29-04-19,shot,hammer,49.0,F,A,Welch,WV,False,other,Not fleeing,False,-81.585,37.433
4251,29-04-19,shot and Tasered,unarmed,17.0,M,B,Edmond,OK,False,attack,Foot,False,-97.51,35.65
4252,30-04-19,shot,gun,,M,H,Los Angeles,CA,False,attack,Foot,False,-118.23899999999999,33.931999999999995
4253,30-04-19,shot,knife,45.0,F,W,Welcome,NC,False,other,Not fleeing,False,-80.253,35.912
4254,30-04-19,shot,knife,,M,,Perris,CA,False,other,Not fleeing,False,-117.195,33.805
4255,01-05-19,shot,knife,51.0,M,H,Miami,FL,False,other,Not fleeing,False,-80.33800000000001,25.741
4256,01-05-19,shot,gun,37.0,M,H,Meadowlake,NM,False,attack,Not fleeing,False,,
4257,01-05-19,shot,knife,,M,,Bruce,FL,False,other,Not fleeing,False,-84.195,30.429000000000002
4258,01-05-19,shot,gun,28.0,M,W,Hiltons,VA,False,attack,Foot,False,-82.434,36.644
4259,02-05-19,shot,unarmed,52.0,M,W,Glenwood,GA,False,attack,Other,False,,
4260,02-05-19,shot,gun,76.0,M,,Parkville,MD,True,attack,Not fleeing,True,-76.541,39.375
4261,02-05-19,shot,gun,37.0,M,H,Cedar Hill,TX,False,other,Car,False,-96.947,32.591
4262,04-05-19,shot,vehicle,,M,,San Jose,CA,False,attack,Car,True,-121.825,37.351
4263,04-05-19,shot,gun,37.0,M,W,Hermantown,MN,False,attack,Foot,False,,
4264,04-05-19,shot,unarmed,25.0,M,W,Spokane,WA,True,other,Foot,False,-117.238,47.683
4265,04-05-19,shot,baseball bat,35.0,M,A,Stockton,CA,False,attack,Not fleeing,False,-121.3,38.029
4266,04-05-19,shot and Tasered,knife,35.0,M,W,Phoenix,AZ,False,attack,Not fleeing,False,,
4267,05-05-19,shot,knife,61.0,M,H,Angel Fire,NM,False,other,Not fleeing,False,-105.29799999999999,36.357
4268,06-05-19,shot,gun,33.0,M,H,Mesa,AZ,False,other,Not fleeing,False,-111.836,33.415
4269,07-05-19,shot,gun,34.0,M,H,Milwaukee,WI,False,other,Not fleeing,False,-87.92,43.012
4270,07-05-19,shot,gun,59.0,M,W,Lumberton,MS,True,other,Not fleeing,False,-89.449,31.0
4271,07-05-19,shot,gun,32.0,M,H,Goleta,CA,False,attack,Not fleeing,False,-119.79,34.44
4272,09-05-19,shot,vehicle,31.0,M,,Wytheville,VA,False,attack,Car,False,-81.086,36.94
4273,09-05-19,shot,gun,49.0,M,H,Montebello,CA,False,attack,Not fleeing,False,-118.355,34.084
4274,09-05-19,shot,knife,31.0,M,B,Seattle,WA,True,attack,Not fleeing,True,-122.331,47.603
4275,09-05-19,shot,gun,29.0,M,H,Phoenix,AZ,False,attack,Not fleeing,False,-112.083,33.437
4276,10-05-19,shot,gun,25.0,M,B,Tulsa,OK,True,attack,Foot,True,-95.993,36.09
4277,11-05-19,shot,gun,26.0,M,B,Chicago,IL,False,attack,Foot,False,-87.71799999999999,41.861999999999995
4278,11-05-19,shot,gun,,M,B,Savannah,GA,False,attack,Foot,False,-81.1,32.056999999999995
4279,11-05-19,shot,gun,39.0,M,W,Tunbridge,VT,False,attack,Not fleeing,False,,
4280,11-05-19,shot,gun,43.0,M,,Parks,AZ,False,other,Car,False,-111.947,35.313
4281,11-05-19,shot,gun,26.0,M,H,South Sioux City,NE,False,attack,Not fleeing,False,-96.413,42.477
4282,13-05-19,shot,knife,36.0,M,B,Gardena,CA,False,attack,Not fleeing,True,-118.305,33.902
4283,13-05-19,shot,Taser,45.0,F,B,Baytown,TX,False,attack,Not fleeing,False,-94.98,29.745
4284,13-05-19,shot,gun,45.0,M,W,Rising Sun,MD,True,attack,Not fleeing,False,-76.04,39.714
4285,14-05-19,shot,gun,54.0,M,W,Las Vegas,NV,True,other,Not fleeing,False,-115.141,36.134
4286,15-05-19,shot,knife,43.0,M,H,Tamarac,FL,False,attack,,False,-80.28699999999999,26.223000000000003
4287,15-05-19,shot,gun,,M,B,Appleton,WI,True,attack,Not fleeing,True,-88.406,44.263000000000005
4288,15-05-19,shot,vehicle,30.0,M,B,Louisville,KY,False,attack,Car,False,-85.58,38.188
4289,16-05-19,shot,gun,,M,H,Palm Beach Gardens,FL,False,attack,Not fleeing,False,-80.105,26.838
4290,16-05-19,shot,gun,58.0,F,W,New Boston,TX,True,attack,Not fleeing,False,-94.415,33.461999999999996
4291,17-05-19,shot,knife,39.0,M,H,Davie,FL,False,other,Not fleeing,False,-80.244,26.065
4292,17-05-19,shot,gun,40.0,M,B,New Orleans,LA,False,attack,,True,-89.999,30.024
4293,17-05-19,shot,gun,36.0,M,B,Pasadena,CA,False,attack,Not fleeing,True,-118.155,34.172
4294,18-05-19,shot,undetermined,27.0,M,N,Tonalea,AZ,False,undetermined,,False,-110.963,36.321999999999996
4295,18-05-19,shot,knife,20.0,M,H,Garden Grove,CA,True,attack,Not fleeing,False,-117.92200000000001,33.794000000000004
4296,19-05-19,shot,gun,17.0,M,H,Phoenix,AZ,False,attack,Foot,False,-112.04799999999999,33.461
4297,19-05-19,shot,unknown weapon,59.0,M,H,Huron,CA,False,attack,Not fleeing,False,-120.103,36.2
4298,19-05-19,shot,gun,47.0,F,W,Carlsbad,NM,False,attack,Not fleeing,False,,
4299,19-05-19,shot,gun,45.0,M,O,Miami Gardens,FL,False,attack,Not fleeing,False,-80.241,25.962
4300,19-05-19,shot,gun,46.0,M,,Trinidad,CO,False,attack,Car,False,-104.508,37.174
4301,20-05-19,shot,gun,34.0,F,W,Blackwell,OK,False,attack,Car,False,-97.288,36.812
4302,20-05-19,shot,knife,46.0,M,H,Archdale,NC,False,attack,Not fleeing,False,-80.03699999999999,35.911
4303,20-05-19,shot,knife,26.0,M,B,Auburn,WA,False,attack,Not fleeing,False,-122.214,47.243
4304,21-05-19,shot,hammer,21.0,M,H,Los Angeles,CA,False,other,,False,-118.198,33.93
4305,21-05-19,shot,gun,29.0,M,W,Auburn,ME,False,attack,Not fleeing,False,-70.2,44.126999999999995
4306,22-05-19,shot,gun,33.0,M,W,Ashland,WI,False,other,Car,False,-90.882,46.585
4307,22-05-19,shot,vehicle,32.0,M,,Montgomery Creek,KY,False,attack,Car,False,,
4308,22-05-19,shot,gun,47.0,M,W,Inman,SC,False,attack,Not fleeing,False,-82.196,35.039
4309,22-05-19,shot,gun,22.0,M,B,Chicago,IL,True,attack,Not fleeing,False,,
4310,22-05-19,shot,gun,,M,,Orange Park,FL,False,attack,Not fleeing,False,-81.78699999999999,30.125
4311,23-05-19,shot,unarmed,41.0,M,W,Montgomery,NY,False,other,Not fleeing,False,-74.222,41.506
4312,23-05-19,shot,gun,28.0,M,W,Pearl River County,MS,True,attack,Car,False,-89.62100000000001,30.625
4313,23-05-19,shot,gun,56.0,M,W,Wichita,KS,True,attack,Not fleeing,False,-97.346,37.62
4314,24-05-19,shot,gun,41.0,M,W,Indian River County,FL,False,attack,Car,False,-80.705,28.072
4315,24-05-19,shot,gun,35.0,M,H,Houston,TX,False,other,Not fleeing,False,-95.32799999999999,29.64
4316,24-05-19,shot,unknown weapon,59.0,M,O,Fort Lauderdale,FL,False,other,Other,False,-80.17699999999999,26.135
4317,26-05-19,shot,gun,30.0,M,B,Kansas City,MO,False,attack,Foot,False,,
4318,26-05-19,shot,gun,48.0,M,,Odessa,TX,False,attack,,False,-102.29299999999999,31.896
4319,27-05-19,shot,gun,49.0,M,W,Wichita,KS,True,attack,Foot,False,-97.366,37.661
4320,27-05-19,shot,gun,41.0,M,B,Joliet,IL,False,attack,Not fleeing,False,-88.046,41.548
4321,28-05-19,shot,gun,21.0,M,B,Chicago,IL,False,other,Not fleeing,False,-87.575,41.748000000000005
4322,29-05-19,shot,gun,62.0,M,W,Wilmington,NC,True,attack,Not fleeing,False,-77.9,34.177
4323,30-05-19,shot,gun,,F,,Ontario,CA,True,other,Not fleeing,False,-117.655,34.043
4324,30-05-19,shot,gun,32.0,F,B,Huntsville,AL,True,attack,Not fleeing,False,-86.60799999999999,34.709
4325,30-05-19,shot,gun,22.0,M,H,Amarillo,TX,False,attack,Foot,False,-101.831,35.202
4326,30-05-19,shot,gun,58.0,M,W,Havre de Grace,MD,True,other,Not fleeing,False,-76.133,39.579
4327,31-05-19,shot,vehicle,32.0,M,W,Gorham,ME,False,attack,Car,False,-70.439,43.681999999999995
4328,31-05-19,shot,unarmed,26.0,M,A,Auburn,WA,True,other,Not fleeing,False,-122.214,47.295
4329,01-06-19,shot,unarmed,35.0,M,N,Bartlesville,OK,True,undetermined,Not fleeing,False,-95.917,36.735
4330,01-06-19,shot,gun,27.0,M,W,Anderson,CA,False,other,Not fleeing,False,-122.29799999999999,40.438
4331,01-06-19,shot,knife,35.0,M,B,Shreveport,LA,False,attack,Not fleeing,False,-93.745,32.519
4332,01-06-19,shot,flashlight,38.0,M,,Fort Worth,TX,True,attack,Not fleeing,False,-97.34100000000001,32.665
4333,02-06-19,shot,crowbar,23.0,M,B,Walnut Creek,CA,True,attack,Not fleeing,True,-122.06200000000001,37.885999999999996
4334,03-06-19,shot,gun,59.0,M,W,Collierville,TN,True,attack,Not fleeing,False,-89.664,35.064
4335,03-06-19,shot,gun,23.0,M,W,San Ysidro,CA,True,attack,Car,False,-117.04700000000001,32.556
4336,03-06-19,shot,gun,43.0,M,B,Ardsley,NY,False,attack,,False,-73.84899999999999,41.013000000000005
4337,03-06-19,shot,unarmed,41.0,M,B,Detroit,MI,False,other,Car,False,-83.119,42.3
4338,04-06-19,shot,knife,56.0,M,W,Davidsonville,MD,False,other,Not fleeing,False,-76.62899999999999,38.925
4339,04-06-19,shot,gun,45.0,M,W,Indialantic,FL,False,attack,Not fleeing,False,-80.575,28.105999999999998
4340,05-06-19,shot,gun,28.0,M,H,Bernalillo,NM,False,other,Not fleeing,False,-106.545,35.318000000000005
4341,05-06-19,shot,gun,,M,W,Jonesboro,AR,True,other,Not fleeing,False,-90.553,35.806999999999995
4342,05-06-19,shot,knife,54.0,M,W,Trinity,NC,True,attack,Not fleeing,False,-79.932,35.864000000000004
4343,05-06-19,shot,gun,39.0,M,W,Escalon,CA,False,attack,Not fleeing,False,-120.99700000000001,37.797
4344,06-06-19,shot,unarmed,24.0,M,B,Los Angeles,CA,False,other,Car,False,-118.27,33.913000000000004
4345,06-06-19,shot,sharp object,41.0,M,H,Los Angeles,CA,False,other,Not fleeing,True,-118.26299999999999,34.121
4346,06-06-19,shot,gun,27.0,M,B,Los Angeles,CA,False,other,Not fleeing,False,-118.2,33.931999999999995
4347,06-06-19,shot,gun,70.0,M,W,Braxton,MS,True,attack,,False,-89.97,32.025
4348,06-06-19,shot,gun,,M,H,Modesto,CA,False,attack,Not fleeing,False,-120.992,37.608000000000004
4349,06-06-19,shot,gun,35.0,M,H,San Gabriel,CA,False,attack,Not fleeing,False,-118.098,34.073
4350,06-06-19,shot,gun,26.0,M,B,St. Louis,MO,False,attack,Foot,False,-90.23,38.64
4351,06-06-19,shot,gun,58.0,M,W,Bonnyman,KY,False,attack,Not fleeing,False,-83.236,37.314
4352,07-06-19,shot,gun,46.0,M,W,Bristol,TN,False,other,Not fleeing,False,-82.184,36.57
4353,08-06-19,shot,gun,39.0,M,B,Clearwater,FL,False,other,Not fleeing,False,-82.792,27.978
4354,08-06-19,shot,ax,33.0,F,H,Fresno,CA,True,attack,Not fleeing,True,-119.805,36.733000000000004
4355,09-06-19,shot,gun,20.0,M,B,Fort Worth,TX,False,other,Foot,False,-97.241,32.709
4356,09-06-19,shot,knife,38.0,M,W,Portland,OR,False,other,Not fleeing,False,-122.685,45.53
4357,09-06-19,shot,gun,41.0,M,W,Shirley,AR,False,attack,Not fleeing,False,,
4358,09-06-19,shot,gun,32.0,M,H,Menifee,CA,False,attack,Car,False,-117.154,33.650999999999996
4359,10-06-19,shot,vehicle,,M,W,Kingsport,TN,False,attack,Not fleeing,False,-82.574,36.499
4360,10-06-19,shot,gun,24.0,M,B,Oklahoma City,OK,False,other,Not fleeing,True,,
4361,10-06-19,shot,gun,19.0,M,B,Lawton,OK,True,other,Car,False,-98.469,34.621
4362,11-06-19,shot,knife,27.0,M,B,Porteau,OK,False,attack,Not fleeing,False,-94.62899999999999,35.078
4363,11-06-19,shot,barstool,40.0,M,H,Orlando,FL,True,attack,Not fleeing,False,-81.286,28.495
4364,11-06-19,shot,unknown weapon,61.0,M,W,Hopkins County,TX,False,other,Not fleeing,False,-95.46,33.063
4365,11-06-19,shot,toy weapon,56.0,M,,San Leandro,CA,True,other,Not fleeing,False,-122.179,37.725
4366,11-06-19,shot,gun,52.0,M,,Riverside,CA,False,attack,Not fleeing,False,-117.444,33.864000000000004
4367,12-06-19,shot,vehicle,20.0,M,B,Memphis,TN,False,attack,Foot,False,-89.994,35.24
4368,12-06-19,shot,unarmed,35.0,M,H,Farmers Branch,TX,False,other,Car,False,-96.926,32.896
4369,13-06-19,shot,vehicle,17.0,M,B,Rockville,MD,False,attack,Car,False,-77.107,39.053000000000004
4370,13-06-19,shot,vehicle,22.0,M,B,Jacksonville,AR,False,attack,Car,False,-92.12700000000001,34.865
4371,14-06-19,shot,undetermined,,M,,Delano,CA,False,undetermined,Foot,False,-119.266,35.79
4372,15-06-19,shot,gun,45.0,M,W,Belmont,NH,True,other,Not fleeing,False,-71.486,43.428000000000004
4373,15-06-19,shot,knife,20.0,M,B,Renton,WA,True,attack,,False,-122.20700000000001,47.481
4374,15-06-19,shot,unknown weapon,18.0,M,B,Racine,WI,False,other,Other,False,-87.794,42.7
4375,15-06-19,shot,gun,28.0,M,B,Birmingham,AL,False,attack,Car,False,-87.001,33.455999999999996
4376,15-06-19,shot,knife,38.0,M,H,Toppenish,WA,False,other,Not fleeing,False,-120.306,46.382
4377,15-06-19,shot,gun,,M,,Pearland,TX,False,other,Not fleeing,False,-95.395,29.555
4378,16-06-19,shot,knife,53.0,M,B,South Bend,IN,False,attack,Not fleeing,False,-86.256,41.676
4379,16-06-19,shot,gun,31.0,M,H,Tucson,AZ,False,attack,,False,-111.00299999999999,32.148
4380,16-06-19,shot,gun,48.0,M,W,Fairbanks,AK,False,attack,Not fleeing,False,-147.716,64.83800000000001
4381,17-06-19,shot,vehicle,20.0,M,H,Brownsville,TX,False,attack,Car,False,-97.507,25.925
4382,17-06-19,shot,gun,35.0,M,H,Las Cruces,NM,False,attack,Car,False,-106.743,32.316
4383,17-06-19,shot,gun,22.0,M,W,Dallas,TX,True,attack,Foot,False,-96.802,32.779
4384,18-06-19,shot,knife,18.0,M,H,Centralia,WA,False,other,Not fleeing,False,-122.941,46.73
4385,18-06-19,shot,gun,34.0,M,,Friendly Hills,CO,False,attack,Not fleeing,False,-105.146,39.624
4386,18-06-19,shot,toy weapon,74.0,M,B,Syracuse,NY,False,attack,Not fleeing,False,-76.148,43.016000000000005
4387,20-06-19,shot,gun,33.0,M,H,Mission,TX,True,attack,Foot,False,-98.302,26.212
4388,20-06-19,shot,gun,38.0,M,,Tulsa,OK,False,attack,Car,True,-95.851,36.133
4389,20-06-19,shot,gun,38.0,M,W,Ashville,OH,False,other,Car,False,-82.95100000000001,39.734
4390,22-06-19,shot,gun,26.0,M,H,Big Sur,CA,False,attack,,False,-121.777,36.243
4391,22-06-19,shot,gun,41.0,M,W,Phoenix,MD,False,other,,True,-76.557,39.49
4392,23-06-19,shot,knife,29.0,M,W,Springfield,OH,True,attack,Foot,False,-83.729,39.97
4393,24-06-19,shot,gun,19.0,M,B,Boston,MA,False,attack,Car,True,-71.063,42.295
4394,24-06-19,shot,gun,61.0,M,B,Englewood,FL,False,attack,Not fleeing,False,-82.29799999999999,26.941999999999997
4395,24-06-19,shot,knife,34.0,M,W,Seminole,TX,False,attack,Not fleeing,False,-102.645,32.719
4396,25-06-19,shot,knife,35.0,M,H,San Antonio,TX,True,other,Not fleeing,False,-98.48200000000001,29.416999999999998
4397,25-06-19,shot,knife,,M,,Miami,FL,False,other,Not fleeing,False,-80.197,25.772
4398,25-06-19,shot,knife,43.0,M,W,Menasha,WI,False,other,Not fleeing,False,-88.45299999999999,44.216
4399,26-06-19,shot,sword,50.0,M,W,Timberville,VA,False,attack,Not fleeing,False,-78.77199999999999,38.625
4400,26-06-19,shot,sharp object,32.0,M,B,Sugarcreek,OH,False,attack,Not fleeing,True,-81.641,40.505
4401,27-06-19,shot,gun,50.0,M,B,Springfield,FL,False,attack,Not fleeing,False,-85.611,30.153000000000002
4402,27-06-19,shot,undetermined,54.0,M,B,Orangeburg,SC,False,undetermined,,False,-80.85600000000001,33.492
4403,27-06-19,shot,gun,35.0,M,W,Wolfe County,KY,False,other,Not fleeing,False,-83.395,37.805
4404,27-06-19,shot,gun,33.0,M,W,Omaha,NE,True,attack,Not fleeing,False,-95.956,41.178999999999995
4405,27-06-19,shot,unarmed,18.0,M,H,Los Angeles,CA,False,other,Not fleeing,False,-118.14399999999999,34.03
4406,27-06-19,shot,vehicle,50.0,M,W,Tulsa,OK,False,attack,Car,False,-95.916,36.071999999999996
4407,27-06-19,shot,gun,41.0,M,H,Yucca Valley,CA,False,attack,Not fleeing,False,-116.405,34.168
4408,28-06-19,shot,gun,37.0,M,B,Pueblo,CO,False,other,Car,False,-104.574,38.288000000000004
4409,28-06-19,shot,gun,76.0,M,W,Smyrna,TN,False,attack,Not fleeing,False,-86.52600000000001,35.976
4410,28-06-19,shot,gun,,M,,Houston,TX,False,attack,Car,False,-95.555,29.671
4411,28-06-19,shot,gun,19.0,M,W,Pearl,MS,False,attack,Not fleeing,False,-90.051,32.251999999999995
4412,28-06-19,shot,gun,40.0,M,W,Bacliff,TX,False,attack,Not fleeing,False,-94.986,29.509
4413,29-06-19,shot,gun,61.0,M,W,Denton County,TX,False,attack,,False,-97.126,33.102
4414,29-06-19,shot,gun,61.0,M,W,Lantana,TX,False,attack,Not fleeing,True,-97.125,33.102
4415,01-07-19,shot,gun,22.0,M,H,Denver,CO,False,attack,Not fleeing,False,-104.925,39.729
4416,01-07-19,shot,gun,52.0,M,W,Pontotoc County,MS,False,attack,Car,False,-88.965,34.104
4417,01-07-19,shot,knife,23.0,M,A,Athens,GA,True,attack,Not fleeing,True,-83.399,33.914
4418,01-07-19,shot,knife,67.0,M,B,Port St. Lucie,FL,False,other,Not fleeing,False,-80.402,27.25
4419,02-07-19,shot,ax,44.0,M,W,Bagley Township,MI,True,attack,,False,-84.693,44.915
4420,02-07-19,shot,gun,23.0,M,O,Eagan,MN,False,other,Foot,True,-93.206,44.823
4421,02-07-19,shot,gun,,M,,Albuquerque,NM,False,attack,Not fleeing,False,-106.55,35.074
4422,02-07-19,shot,gun,39.0,M,B,Elyria,OH,False,attack,Car,False,-82.09700000000001,41.346000000000004
4423,03-07-19,shot,hammer,53.0,M,W,Salem,IN,False,other,Not fleeing,False,-86.09100000000001,38.606
4424,03-07-19,shot,screwdriver,39.0,M,N,Poulsbo,WA,True,other,Not fleeing,False,-122.648,47.735
4425,03-07-19,shot,knife,26.0,M,W,West Des Moines,IA,True,other,Not fleeing,False,-93.765,41.586999999999996
4426,03-07-19,shot,toy weapon,38.0,F,H,El Paso,TX,False,attack,Not fleeing,False,-106.429,31.77
4427,03-07-19,shot,unarmed,49.0,M,A,Chino,CA,False,other,Not fleeing,True,-117.656,34.021
4428,04-07-19,shot,gun,34.0,M,H,Lakewood,CO,False,attack,Foot,False,-105.15799999999999,39.739000000000004
4429,04-07-19,shot and Tasered,piece of wood,47.0,M,H,Roswell,GA,False,attack,Not fleeing,False,-84.36200000000001,34.023
4430,05-07-19,shot,scissors,34.0,M,H,West Jordan,UT,False,other,Foot,False,-111.98200000000001,40.626
4431,05-07-19,shot,gun,58.0,M,W,Mountain Grove,MO,False,attack,Not fleeing,False,-92.26299999999999,37.131
4432,05-07-19,shot,toy weapon,17.0,F,W,Anaheim,CA,True,attack,Not fleeing,True,-117.913,33.854
4433,05-07-19,shot,unarmed,21.0,M,W,Oak View,CA,False,attack,Not fleeing,False,-119.3,34.4
4434,05-07-19,shot,knife,37.0,M,H,Ruskin,FL,False,other,Not fleeing,False,-82.414,27.721
4435,06-07-19,shot,gun,43.0,M,B,Rosedale,MD,False,attack,Other,False,-76.516,39.318000000000005
4436,07-07-19,shot,knife,61.0,M,W,Jacksonville,AR,True,attack,Not fleeing,False,-81.717,30.303
4437,07-07-19,shot,gun,28.0,M,B,Pensacola,FL,False,attack,Car,False,-87.228,30.424
4438,07-07-19,shot,gun,41.0,M,W,Timberville,VA,False,other,Not fleeing,False,-78.79,38.672
4439,07-07-19,shot,gun,43.0,M,,Tularosa,NM,False,attack,Not fleeing,False,-106.007,33.08
4440,08-07-19,shot,gun,23.0,M,W,Brooklyn,OH,True,attack,Not fleeing,False,-81.753,41.43899999999999
4441,09-07-19,shot,undetermined,36.0,M,H,Bakersfield,CA,False,undetermined,Not fleeing,False,-118.98100000000001,35.4
4442,09-07-19,shot,gun,23.0,M,B,Greenville,NC,False,attack,Not fleeing,False,-77.431,35.584
4443,09-07-19,shot,gun,26.0,M,W,Citrus Heights,CA,False,attack,,False,-121.266,38.678000000000004
4444,09-07-19,shot and Tasered,knife,36.0,M,,Rancho Mirage,CA,True,attack,Not fleeing,True,-116.411,33.816
4445,10-07-19,shot,knife,32.0,M,B,Adelanto,CA,False,attack,Foot,False,-117.425,34.58
4446,10-07-19,shot,gun,62.0,M,W,Kansas City,KS,False,attack,Not fleeing,False,-94.631,39.105
4447,11-07-19,shot,knife,33.0,M,H,Jacksonville,FL,False,attack,Not fleeing,True,-81.66199999999999,30.334
4448,11-07-19,shot,knife,32.0,M,W,Arpin,WI,True,attack,Not fleeing,False,-90.025,44.541000000000004
4449,13-07-19,shot,gun,69.0,M,W,Tacoma,WA,True,other,Not fleeing,False,-122.421,47.248999999999995
4450,13-07-19,shot,unarmed,35.0,M,H,Kirkland,WA,False,attack,Not fleeing,False,-122.197,47.70399999999999
4451,13-07-19,shot,gun,46.0,M,W,Coleman,FL,False,attack,Not fleeing,False,-82.072,28.8
4452,13-07-19,shot,knife,46.0,M,B,Orange,NJ,False,other,Foot,False,-74.23,40.76
4453,14-07-19,shot,gun,22.0,M,B,Hollywood,FL,False,attack,Car,False,-80.115,26.03
4454,14-07-19,shot,gun,20.0,M,B,Penn Hills,PA,False,attack,Foot,False,-79.863,40.461
4455,14-07-19,shot,gun,30.0,M,B,Dallas,TX,False,attack,Not fleeing,False,-96.71700000000001,32.713
4456,15-07-19,shot,gun,49.0,M,B,Baltimore,MD,False,attack,Not fleeing,True,-76.618,39.313
4457,15-07-19,shot,toy weapon,43.0,M,W,Salt Lake City,UT,True,other,Not fleeing,True,-111.906,40.757
4458,16-07-19,shot,knife,52.0,M,H,Chino Hills,CA,False,attack,Not fleeing,False,-117.715,33.983000000000004
4459,16-07-19,shot,gun,62.0,M,,Memphis,IN,True,attack,Not fleeing,False,-85.775,38.492
4460,16-07-19,shot,gun,56.0,M,W,Porterdale,GA,False,attack,Not fleeing,False,-83.902,33.568000000000005
4461,16-07-19,shot,gun,36.0,M,W,Lake Jackson,TX,False,attack,Car,False,-95.45700000000001,29.053
4462,16-07-19,shot,gun,40.0,F,W,Lake Jackson,TX,False,attack,Car,False,-95.45700000000001,29.053
4463,17-07-19,shot,toy weapon,52.0,M,B,Modesto,CA,False,attack,Not fleeing,True,-121.01,37.633
4464,17-07-19,shot,gun,35.0,M,W,McAlester,OK,False,attack,Car,False,-95.764,34.948
4465,17-07-19,shot,gun,35.0,M,B,Birmingham,AL,False,attack,Foot,False,-86.81,33.519
4466,18-07-19,shot,gun,73.0,M,,Medford,OR,True,attack,Not fleeing,False,-122.869,42.328
4467,18-07-19,shot,gun,39.0,M,,Stone County,AR,False,attack,,False,,
4468,18-07-19,shot,knife,53.0,M,H,Pueblo,CO,False,attack,Not fleeing,False,-104.581,38.272
4469,18-07-19,shot,gun,23.0,M,B,Metairie,LA,False,other,Not fleeing,False,-90.15299999999999,29.984
4470,18-07-19,shot,gun,19.0,M,B,Fort Worth,TX,False,attack,Not fleeing,True,-97.454,32.732
4471,19-07-19,shot,garden tool,41.0,M,H,Pemberton,NJ,False,other,,False,-74.675,39.971
4472,19-07-19,shot,gun,39.0,M,W,League City,TX,True,attack,Not fleeing,False,-95.105,29.445999999999998
4473,21-07-19,shot,knife,28.0,F,H,Albuquerque,NM,True,other,Not fleeing,False,-106.65799999999999,35.027
4474,21-07-19,shot,gun,28.0,M,B,Tacoma,WA,False,attack,Not fleeing,False,-122.43799999999999,47.221000000000004
4475,22-07-19,shot,gun,,M,B,Wesson,MS,False,attack,,False,-90.398,31.701
4476,22-07-19,shot,gun,53.0,M,W,Ranburne,AL,True,attack,Not fleeing,False,-85.345,33.523
4477,23-07-19,shot,scissors,27.0,M,W,Asbury Park,NJ,True,other,Not fleeing,False,-74.001,40.228
4478,23-07-19,shot,gun,31.0,M,B,Ross Township,PA,False,attack,Not fleeing,False,-80.005,40.524
4479,23-07-19,shot,gun,38.0,M,H,Colorado Springs,CO,False,other,Car,False,-104.77,38.801
4480,25-07-19,shot,unarmed,38.0,M,B,Port Allen,LA,False,undetermined,,False,-91.20700000000001,30.447
4481,26-07-19,shot,gun,41.0,M,H,Hartford,CT,False,attack,Car,True,-72.694,41.758
4482,26-07-19,shot,gun,49.0,M,W,Three Springs,PA,True,attack,Not fleeing,False,-78.391,40.334
4483,26-07-19,shot,gun,56.0,M,W,Sun City,SC,True,other,Not fleeing,False,-80.965,32.266
4484,27-07-19,shot,gun,,M,,Dallas,TX,False,attack,Not fleeing,False,,
4485,28-07-19,shot,gun,62.0,M,H,Boyton Beach,FL,False,attack,Not fleeing,False,-80.09100000000001,26.548000000000002
4486,28-07-19,shot,gun,69.0,M,,Stroudsburg,PA,True,attack,Not fleeing,False,-75.195,40.986999999999995
4487,29-07-19,shot,gun,,M,,Houston,TX,False,other,Car,False,-95.156,29.781999999999996
4488,30-07-19,shot,ax,31.0,M,W,Portland,OR,False,attack,,False,-122.65100000000001,45.522
4489,31-07-19,shot,unknown weapon,37.0,M,W,Roy,UT,False,other,,False,-112.06200000000001,41.161
4490,31-07-19,shot,gun,,M,H,San Antonio,TX,False,attack,Not fleeing,False,-98.529,29.421999999999997
4491,31-07-19,shot,gun,28.0,M,W,Council Bluffs,IA,False,attack,Car,False,-95.81,41.269
4492,31-07-19,shot,gun,46.0,M,,Cincinnati,OH,False,attack,Not fleeing,False,-84.59899999999999,39.141
4493,31-07-19,shot,gun,42.0,M,,Chattanooga,TN,False,attack,Not fleeing,False,-85.40700000000001,35.029
4494,31-07-19,shot and Tasered,knife,46.0,M,A,Austin,TX,True,other,Not fleeing,False,-97.75399999999999,30.269000000000002
4495,01-08-19,shot,gun,21.0,M,B,Los Angeles,CA,False,attack,Foot,False,-118.331,33.975
4496,01-08-19,shot,gun,27.0,M,,Allentown,PA,True,attack,Not fleeing,False,-75.545,40.593
4497,01-08-19,shot,unarmed,30.0,F,W,Arlington,TX,False,other,Not fleeing,False,-97.09700000000001,32.769
4498,01-08-19,shot,gun,36.0,M,W,Charleston,WV,False,attack,Other,False,-81.633,38.35
4499,01-08-19,shot,vehicle,54.0,M,,Jackson County,KY,False,attack,Car,False,-84.19,37.497
4500,01-08-19,shot,knife,48.0,M,W,Tampa,FL,True,other,Not fleeing,False,-82.61399999999999,28.034000000000002
4501,02-08-19,shot,gun,55.0,M,,Charlotte,NC,True,attack,Not fleeing,False,-80.76899999999999,35.356
4502,02-08-19,shot,gun,34.0,M,B,Minneapolis,MN,False,attack,Not fleeing,True,-93.294,45.004
4503,02-08-19,shot,gun,45.0,M,B,Indianapolis,IN,False,attack,Not fleeing,False,-86.007,39.833
4504,03-08-19,shot,gun,19.0,M,B,Colorado Springs,CO,False,other,Foot,True,-104.771,38.816
4505,03-08-19,shot,gun,32.0,M,H,Revere,MA,False,attack,Car,False,-71.031,42.413000000000004
4506,03-08-19,shot,gun,35.0,M,,Safety Harbor,FL,False,attack,Car,False,-82.7,28.011999999999997
4507,03-08-19,shot,gun,32.0,M,W,Carson City,NV,False,attack,Not fleeing,False,-119.725,39.174
4508,03-08-19,shot,knife,25.0,M,,Loganville,GA,False,attack,Foot,False,-83.955,33.86
4509,04-08-19,shot,gun,24.0,M,W,Dayton,OH,True,attack,Not fleeing,False,-84.184,39.757
4510,04-08-19,shot,gun,65.0,M,W,Hanceville,AL,True,attack,Not fleeing,False,-86.78,34.084
4511,05-08-19,shot,gun,29.0,M,H,Salt Lake City,UT,False,attack,Not fleeing,True,,
4512,05-08-19,shot,knife,49.0,M,B,Memphis,TN,False,attack,Foot,False,-90.04899999999999,35.141999999999996
4513,05-08-19,shot,vehicle,19.0,M,H,Bakersfield,CA,False,other,Car,False,-118.881,34.993
4514,05-08-19,shot,gun,56.0,M,W,Lowell,AR,True,undetermined,Not fleeing,False,-94.057,36.25
4515,05-08-19,shot,gun,39.0,M,B,Irvington,NJ,False,attack,Not fleeing,False,-74.221,40.736
4516,05-08-19,shot,gun,43.0,M,W,Pocahontas County,WV,False,attack,Car,False,,
4517,05-08-19,shot,gun,57.0,M,W,Rifle,CO,True,other,Foot,False,-107.78299999999999,39.53
4518,06-08-19,shot,gun,49.0,M,W,Shaler Township,PA,False,attack,Not fleeing,False,-79.956,40.537
4519,07-08-19,shot,gun,18.0,M,B,Longview,TX,False,attack,Not fleeing,False,-94.80799999999999,32.533
4520,08-08-19,shot,gun,27.0,M,B,Moss Point,MS,False,attack,Foot,True,-88.51899999999999,30.401999999999997
4521,08-08-19,shot,gun,52.0,M,,Leitchfield,KY,True,attack,Not fleeing,False,-86.294,37.48
4522,09-08-19,shot,knife,,M,,Beaumont,CA,False,attack,Not fleeing,False,-116.969,33.929
4523,09-08-19,shot,machete,52.0,M,H,Garland,TX,False,attack,Not fleeing,False,-96.57700000000001,32.848
4524,09-08-19,shot,gun and vehicle,37.0,M,H,Kansas City,MO,False,attack,Foot,False,-94.63,39.095
4525,09-08-19,shot,toy weapon,62.0,M,,Montpelier,VT,True,attack,Not fleeing,False,-72.57300000000001,44.263999999999996
4526,10-08-19,shot,knife,57.0,M,,Bradley County,TN,False,attack,Not fleeing,False,-84.87100000000001,35.122
4527,10-08-19,shot,gun,45.0,M,W,Augusta,GA,False,attack,Car,False,,
4528,11-08-19,shot,gun,46.0,M,,Fort Worth,TX,False,attack,Not fleeing,False,-97.23,32.756
4529,12-08-19,shot,gun,49.0,M,W,Riverside,CA,False,attack,Not fleeing,False,-117.29799999999999,33.931
4530,12-08-19,shot,gun,38.0,M,W,Chetopa,KS,False,attack,Not fleeing,False,,
4531,13-08-19,shot,unarmed,31.0,M,W,Joplin,MO,True,attack,Not fleeing,False,,
4532,13-08-19,shot,gun,51.0,M,B,Clinton,TN,True,attack,Not fleeing,False,-84.14399999999999,36.104
4533,13-08-19,shot,gun,,M,W,Louisville,KY,False,attack,Not fleeing,False,-85.796,38.242
4534,13-08-19,shot,gun,51.0,M,B,Kansas City,KS,False,attack,Not fleeing,False,-94.834,39.124
4535,13-08-19,shot,vehicle,20.0,M,W,Ramseur,NC,False,attack,Car,False,,
4536,14-08-19,shot,gun,37.0,M,,Belton,SC,False,other,Not fleeing,False,-82.443,34.491
4537,14-08-19,shot,gun,49.0,M,,Formosa,AR,False,attack,Not fleeing,False,-92.506,35.482
4538,15-08-19,shot,gun,31.0,F,H,Denver,CO,False,attack,Foot,False,-105.038,39.739000000000004
4539,16-08-19,shot,knife,26.0,M,H,Ogden,UT,False,attack,Not fleeing,True,,
4540,16-08-19,shot,gun,,M,,Spokane Valley,WA,False,attack,Car,False,,
4541,17-08-19,shot,gun,25.0,M,B,Gary,IN,False,undetermined,Not fleeing,False,-87.32,41.577
4542,17-08-19,shot,gun,,M,B,Newport News,VA,False,attack,Car,False,-76.395,37.044000000000004
4543,17-08-19,shot,gun,62.0,M,W,Springville,IN,False,attack,Not fleeing,False,-86.573,38.91
4544,17-08-19,shot,gun,27.0,M,B,Dallas,TX,False,attack,Car,True,-96.749,32.774
4545,18-08-19,shot,gun,33.0,M,H,Los Angeles,CA,False,attack,Foot,True,-118.175,34.071999999999996
4546,18-08-19,shot,sharp object,38.0,M,,Caledonia,WI,False,attack,Not fleeing,False,-87.92399999999999,42.808
4547,19-08-19,shot,gun,69.0,M,,Las Vegas,NV,False,attack,Car,False,-114.572,35.163000000000004
4548,19-08-19,shot,gun,39.0,M,H,Los Angeles,CA,False,attack,Foot,False,-118.41799999999999,34.236
4549,19-08-19,shot,vehicle,,M,,Fullerton,CA,False,attack,Car,True,-117.96799999999999,33.876
4550,21-08-19,shot,gun,18.0,M,B,Fort Worth,TX,False,attack,Foot,True,-97.229,32.766
4551,21-08-19,shot,unknown weapon,27.0,M,W,Nicholasville,KY,False,undetermined,Not fleeing,False,-84.575,37.869
4552,21-08-19,shot,undetermined,50.0,M,H,Stanton,CA,False,undetermined,,False,-117.99,33.81
4553,21-08-19,shot,gun,54.0,M,,North Aurora,IL,True,attack,Not fleeing,False,-88.34,41.809
4554,22-08-19,shot,toy weapon,57.0,M,W,Albuquerque,NM,False,attack,Not fleeing,False,-106.529,35.079
4555,22-08-19,shot,undetermined,,M,,Westminster,CA,False,other,Car,False,-117.955,33.745
4556,22-08-19,shot,Taser,29.0,M,B,Dayton,OH,False,attack,Foot,False,-84.23899999999999,39.751999999999995
4557,22-08-19,shot,unarmed,39.0,M,W,Glennville,GA,False,attack,Not fleeing,False,-81.92399999999999,31.949
4558,22-08-19,shot,gun,46.0,M,,Hobbs,NM,False,attack,Not fleeing,False,-103.12799999999999,32.704
4559,23-08-19,shot,unarmed,31.0,M,W,West Valley City,UT,False,other,Not fleeing,True,-111.958,40.694
4560,23-08-19,shot,knife,34.0,M,W,Cottage Grove,OR,False,other,Not fleeing,False,-122.884,43.738
4561,24-08-19,shot,shovel,52.0,M,H,El Cerrito,CA,True,attack,Not fleeing,True,-117.073,32.758
4562,26-08-19,shot,unarmed,33.0,M,B,Knoxville,TN,False,attack,Not fleeing,False,-83.986,36.001
4563,26-08-19,shot,gun,,M,,Anchorage,AK,True,attack,Not fleeing,False,-149.911,61.148999999999994
4564,27-08-19,shot,gun,37.0,M,B,Helena,AR,False,attack,,False,-90.655,34.545
4565,27-08-19,shot,gun,67.0,M,,Stockton,CA,False,attack,Not fleeing,False,-121.26100000000001,37.98
4566,27-08-19,shot,gun,52.0,M,B,Baton Rouge,LA,True,attack,Car,False,-91.15,30.495
4567,28-08-19,shot,knife,62.0,M,B,Gordo,AL,True,other,,False,-87.90799999999999,33.318000000000005
4568,28-08-19,shot,gun and car,30.0,M,B,Baltimore,MD,False,attack,Car,False,-76.597,39.292
4569,28-08-19,shot,knife,28.0,M,W,Salina,KS,False,other,Not fleeing,False,-97.62700000000001,38.809
4570,29-08-19,shot,gun,16.0,M,,Carlsbad,NM,False,attack,Not fleeing,False,-104.25200000000001,32.427
4571,30-08-19,shot,gun,,M,,Jamaica,NY,False,attack,Not fleeing,False,-73.794,40.691
4572,30-08-19,shot,gun,,M,,New York,NY,False,attack,Foot,False,-73.794,40.691
4573,30-08-19,shot,gun and vehicle,51.0,M,H,Tolleson,AZ,False,attack,Other,False,-112.238,33.452
4574,30-08-19,shot,gun,35.0,M,,Wilmington,DE,False,attack,Not fleeing,False,-75.53699999999999,39.758
4575,31-08-19,shot,gun,23.0,M,B,St. Louis,MO,False,other,Foot,False,-90.34700000000001,38.638000000000005
4576,31-08-19,shot,gun,,M,,Wake County,NC,False,attack,Foot,False,-78.69,35.665
4577,31-08-19,shot,hammer,23.0,M,,Brooklyn Center,MN,False,other,Not fleeing,True,-93.333,45.062
4578,31-08-19,shot,vehicle,47.0,M,,Florence,MS,False,other,Car,False,-90.109,32.147
4579,31-08-19,shot,gun,36.0,M,W,Odessa,TX,True,attack,Car,False,-102.37899999999999,31.884
4580,31-08-19,shot,gun,37.0,M,H,Denver,CO,False,attack,Not fleeing,False,-105.01,39.757
4581,01-09-19,shot,vehicle,49.0,M,W,Sand Springs,OK,False,attack,Car,True,-96.155,36.076
4582,01-09-19,shot,gun,49.0,M,W,Caldwell,ID,False,attack,Not fleeing,False,-116.708,43.61
4583,02-09-19,shot,gun,,M,,New York,NY,False,attack,Foot,False,-73.919,40.675
4584,02-09-19,shot,grenade,35.0,M,W,Missoula,MT,True,attack,Not fleeing,False,-113.991,46.876999999999995
4585,02-09-19,shot,knife,17.0,M,W,Kerrville,TX,False,other,Not fleeing,False,-99.134,30.053
4586,02-09-19,shot,undetermined,43.0,M,,Silver Springs,NV,False,attack,Not fleeing,False,-119.19200000000001,39.358000000000004
4587,03-09-19,shot,gun,30.0,M,W,Bluff City,TN,False,attack,Car,False,-82.234,36.485
4588,03-09-19,shot,vehicle,34.0,M,H,Kaukauna,WI,False,other,Car,False,-88.26799999999999,44.291000000000004
4589,03-09-19,shot,vehicle,46.0,M,W,Van Wert,OH,True,other,Car,False,-84.601,40.961000000000006
4590,04-09-19,shot,knife,29.0,M,W,Coeur d'Alene,ID,False,attack,Not fleeing,False,-116.801,47.733999999999995
4591,04-09-19,shot,knife,62.0,M,,Victorville,CA,True,other,Not fleeing,False,-117.32700000000001,34.538000000000004
4592,04-09-19,shot,gun,53.0,M,,Rigby,ID,False,attack,Not fleeing,False,-111.825,43.656000000000006
4593,05-09-19,shot,gun,28.0,M,B,St. Louis,MO,False,attack,Not fleeing,False,-90.241,38.65
4594,05-09-19,shot,gun,65.0,M,,LaGrange,GA,False,attack,Not fleeing,False,-85.126,33.055
4595,05-09-19,shot,unarmed,43.0,M,W,East Hartford,CT,False,attack,Not fleeing,False,-72.574,41.745
4596,06-09-19,shot,gun,42.0,M,B,Glendora,CA,False,other,Foot,False,-117.87700000000001,34.129
4597,07-09-19,shot,knife,30.0,M,H,Richfield,MN,True,other,Car,False,,
4598,07-09-19,shot,knife,40.0,M,W,Nacogdoches,TX,False,other,Not fleeing,False,-94.432,31.375
4599,08-09-19,shot,gun,51.0,M,,Longview,WA,True,attack,Not fleeing,False,-122.95,46.123000000000005
4600,08-09-19,shot,toy weapon,24.0,M,B,Tacoma,WA,False,undetermined,Foot,False,-122.40899999999999,47.233000000000004
4601,09-09-19,shot,gun,27.0,M,B,Oklahoma City,OK,False,attack,Other,True,-97.62100000000001,35.595
4602,09-09-19,shot,gun,41.0,M,W,Aberdeen,WA,False,attack,Foot,False,-123.824,46.97
4603,09-09-19,shot,gun and knife,47.0,M,H,Phoenix,AZ,False,attack,Not fleeing,False,-112.15100000000001,33.611
4604,10-09-19,shot,knife,26.0,M,B,Wellington,UT,True,other,Not fleeing,True,-110.719,39.541
4605,11-09-19,shot,gun,20.0,M,W,Burlington,IA,False,attack,Foot,False,-91.11399999999999,40.802
4606,11-09-19,shot,gun,18.0,M,B,Columbus,OH,False,other,Car,False,,
4607,12-09-19,shot,gun,,M,B,Houston,TX,False,attack,Foot,False,-95.36399999999999,29.705
4608,12-09-19,shot,undetermined,29.0,M,W,Independence,MO,False,attack,,False,-94.462,39.078
4609,12-09-19,shot,piece of wood,35.0,M,H,Santa Clarita,CA,False,attack,Not fleeing,False,-118.575,34.439
4610,13-09-19,shot,gun,77.0,M,W,Loyal,WI,False,attack,Not fleeing,False,,
4611,13-09-19,shot,gun,25.0,M,,Bracketville,TX,False,attack,Not fleeing,False,-100.40899999999999,29.328000000000003
4612,14-09-19,shot,toy weapon,31.0,M,B,Arlington,TX,True,attack,Not fleeing,True,-97.103,32.694
4613,14-09-19,shot,unarmed,54.0,M,B,Baton Rouge,LA,False,undetermined,Not fleeing,False,-90.999,30.362
4614,14-09-19,shot,gun,33.0,M,H,Plainview,TX,True,attack,Not fleeing,False,-101.72200000000001,34.192
4615,14-09-19,shot,gun,76.0,M,W,Ooltewah,TN,True,attack,Not fleeing,False,-85.11200000000001,35.063
4616,15-09-19,shot,knife,28.0,M,W,Oklahoma City,OK,True,attack,Not fleeing,True,,
4617,15-09-19,shot,knife,31.0,M,B,St. Paul,MN,False,attack,Not fleeing,True,-93.152,44.958999999999996
4618,15-09-19,shot,gun,,M,,Katy,TX,False,attack,Foot,False,-95.78299999999999,29.801
4619,16-09-19,shot,gun,53.0,M,B,Washington,DC,False,attack,Not fleeing,False,-76.975,38.849000000000004
4620,16-09-19,shot,gun,33.0,M,W,Elizabethon,TN,False,attack,Foot,False,-82.212,36.348
4621,16-09-19,shot,gun,37.0,M,W,Sanger,TX,False,attack,Foot,False,-97.198,33.405
4622,16-09-19,shot,gun,,M,,Houston,TX,False,attack,Foot,False,-95.52799999999999,29.665
4623,17-09-19,shot,hatchet,57.0,F,W,Richmond,VA,True,attack,Not fleeing,True,-77.62,37.643
4624,17-09-19,shot,vehicle,,M,,Milton,FL,False,attack,Car,False,-87.07600000000001,30.605
4625,17-09-19,shot,samurai sword,36.0,M,W,Oceanside,NY,True,attack,Not fleeing,False,-73.973,40.785
4626,17-09-19,shot and Tasered,gun,39.0,M,B,New York,NY,False,attack,Foot,True,-74.083,40.618
4627,18-09-19,shot,gun,43.0,M,W,Salem,OR,False,attack,Not fleeing,False,-123.06,44.94
4628,18-09-19,shot,gun,44.0,M,W,Tallahassee,FL,False,attack,Not fleeing,False,-84.51700000000001,30.434
4629,18-09-19,shot,gun,33.0,M,B,Memphis,TN,False,attack,Not fleeing,False,-90.024,35.075
4630,18-09-19,shot and Tasered,knife,49.0,M,B,Wilkinsburg,PA,False,attack,Not fleeing,False,-79.882,40.442
4631,19-09-19,shot,pellet gun,18.0,M,B,Long Beach,CA,False,attack,Not fleeing,False,-118.134,33.784
4632,19-09-19,shot,unknown weapon,74.0,M,,Soddy Daisy,TN,True,other,Not fleeing,False,-85.15,35.315
4633,20-09-19,shot,gun,21.0,M,W,Gainesville,GA,True,attack,Not fleeing,True,-83.82,34.301
4634,20-09-19,shot,gun,57.0,M,W,Lakewood,CO,False,attack,Not fleeing,False,-105.086,39.708
4635,21-09-19,shot,gun,29.0,M,W,Ada,OK,False,attack,Not fleeing,False,-96.665,34.782
4636,21-09-19,shot,knife,58.0,M,N,Riverton,WY,True,attack,Not fleeing,False,-108.37799999999999,43.043
4637,22-09-19,shot,gun,74.0,M,W,Austin,TX,False,attack,Not fleeing,False,-97.679,30.33
4638,23-09-19,shot,gun,63.0,M,H,Los Angeles,CA,False,other,,False,-118.279,33.782
4639,23-09-19,shot,gun,28.0,M,W,Floyd County,GA,False,attack,Foot,False,-85.102,34.202
4640,23-09-19,shot,unknown weapon,31.0,M,,Lowell,AR,False,other,Not fleeing,False,-94.13799999999999,36.258
4641,24-09-19,shot,gun,41.0,M,,Huntington,WV,False,attack,Not fleeing,False,-82.444,38.415
4642,24-09-19,shot,gun,67.0,M,W,Richlands,NC,False,attack,Car,False,-77.561,34.816
4643,24-09-19,shot,knife,63.0,M,,Sanford,NC,False,other,,False,-79.15,35.465
4644,25-09-19,shot,gun,64.0,M,W,Hartsville,SC,False,attack,Not fleeing,False,-80.087,34.387
4645,25-09-19,shot and Tasered,gun,32.0,M,W,Lacombe,LA,True,attack,Not fleeing,False,-89.94200000000001,30.338
4646,26-09-19,shot,knife,49.0,M,B,Hyattsville,MD,False,attack,Not fleeing,False,-76.954,38.971
4647,26-09-19,shot,gun,28.0,M,W,Lexington County,SC,False,attack,Other,False,-81.334,33.839
4648,26-09-19,shot,vehicle,,M,,La Habra,CA,False,attack,Car,False,-117.93299999999999,33.931999999999995
4649,26-09-19,shot,gun,,M,,Dallas,TX,False,attack,Not fleeing,False,-96.713,32.904
4650,28-09-19,shot,knife,31.0,M,B,Baltimore,MD,False,attack,Foot,False,-76.655,39.498000000000005
4651,28-09-19,shot,gun,,M,,Boston,MA,False,attack,Foot,False,-71.10600000000001,42.321999999999996
4652,29-09-19,shot,toy weapon,20.0,M,W,Monument,CO,True,attack,Not fleeing,False,-104.868,39.092
4653,29-09-19,shot,gun,38.0,M,,Miami,FL,False,attack,,False,-80.39399999999999,25.685
4654,29-09-19,shot,gun,27.0,M,B,New York,NY,False,attack,Not fleeing,True,-73.846,40.885
4655,29-09-19,shot,vehicle,38.0,F,W,Cotter,MO,False,attack,Car,False,-91.758,36.977
4656,29-09-19,shot and Tasered,unarmed,37.0,M,W,Longview,TX,False,attack,Foot,False,-94.713,32.449
4657,30-09-19,shot,gun and car,36.0,M,W,Yucca Valley,CA,False,attack,Car,False,-116.432,34.121
4658,30-09-19,shot and Tasered,knife,35.0,M,H,Gainesville,GA,False,other,Foot,False,-83.83200000000001,34.295
4659,01-10-19,shot,gun,50.0,M,W,Drennen,WV,False,attack,Not fleeing,False,-80.998,38.271
4660,01-10-19,shot,gun,75.0,M,W,Elkton,KY,False,attack,Not fleeing,False,-87.15,36.809
4661,01-10-19,shot,BB gun and vehicle,32.0,M,W,Bridgeview,IL,False,attack,Foot,False,-87.79799999999999,41.70399999999999
4662,01-10-19,shot,gun,34.0,M,W,Rutland,VT,False,attack,Car,False,,
4663,03-10-19,shot,gun,61.0,M,,Grovetown,GA,True,attack,Not fleeing,False,-82.242,33.422
4664,03-10-19,shot,gun,24.0,M,B,Oklahoma City,OK,False,attack,Not fleeing,True,-97.521,35.593
4665,04-10-19,shot,wasp spray,37.0,M,W,Jacksonville,FL,True,attack,Not fleeing,False,-81.639,30.476999999999997
4666,05-10-19,shot,air pistol,33.0,M,W,Carrollton,TX,False,attack,Not fleeing,False,-96.93700000000001,32.995
4667,06-10-19,shot,Airsoft pistol,55.0,M,,Herald,CA,False,other,Not fleeing,False,-121.17200000000001,38.303000000000004
4668,06-10-19,shot,gun,42.0,M,,Maryland Heights,MO,False,attack,Not fleeing,False,-90.44,38.728
4669,06-10-19,shot,knife,37.0,M,H,Los Angeles,CA,True,other,Not fleeing,False,-118.073,33.969
4670,06-10-19,shot,gun,55.0,M,B,Sacramento,CA,False,other,Not fleeing,True,-121.17200000000001,38.303000000000004
4671,07-10-19,shot,knife,31.0,M,W,Kountze,TX,False,other,Not fleeing,False,-94.31299999999999,30.396
4672,07-10-19,shot,gun,54.0,M,W,Tahlequah,OK,True,attack,Not fleeing,True,-94.979,35.904
4673,08-10-19,shot,baton,37.0,M,B,Beaumont,TX,False,attack,Not fleeing,False,-94.12799999999999,30.096999999999998
4674,08-10-19,shot,vehicle,48.0,M,W,Lincoln,NE,False,attack,Not fleeing,False,-96.682,40.741
4675,08-10-19,shot,vehicle,28.0,M,W,Layton,UT,False,attack,Car,False,-111.978,41.078
4676,09-10-19,shot,gun,31.0,M,B,Oklahoma City,OK,False,attack,,True,-97.568,35.513000000000005
4677,10-10-19,shot,vehicle,48.0,M,W,Los Angeles,CA,False,other,Car,False,-118.148,34.711999999999996
4678,10-10-19,shot,gun,58.0,M,W,Farmington,NM,False,attack,Not fleeing,True,-108.17299999999999,36.755
4679,11-10-19,shot,gun,56.0,M,,Tucson,AZ,True,attack,Not fleeing,False,-110.87200000000001,32.211
4680,11-10-19,shot,gun,40.0,M,,Pine Bluff,AR,False,attack,Foot,False,-92.015,34.229
4681,11-10-19,shot,gun,19.0,M,W,Pittsburg,OK,False,attack,Other,False,-95.86399999999999,34.673
4682,12-10-19,shot,unarmed,28.0,F,B,Fort Worth,TX,False,other,Not fleeing,True,,
4683,12-10-19,shot,gun,32.0,M,,Myrtle Beach,SC,False,attack,Not fleeing,True,-78.833,33.742
4684,12-10-19,shot,gun,21.0,M,B,El Monte,CA,False,attack,Foot,False,-118.042,34.071999999999996
4685,12-10-19,shot,machete,57.0,M,H,North Port,FL,False,attack,Not fleeing,False,-82.262,27.054000000000002
4686,13-10-19,shot,gun,17.0,M,H,Glendale,AZ,False,attack,Not fleeing,False,-112.206,33.573
4687,13-10-19,shot,baseball bat,22.0,M,H,Corpus Christi,TX,True,other,Not fleeing,True,-97.413,27.746
4688,13-10-19,shot,gun,26.0,M,H,Buckeye,AZ,False,attack,,False,-112.544,33.421
4689,14-10-19,shot,gun,,M,,Albuquerque,NM,False,attack,Not fleeing,False,-106.557,35.08
4690,14-10-19,shot,unarmed,31.0,M,B,Ethel,LA,True,undetermined,Foot,False,-91.124,30.838
4691,14-10-19,shot,gun,61.0,M,B,High Point,NC,False,attack,Not fleeing,False,-79.985,36.036
4692,14-10-19,shot,knife,54.0,F,W,Athens,GA,False,attack,Not fleeing,True,-83.43799999999999,33.964
4693,15-10-19,shot,gun,28.0,M,W,Jamestown,NC,True,attack,Not fleeing,False,-79.935,35.978
4694,15-10-19,shot,unarmed,30.0,M,W,Hope Ranch,CA,False,other,Not fleeing,False,-119.758,34.411
4695,15-10-19,shot,gun,30.0,M,B,New York,NY,False,attack,Not fleeing,False,-73.99,40.684
4696,15-10-19,shot,gun,28.0,M,W,Wendell,ID,False,other,Car,False,-114.704,42.776
4697,15-10-19,shot,gun,26.0,M,B,Stone Mountain,GA,False,attack,Not fleeing,False,-84.146,33.805
4698,16-10-19,shot,gun,28.0,M,W,Roanoke,VA,False,attack,Other,False,-79.962,37.315
4699,16-10-19,shot,gun,21.0,M,B,Sherman Oaks,CA,False,other,Not fleeing,False,-118.45700000000001,34.172
4700,17-10-19,shot,vehicle,31.0,M,B,New York,NY,False,attack,Not fleeing,False,-73.878,40.882
4701,17-10-19,shot,straight edge razor,27.0,M,W,Oakridge,OR,False,other,Not fleeing,False,-122.479,43.74100000000001
4702,17-10-19,shot,gun,34.0,M,B,Warren,AR,False,attack,Car,False,-92.065,33.613
4703,17-10-19,shot,gun and vehicle,22.0,M,B,Fayette,MS,False,attack,Car,False,-91.061,31.691
4704,18-10-19,shot,vehicle,46.0,M,,St. Joseph County,MI,False,attack,Not fleeing,False,-85.721,41.766000000000005
4705,18-10-19,shot,gun,29.0,M,W,Idaho Falls,ID,True,attack,Not fleeing,False,-111.988,43.477
4706,18-10-19,shot,knife,38.0,M,W,Farmingdale,NJ,False,attack,Not fleeing,False,-74.171,40.196
4707,19-10-19,shot,baseball bat and knife,51.0,M,W,Leesburg,FL,True,other,Not fleeing,False,,
4708,19-10-19,shot,gun,61.0,M,,Easley,SC,False,attack,Not fleeing,False,-82.556,34.986
4709,19-10-19,shot,gun and vehicle,34.0,M,W,Palestine,TX,False,attack,Other,False,-95.76100000000001,31.901999999999997
4710,20-10-19,shot,gun,30.0,M,B,St. Louis,MO,False,attack,Car,False,-90.193,38.646
4711,20-10-19,shot,toy weapon,33.0,F,W,Boise,ID,True,attack,Not fleeing,True,-116.234,43.638999999999996
4712,21-10-19,shot,gun,21.0,M,W,Trotwood,OH,False,attack,Car,False,-84.29299999999999,39.812
4713,21-10-19,shot,gun,39.0,M,W,Hillsboro,OR,False,attack,Not fleeing,False,-122.97399999999999,45.518
4714,21-10-19,shot,gun,37.0,F,H,Henderson,NV,False,attack,Not fleeing,True,-115.119,36.159
4715,21-10-19,shot and Tasered,gun,36.0,M,,Denver,CO,False,attack,Car,False,-105.016,39.729
4716,22-10-19,shot,sharp object,55.0,M,,Carson,CA,False,other,Not fleeing,False,-118.255,33.808
4717,23-10-19,shot,gun,34.0,M,W,Sweetwater,TX,False,attack,Not fleeing,False,,
4718,23-10-19,shot,vehicle,47.0,M,W,El Paso,TX,False,attack,Car,False,-106.469,31.778000000000002
4719,23-10-19,shot,gun,61.0,M,,Spokane,WA,True,attack,Not fleeing,False,-117.361,47.69
4720,23-10-19,shot,gun,29.0,M,B,New York,NY,False,attack,Not fleeing,True,-73.947,40.816
4721,23-10-19,shot,gun,29.0,M,W,Huntington,IN,True,attack,Foot,False,-85.488,40.889
4722,23-10-19,shot,gun,44.0,M,B,Long Beach,CA,False,attack,Not fleeing,True,-118.171,33.875
4723,24-10-19,shot,gun,53.0,M,W,Greenville,NC,False,other,Not fleeing,False,-77.334,35.6
4724,25-10-19,shot,toy weapon,31.0,M,,Lake Lanier,GA,False,attack,Car,False,-83.961,34.259
4725,25-10-19,shot,scissors,45.0,F,W,Bossier City,LA,False,other,Not fleeing,False,-93.713,32.518
4726,25-10-19,shot,vehicle,19.0,M,W,Morristown,TN,False,attack,Not fleeing,False,-83.338,36.175
4727,25-10-19,shot,gun,40.0,M,W,Kansas,OK,False,attack,Not fleeing,False,-87.552,33.902
4728,25-10-19,shot,chair,33.0,M,B,New York,NY,True,attack,Not fleeing,False,-73.906,40.668
4729,25-10-19,shot,gun,,M,,Albuquerque,NM,False,other,Car,False,-106.604,35.109
4730,25-10-19,shot,unknown weapon,,M,,Dalton,GA,False,other,Not fleeing,False,-84.963,34.722
4731,26-10-19,shot,gun,45.0,M,A,Athens,GA,False,attack,Foot,True,-83.324,33.936
4732,26-10-19,shot,baseball bat,,M,,Imperial County,CA,False,other,Foot,False,-115.57,32.927
4733,26-10-19,shot and Tasered,gun,27.0,M,W,Walloon Lake,MI,True,attack,Not fleeing,False,-84.925,45.266999999999996
4734,27-10-19,shot,gun,63.0,M,W,Madison,WI,False,attack,Not fleeing,False,-89.494,43.032
4735,27-10-19,shot,gun,50.0,M,H,Tulsa,OK,False,attack,Not fleeing,True,-95.94,36.177
4736,27-10-19,shot,gun,25.0,M,B,Carmichael,CA,False,attack,Not fleeing,False,-121.33,38.622
4737,27-10-19,shot and Tasered,gun,39.0,M,B,Madison,AL,False,attack,Not fleeing,True,-86.751,34.754
4738,27-10-19,shot and Tasered,crowbar,42.0,M,H,Porterville,CA,True,attack,Not fleeing,False,-118.999,36.062
4739,28-10-19,shot,hammer,25.0,M,W,Evansville,IN,False,attack,Not fleeing,True,-87.50399999999999,37.991
4740,30-10-19,shot,gun,24.0,M,B,Baltimore,MD,False,attack,Not fleeing,True,-76.611,39.371
4741,30-10-19,shot,gun,,M,W,Ona,WV,False,attack,Not fleeing,False,-82.244,38.434
4742,30-10-19,shot,knife,67.0,M,,San Jose,CA,False,other,Not fleeing,False,-121.795,37.236999999999995
4743,30-10-19,shot,gun,,M,A,Fresno,CA,False,other,Not fleeing,False,-119.786,36.605
4744,30-10-19,shot,ax,62.0,M,W,Lancaster,CA,False,other,Not fleeing,False,-118.07600000000001,34.668
4745,31-10-19,shot,gun,34.0,M,W,Bascom,FL,False,attack,Car,False,-85.119,30.928
4746,31-10-19,shot,toy weapon,33.0,M,W,San Jose,CA,True,attack,Not fleeing,True,-121.85,37.365
4747,31-10-19,shot,gun,56.0,M,W,Pearson,GA,False,attack,Not fleeing,False,,
4748,01-11-19,shot,gun,46.0,M,H,Adams County,CO,False,attack,Not fleeing,False,-104.994,39.849000000000004
4749,01-11-19,shot,gun,41.0,M,H,Orlando,FL,False,attack,Not fleeing,False,-81.238,28.554000000000002
4750,01-11-19,shot,gun,38.0,M,H,Odessa,TX,False,attack,Car,False,-102.37200000000001,31.855999999999998
4751,01-11-19,shot,box cutter,22.0,M,H,Alamogordo,NM,False,attack,Not fleeing,False,-105.96799999999999,32.873000000000005
4752,02-11-19,shot,undetermined,42.0,M,W,Dexter,KY,False,attack,,False,,
4753,02-11-19,shot and Tasered,sword,29.0,M,W,Vero Beach,FL,False,attack,Not fleeing,False,-80.422,27.585
4754,03-11-19,shot,knife,56.0,M,W,Parkland,WA,True,other,Not fleeing,True,-122.43799999999999,47.152
4755,03-11-19,shot,gun,32.0,M,B,Phoenix,AZ,False,attack,Not fleeing,False,-112.021,33.4
4756,04-11-19,shot,gun,,M,,Sunland Park,NM,False,attack,Foot,False,-106.56,31.796
4757,04-11-19,shot,sharp object,31.0,M,W,Glendale,AZ,True,attack,Not fleeing,True,-112.152,33.568000000000005
4758,04-11-19,shot,gun,21.0,M,H,Las Cruces,NM,False,attack,,False,-106.75200000000001,32.312
4759,04-11-19,shot,gun,31.0,M,W,Two Rivers,WI,False,other,Not fleeing,False,-87.568,44.146
4760,05-11-19,shot,gun,48.0,M,B,East Cleveland,OH,False,attack,Not fleeing,True,-81.586,41.521
4761,05-11-19,shot,gun,58.0,M,W,Pettis County,MO,False,attack,Not fleeing,False,-93.339,38.689
4762,05-11-19,shot,gun,32.0,M,A,Leon,WI,False,other,Not fleeing,False,-90.82,43.856
4763,05-11-19,shot and Tasered,knife,45.0,M,W,Willis,TX,False,other,Car,False,-95.55,30.451999999999998
4764,06-11-19,shot,gun,37.0,M,B,Tahlequah,OK,False,attack,Not fleeing,False,-94.96700000000001,35.89
4765,06-11-19,shot,undetermined,20.0,M,W,Henryetta,OK,False,undetermined,,False,-95.98100000000001,35.507
4766,06-11-19,shot,gun,34.0,M,H,San Antonio,TX,False,other,,False,-98.634,29.361
4767,06-11-19,shot,gun,31.0,M,B,Fayetteville,NC,False,attack,Not fleeing,False,-78.934,35.032
4768,07-11-19,shot,BB gun,26.0,M,W,Wadsworth,OH,True,attack,,False,-81.729,41.027
4769,07-11-19,shot,gun,32.0,M,B,Louisville,KY,False,attack,,True,-85.805,38.271
4770,07-11-19,shot,gun,66.0,M,W,Conyers,GA,False,attack,Not fleeing,False,-83.98700000000001,33.685
4771,07-11-19,shot,gun,37.0,M,W,Ashtabula Township,OH,False,other,Not fleeing,False,-80.768,41.871
4772,08-11-19,shot,gun,38.0,M,W,Lincolnton,NC,True,attack,Not fleeing,False,-81.202,35.508
4773,09-11-19,shot,gun,29.0,M,,San Jose,CA,False,other,Not fleeing,False,-121.874,37.256
4774,09-11-19,shot,knife,44.0,M,W,Everett,WA,True,other,Not fleeing,False,-122.23200000000001,47.886
4775,09-11-19,shot and Tasered,knife,28.0,M,W,Union County,SC,False,other,Not fleeing,False,-81.558,34.806
4776,11-11-19,shot,gun,22.0,M,W,Lakewood,CO,False,other,Foot,False,-105.06200000000001,39.689
4777,11-11-19,shot,gun,59.0,F,W,Loveland,CO,False,attack,Not fleeing,False,-105.12299999999999,40.414
4778,11-11-19,shot,gun,56.0,M,,Cedar City,UT,False,attack,Not fleeing,False,-113.065,37.664
4779,11-11-19,shot,vehicle,20.0,F,W,Lakeland,FL,False,attack,Not fleeing,False,-82.02799999999999,28.215
4780,12-11-19,shot,gun,39.0,M,W,Oklahoma City,OK,False,attack,,False,-97.70700000000001,35.51
4781,12-11-19,shot,vehicle and gun,30.0,M,O,Honolulu,HI,False,other,Not fleeing,False,-158.077,21.339000000000002
4782,13-11-19,shot,gun,27.0,M,B,Wilson,NC,False,attack,Foot,False,-77.91199999999999,35.72
4783,13-11-19,shot,knife,,M,W,Mandarin,FL,True,undetermined,Not fleeing,True,-81.593,30.178
4784,13-11-19,shot,sword,37.0,M,H,Los Angeles,CA,False,other,Foot,False,-118.244,34.052
4785,14-11-19,shot,screwdriver,52.0,M,W,Beaumont,TX,False,attack,Not fleeing,False,-87.179,30.502
4786,14-11-19,shot,gun,35.0,M,W,Fox Crossing,WI,True,other,Not fleeing,False,-88.494,44.229
4787,15-11-19,shot,gun,33.0,M,B,Charlotte,NC,False,attack,Not fleeing,False,-80.842,35.225
4788,15-11-19,shot,gun,,M,,Westborough,MA,False,other,Not fleeing,False,-71.58800000000001,42.288999999999994
4789,15-11-19,shot,gun,27.0,M,B,Cleveland,OH,False,other,Foot,False,-81.584,41.458999999999996
4790,16-11-19,shot,unknown weapon,,M,,Lake Elsinore,CA,False,other,Not fleeing,False,-117.389,33.695
4791,16-11-19,shot,gun,27.0,M,W,Mesa,AZ,False,attack,Not fleeing,False,-111.85799999999999,33.411
4792,16-11-19,shot,unarmed,41.0,M,W,Alliance,OH,False,attack,Foot,False,-81.146,40.621
4793,18-11-19,shot,gun,28.0,M,B,Franklin County,WA,False,attack,Car,False,-119.177,46.663999999999994
4794,18-11-19,shot,gun,26.0,M,W,Kansas City,MO,False,attack,,False,-94.495,39.162
4795,19-11-19,shot,gun,,M,W,Horn Lake,MS,False,other,Not fleeing,False,-90.079,34.943000000000005
4796,19-11-19,shot,knife,34.0,M,H,Los Angeles,CA,False,other,,False,-118.256,34.016999999999996
4797,19-11-19,shot,gun,34.0,M,W,San Bernardino,CA,False,attack,Not fleeing,False,-116.382,34.135
4798,19-11-19,shot,gun,38.0,M,H,West Kewaunee,WI,False,attack,,False,-87.59899999999999,44.468999999999994
4799,19-11-19,shot,gun,32.0,M,B,Des Plaines,IL,False,attack,Not fleeing,False,-87.895,42.023999999999994
4800,19-11-19,shot and Tasered,knife,50.0,M,H,Preston,ID,True,other,Not fleeing,False,-111.875,42.09
4801,20-11-19,shot,knife,55.0,M,W,Dahlonega,GA,False,other,Not fleeing,False,-84.012,34.592
4802,20-11-19,shot,gun,51.0,M,W,Hampton,GA,False,attack,Not fleeing,False,-84.272,33.385
4803,20-11-19,shot,gun,18.0,M,B,Henderson,NV,False,attack,,True,-115.037,36.056
4804,20-11-19,shot,gun,42.0,F,W,Los Angeles,CA,False,other,Not fleeing,False,-118.665,34.18
4805,22-11-19,shot,vehicle,36.0,M,W,Black Diamond,WA,False,attack,Not fleeing,False,-121.925,47.286
4806,22-11-19,shot,gun,37.0,M,B,Elizabethtown,NC,False,attack,Not fleeing,False,-78.61,34.631
4807,23-11-19,shot,gun,28.0,M,B,Chester,SC,False,attack,Foot,True,-81.219,34.71
4808,23-11-19,shot,toy weapon,24.0,M,H,Pueblo,CO,False,attack,Not fleeing,False,-104.649,38.256
4809,24-11-19,shot,gun,34.0,M,W,Gaines Township,MI,False,attack,Not fleeing,False,-85.54899999999999,42.782
4810,25-11-19,shot,vehicle and machete,22.0,M,B,Los Angeles,CA,False,attack,Foot,True,-118.338,34.098
4811,25-11-19,shot,gun,42.0,M,W,Great Falls,MT,False,other,Not fleeing,False,-111.311,47.519
4812,26-11-19,shot,ice pick,48.0,M,W,Sparks,MD,True,attack,Car,True,-76.641,39.705
4813,26-11-19,shot,gun,51.0,M,W,Greeneville,TN,False,attack,Not fleeing,True,-82.855,36.166
4814,27-11-19,shot,sword,40.0,M,B,Mansfield,OH,False,other,Not fleeing,False,-82.531,40.751
4815,28-11-19,shot,gun,34.0,M,W,Barton County,MO,False,other,Car,False,-94.315,37.475
4816,28-11-19,shot,gun,30.0,M,B,Tampa,FL,False,attack,Other,False,-82.459,28.014
4817,28-11-19,shot,gun and vehicle,31.0,M,W,Jim Thorpe,PA,False,attack,Other,False,,
4818,29-11-19,shot,toy weapon,54.0,M,W,Modesto,CA,False,attack,,True,-121.027,37.664
4819,29-11-19,shot,gun,46.0,M,,Lewes,DE,True,attack,Not fleeing,False,-75.133,38.78
4820,29-11-19,shot,gun,60.0,M,W,Lakeland,FL,True,attack,Not fleeing,False,-81.979,28.129
4821,29-11-19,shot,gun,40.0,M,W,Watkins,CO,False,attack,Car,False,-104.508,39.756
4822,29-11-19,shot,undetermined,,M,W,Eatonville,WA,False,other,Car,False,-122.359,46.908
4823,30-11-19,shot,unarmed,40.0,M,H,Eugene,OR,False,attack,Not fleeing,False,-123.09100000000001,44.091
4824,01-12-19,shot,gun,68.0,M,W,Secaucus,NJ,False,attack,,False,-74.075,40.787
4825,01-12-19,shot,gun,68.0,M,B,Morrow,GA,False,attack,Not fleeing,False,-84.296,33.582
4826,01-12-19,shot,knife,60.0,M,W,Concord,CA,True,attack,Not fleeing,True,-122.039,37.942
4827,01-12-19,shot,gun and vehicle,16.0,M,H,Fort Pierce,FL,False,attack,Other,False,-80.332,27.445
4828,01-12-19,shot,vehicle,25.0,M,W,Plant City,FL,False,attack,Car,False,-82.14399999999999,28.023000000000003
4829,01-12-19,shot and Tasered,"car, knife and mace",20.0,M,W,Hanover Township,PA,False,attack,Car,False,,
4830,02-12-19,shot,gun,21.0,M,B,Daytona Beach,FL,False,attack,Foot,True,-81.06,29.214000000000002
4831,02-12-19,shot,knife,38.0,M,A,Los Angeles,CA,False,other,,False,-118.056,34.065
4832,02-12-19,shot,unarmed,28.0,M,B,Temple,TX,False,undetermined,Not fleeing,False,-97.337,31.061
4833,02-12-19,shot,gun,18.0,M,N,Mesa,AZ,False,attack,Not fleeing,False,-111.788,33.408
4834,03-12-19,shot,gun,,M,W,Ada,OK,False,attack,Not fleeing,False,-96.69,34.773
4835,03-12-19,shot,gun,26.0,M,B,Kansas City,MO,False,other,Not fleeing,False,-94.545,39.062
4836,03-12-19,shot,gun,31.0,M,B,Syracuse,NY,False,attack,Not fleeing,True,-76.173,43.038999999999994
4837,05-12-19,shot,gun,58.0,M,B,Avon,CO,False,attack,Car,False,-106.523,39.637
4838,05-12-19,shot,vehicle,31.0,M,B,Marshall,TX,False,attack,Foot,False,-94.38600000000001,32.538000000000004
4839,05-12-19,shot,gun,41.0,M,B,Miramar,FL,False,attack,Car,False,-80.311,25.979
4840,05-12-19,shot,gun,41.0,M,B,Miramar,FL,False,attack,Car,False,-80.311,25.979
4841,05-12-19,shot,gun,41.0,M,W,San Bernardino,CA,False,other,Foot,False,-117.28,34.068000000000005
4842,06-12-19,shot,gun,23.0,M,W,Westminster,CO,False,other,,False,-105.027,39.863
4843,06-12-19,shot,gun,17.0,M,B,Bentonville,AR,False,other,Not fleeing,False,-94.25399999999999,36.34
4844,07-12-19,shot,gun,35.0,M,W,Fayetteville,AR,False,attack,Not fleeing,False,-94.161,36.061
4845,07-12-19,shot,gun,65.0,M,W,Nokomis,FL,True,attack,Not fleeing,False,-82.455,27.128
4846,08-12-19,shot,knife,51.0,M,W,Portland,OR,True,other,Not fleeing,False,-122.55799999999999,45.519
4847,09-12-19,shot,gun,47.0,M,B,St. Helena Parish,LA,False,other,Not fleeing,False,-90.677,30.802
4848,10-12-19,shot,gun,42.0,M,W,Fort Madison,IA,False,other,,False,-91.37299999999999,40.625
4849,10-12-19,shot,baseball bat,42.0,M,H,Hesperia,CA,False,attack,Not fleeing,False,-117.336,34.442
4850,10-12-19,shot,gun,31.0,M,B,Andrews,SC,False,attack,,False,-79.55,33.454
4851,10-12-19,shot,gun,23.0,M,B,Beloit,WI,False,other,Car,False,-89.025,42.523
4852,10-12-19,shot,gun,50.0,F,B,Jersey City,NJ,False,attack,Not fleeing,False,-74.084,40.707
4853,10-12-19,shot,gun,47.0,M,B,Jersey City,NJ,False,attack,Not fleeing,False,-74.084,40.707
4854,10-12-19,shot,gun,66.0,M,W,Semmes,AL,True,attack,Not fleeing,False,-88.26700000000001,30.834
4855,10-12-19,shot and Tasered,hatchet,55.0,M,W,Arietta,NY,True,attack,,False,-74.55,43.42
4856,11-12-19,shot,gun,68.0,M,W,Nelson Township,PA,True,attack,Not fleeing,False,-77.265,41.988
4857,11-12-19,shot,unarmed,31.0,M,W,League City,TX,False,attack,Not fleeing,False,-95.109,29.456
4858,12-12-19,shot,gun,24.0,M,B,St. Louis,MO,False,other,Foot,False,-90.24600000000001,38.564
4859,12-12-19,shot,knife,30.0,M,W,Washita County,OK,False,attack,Car,False,-98.976,35.326
4860,12-12-19,shot,gun,34.0,M,B,Anaheim,CA,False,other,Not fleeing,True,-117.90299999999999,33.838
4861,12-12-19,shot,gun,23.0,M,W,Ozark,AL,True,attack,Not fleeing,False,-85.64399999999999,31.454
4862,12-12-19,shot,toy weapon,43.0,M,W,Renton,WA,False,other,Not fleeing,False,-122.186,47.452
4863,12-12-19,shot,knife,22.0,M,B,Tampa,FL,False,attack,Not fleeing,False,-82.402,28.021
4864,12-12-19,shot and Tasered,knife,43.0,M,,Orange,CA,True,other,Not fleeing,True,-117.78,33.824
4865,14-12-19,shot,gun and car,22.0,M,B,Jacksonville,FL,False,attack,Car,True,-81.633,30.357
4866,14-12-19,shot,gun,42.0,M,W,Tucson,AZ,False,attack,Not fleeing,False,-110.969,32.269
4867,14-12-19,shot,gun,65.0,M,B,Redford Township,MI,False,attack,Not fleeing,False,-83.29700000000001,42.394
4868,14-12-19,shot,knife,18.0,M,H,Pasco,WA,False,attack,Not fleeing,False,-119.11200000000001,46.245
4869,15-12-19,shot,gun,23.0,M,W,Milwaukee,WI,False,attack,Car,False,-87.971,43.105
4870,15-12-19,shot,gun,52.0,M,A,Minneapolis,MN,False,attack,Not fleeing,True,-93.31299999999999,45.012
4871,15-12-19,shot,gun,40.0,M,O,Akron,OH,True,other,Foot,False,-81.467,41.096000000000004
4872,15-12-19,shot,gun,27.0,M,H,Brownsville,TX,False,attack,Not fleeing,False,-97.538,25.935
4873,16-12-19,shot,gun,34.0,M,O,Kalihi,HI,False,attack,Foot,False,-157.882,21.335
4874,16-12-19,shot,gun,25.0,M,H,Los Angeles,CA,False,attack,Foot,False,-118.19200000000001,34.032
4875,16-12-19,shot,undetermined,28.0,M,H,San Bernardino,CA,False,undetermined,Car,False,-117.334,34.162
4876,17-12-19,shot,gun,,M,W,Wilmington,NC,False,attack,Not fleeing,False,-77.848,34.282
4877,17-12-19,shot,gun,27.0,M,W,Fort Walton Beach,FL,False,attack,Car,False,-86.62100000000001,30.464000000000002
4878,17-12-19,shot,gun,41.0,M,W,Great Falls,MT,False,attack,Foot,False,-111.26299999999999,47.497
4879,17-12-19,shot,gun,63.0,M,,El Paso,TX,False,attack,,False,-106.441,31.916
4880,17-12-19,shot and Tasered,knife,27.0,M,O,Honolulu,HI,False,attack,,True,-158.11,21.302
4881,18-12-19,shot,gun,29.0,M,,Tulsa,OK,False,attack,Not fleeing,False,-96.007,36.13
4882,19-12-19,shot,knife,38.0,M,W,Smith County,TN,False,other,,False,-85.995,36.257
4883,19-12-19,shot,knife,29.0,M,W,Davis,CA,True,attack,Not fleeing,True,-121.75200000000001,38.571999999999996
4884,19-12-19,shot,unknown weapon,47.0,M,W,Lakewood,CO,True,attack,Not fleeing,False,-105.14200000000001,39.751999999999995
4885,19-12-19,shot,gun,28.0,M,B,Lenoir,NC,False,attack,Foot,False,-81.505,35.86
4886,19-12-19,shot,gun,38.0,M,W,Eustis,FL,False,attack,Foot,False,-81.685,28.853
4887,19-12-19,shot and Tasered,gun,21.0,M,B,Brentwood,NY,False,attack,Foot,False,-73.238,40.783
4888,20-12-19,shot,gun,44.0,M,W,Randolph County,IN,False,attack,Not fleeing,False,-84.949,40.049
4889,20-12-19,shot,gun,61.0,M,B,Winston-Salem,NC,False,attack,Not fleeing,False,-80.214,36.093
4890,20-12-19,shot and Tasered,Taser,25.0,M,B,Tempe,AZ,False,attack,Not fleeing,False,-111.926,33.434
4891,21-12-19,shot,gun,40.0,M,W,Emery County,UT,False,attack,Car,False,-110.712,39.074
4892,21-12-19,shot,shovel,26.0,M,W,Carroll County,GA,False,attack,Foot,False,-85.09299999999999,33.618
4893,21-12-19,shot,knife,57.0,M,W,Ithaca,NY,True,attack,Not fleeing,False,-76.498,42.437
4894,21-12-19,shot,gun,57.0,M,W,Evansville,IN,True,other,Not fleeing,False,-87.571,37.972
4895,22-12-19,shot,gun,24.0,M,B,Wilkinsburg,PA,False,attack,Foot,False,-79.882,40.442
4896,22-12-19,shot,gun,34.0,M,,Redding,CA,False,attack,Not fleeing,False,-122.387,40.577
4897,22-12-19,shot,unknown weapon,46.0,M,B,Hattiesburg,MS,False,other,Other,False,-89.37799999999999,31.320999999999998
4898,23-12-19,shot,gun and vehicle,38.0,M,H,Phoenix,AZ,False,attack,Car,False,-112.226,33.476
4899,23-12-19,shot,gun,24.0,M,W,Bryant,AR,True,attack,Not fleeing,False,-92.52600000000001,34.604
4900,23-12-19,shot,gun,34.0,M,H,San Antonio,TX,False,other,Car,False,-98.50399999999999,29.386999999999997
4901,24-12-19,shot,gun,65.0,M,W,Deltona,FL,True,attack,Not fleeing,True,-81.27,28.89
4902,24-12-19,shot,gun,60.0,M,B,Oklahoma City,OK,False,attack,Car,False,-97.477,35.491
4903,24-12-19,shot,gun,56.0,M,,Springfield,MO,False,other,Not fleeing,False,-93.27,37.044000000000004
4904,25-12-19,shot,toy weapon,59.0,F,W,Ocala,FL,True,attack,Not fleeing,False,-82.251,29.180999999999997
4905,25-12-19,shot,vehicle,23.0,M,B,Atlanta,GA,False,attack,Car,False,-84.509,33.632
4906,26-12-19,shot,unknown weapon,35.0,M,B,Memphis,TN,False,other,,False,-90.0,35.224000000000004
4907,26-12-19,shot,gun,35.0,M,H,Auburndale,FL,True,attack,Not fleeing,False,-81.78,28.066
4908,27-12-19,shot,gun and knife,16.0,M,H,Limerick,ME,False,other,,False,-70.791,43.693999999999996
4909,27-12-19,shot,gun,,M,W,Linthicum,MD,True,attack,Not fleeing,False,-76.67699999999999,39.216
4910,27-12-19,shot,undetermined,42.0,M,W,South Ogden,UT,False,undetermined,Car,False,-111.979,41.192
4911,27-12-19,shot and Tasered,Taser,43.0,M,W,Newport News,VA,False,attack,Not fleeing,False,-76.47,37.08
4912,28-12-19,shot,gun,52.0,M,W,Houston,TX,False,other,Foot,False,-95.391,29.718000000000004
4913,28-12-19,shot,unknown weapon,31.0,M,W,Elizabethton,TN,False,attack,Not fleeing,False,-82.214,36.347
4914,28-12-19,shot,unknown weapon,27.0,M,H,Bakersfield,CA,False,attack,Not fleeing,False,-118.985,35.395
4915,28-12-19,shot,knife,31.0,M,W,Lancaster,OH,True,attack,Not fleeing,True,-82.569,39.736999999999995
4916,28-12-19,shot,knife,34.0,M,W,Clearlake Oaks,CA,False,attack,Foot,False,-122.665,39.028
4917,29-12-19,shot,gun,76.0,M,,DeSoto County,MS,True,attack,,False,,
4918,29-12-19,shot,gun,29.0,M,W,Rapid City,SD,True,attack,Not fleeing,False,-103.20299999999999,44.04600000000001
4919,29-12-19,shot,chain,34.0,M,W,Juneau,AK,False,other,Not fleeing,False,-134.582,58.381
4920,29-12-19,shot,knife,,M,H,El Centro,CA,False,other,Not fleeing,False,-115.57,32.793
4921,30-12-19,shot,gun,18.0,M,B,Houston,TX,False,attack,Other,False,-95.336,29.675
4922,30-12-19,shot,vehicle,51.0,F,W,Wichita,KS,False,attack,Car,False,-97.226,37.657
4923,30-12-19,shot,vehicle,25.0,M,W,Fulton,MO,False,attack,Car,False,-91.96,38.85
4924,31-12-19,shot,knife,28.0,M,W,Globe,AZ,False,other,Not fleeing,False,,
4925,31-12-19,shot,vehicle,37.0,M,B,Chesterfield,MO,False,attack,Car,False,-90.661,38.677
4926,31-12-19,shot,gun,,M,B,Forrest City,AR,False,attack,,False,-90.79,35.033
4927,31-12-19,shot,gun,23.0,M,B,Federal Way,WA,False,attack,Not fleeing,False,-122.316,47.321999999999996
4928,31-12-19,shot,gun,57.0,M,B,Omaha,NE,False,attack,Not fleeing,True,-95.947,41.292
4929,31-12-19,shot,gun,49.0,M,W,Cross Lanes,WV,False,attack,Foot,False,-81.791,38.42
4930,01-01-20,shot,gun,24.0,M,W,Richmond County,VA,False,other,Not fleeing,False,-76.875,38.1
4931,01-01-20,shot,gun,29.0,M,W,Central Point,OR,True,attack,Not fleeing,True,-122.993,42.418
4932,01-01-20,shot,knife,20.0,M,O,Denver,CO,False,attack,Not fleeing,True,-105.03,39.7
4933,01-01-20,shot and Tasered,toy weapon,25.0,M,W,Grass Valley,CA,True,attack,Not fleeing,False,-121.061,39.219
4934,02-01-20,shot,gun,26.0,M,W,Holt,MO,False,attack,Car,False,-94.345,39.404
4935,02-01-20,shot,gun,69.0,M,W,Hillsboro,OR,True,attack,Not fleeing,False,-122.87,45.521
4936,02-01-20,shot,vehicle,26.0,M,B,North Las Vegas,NV,False,attack,Car,True,-115.18799999999999,36.24
4937,02-01-20,shot,gun,41.0,M,W,Murrieta,CA,False,attack,Car,True,-117.23200000000001,33.582
4938,02-01-20,shot,gun,31.0,M,H,Chicago,IL,False,attack,Foot,False,-87.777,41.918
4939,02-01-20,shot and Tasered,knife,30.0,M,H,Ansonia,CT,False,attack,Not fleeing,True,-73.07,41.343999999999994
4940,04-01-20,shot and Tasered,knife,25.0,M,B,Chicago,IL,False,other,Not fleeing,False,-87.561,41.751999999999995
4941,05-01-20,shot,gun,57.0,M,W,Elkmont,AL,False,attack,Not fleeing,False,-87.1,34.882
4942,05-01-20,shot,gun,17.0,M,B,Jacksonville,FL,False,attack,Car,False,-81.687,30.372
4943,05-01-20,shot,knife,27.0,M,B,Milford,DE,True,other,Not fleeing,False,-75.438,38.917
4944,05-01-20,shot,gun,30.0,M,H,Lubbock,TX,False,attack,Foot,False,-101.902,33.509
4945,05-01-20,shot,gun,18.0,M,B,Sparks,NV,True,other,Car,False,-119.762,39.556
4946,05-01-20,shot and Tasered,knife,50.0,M,W,Oklahoma City,OK,False,other,Not fleeing,False,-97.601,35.464
4947,06-01-20,shot,gun,21.0,M,W,Asheboro,NC,False,attack,Car,False,-79.757,35.628
4948,06-01-20,shot,gun,28.0,M,H,Phoenix,AZ,False,attack,Foot,False,-112.075,33.445
4949,06-01-20,shot,gun,28.0,M,H,Albuquerque,NM,False,other,Not fleeing,False,-106.565,35.075
4950,06-01-20,shot,gun,25.0,M,W,Aurora,CO,False,other,Car,True,-104.831,39.675
4951,06-01-20,shot,toy weapon,33.0,M,A,Honolulu,HI,False,other,Not fleeing,False,,
4952,07-01-20,shot,gun,59.0,M,W,North Pole,AK,False,attack,Not fleeing,False,,
4953,08-01-20,shot,gun,34.0,M,W,Bismarck,MO,False,attack,Not fleeing,False,-90.62700000000001,37.775999999999996
4954,08-01-20,shot,gun,27.0,M,,Nipton,CA,True,attack,Car,False,,
4955,09-01-20,shot,gun,37.0,M,B,New York,NY,False,attack,Foot,True,-73.984,40.726
4956,09-01-20,shot,gun,30.0,M,W,Bismarck,ND,True,attack,Not fleeing,False,,
4957,09-01-20,shot,gun,41.0,M,W,Powatan Point,OH,False,other,Car,False,,
4958,09-01-20,shot,gun,47.0,M,B,Philadelphia,PA,True,attack,Not fleeing,False,-75.082,40.013000000000005
4959,09-01-20,shot and Tasered,hammer,34.0,M,W,Semmes,AL,True,attack,Not fleeing,False,-88.229,30.761999999999997
4960,10-01-20,shot,vehicle,24.0,M,H,Muscoy,CA,False,attack,Car,False,-117.351,34.150999999999996
4961,10-01-20,shot and Tasered,unarmed,25.0,M,A,Spokane,WA,False,other,Car,False,-117.42200000000001,47.72
4962,11-01-20,shot,unknown weapon,,M,W,Glenwood Springs,CO,False,other,Car,False,-107.324,39.549
4963,11-01-20,shot,gun,47.0,M,B,Bainbridge,GA,False,attack,Not fleeing,False,,
4964,11-01-20,shot and Tasered,knife,49.0,M,B,Miami Beach,FL,True,attack,,False,-80.131,25.78
4965,12-01-20,shot,toy weapon,31.0,M,H,Los Angeles,CA,True,attack,,False,-118.414,34.008
4966,12-01-20,shot,gun,47.0,M,W,Carthage,MO,False,attack,Car,False,-94.31,37.146
4967,12-01-20,shot,gun,52.0,M,W,Lakewood,CO,False,other,Not fleeing,False,-105.113,39.785
4968,13-01-20,shot,gun,29.0,M,B,Gary,IN,False,attack,Not fleeing,False,-87.368,41.597
4969,13-01-20,shot,vehicle,45.0,M,W,San Antonio,TX,False,attack,Not fleeing,False,-98.404,29.288
4970,14-01-20,shot,knife,51.0,M,H,The Villages,FL,False,attack,Not fleeing,False,-82.01,28.980999999999998
4971,15-01-20,shot,knife,55.0,M,B,Cocoa,FL,False,attack,Not fleeing,True,-80.743,28.359
4972,15-01-20,shot,gun,35.0,M,W,Missoula,MT,False,other,Not fleeing,False,-114.01700000000001,46.885
4973,15-01-20,shot,gun,50.0,M,W,Fleetwood,NC,False,attack,Not fleeing,False,-81.531,36.344
4974,15-01-20,shot,gun,31.0,M,W,Mulberry,FL,False,other,Not fleeing,False,,
4975,15-01-20,shot and Tasered,chair,47.0,M,B,Lawrenceville,GA,False,attack,Not fleeing,False,-83.994,33.935
4976,16-01-20,shot,gun,35.0,M,W,Wausau,WI,False,attack,,False,-89.65100000000001,44.983000000000004
4977,16-01-20,shot,gun,66.0,M,W,Yerington,NV,False,other,Not fleeing,False,-119.163,38.986
4978,16-01-20,shot and Tasered,knife,19.0,M,B,West Haven,CT,False,other,Car,True,-72.953,41.277
4979,17-01-20,shot,undetermined,19.0,M,B,Powder Springs,GA,False,undetermined,Car,False,-84.70100000000001,33.921
4980,19-01-20,shot,unknown weapon,43.0,M,W,Sebring,FL,False,undetermined,Not fleeing,False,-81.51,27.42
4981,20-01-20,shot,gun,57.0,M,W,Waterbury,CT,False,attack,Not fleeing,False,-72.995,41.545
4982,20-01-20,shot,gun,31.0,M,H,Fountain Valley,CA,False,other,Foot,False,-117.95,33.714
4983,20-01-20,shot,machete,41.0,M,W,Sedona,AZ,True,other,Not fleeing,False,-111.766,34.857
4984,20-01-20,shot,gun,39.0,M,W,Lafayette,IN,False,other,Not fleeing,False,-86.87100000000001,40.402
4985,21-01-20,shot,gun,24.0,M,W,Atkins,AR,False,attack,Foot,False,,
4986,21-01-20,shot,gun,20.0,M,B,Jacksonville,FL,False,other,Foot,False,-81.658,30.443
4987,21-01-20,shot,gun,32.0,M,W,Fox Crossing,WI,False,other,Not fleeing,False,-88.41799999999999,44.243
4988,21-01-20,shot and Tasered,meat cleaver,22.0,M,B,Denton,TX,True,attack,Not fleeing,False,-97.132,33.199
4989,21-01-20,shot and Tasered,knife,60.0,M,A,Lacey,WA,False,attack,Not fleeing,False,-122.76799999999999,47.038000000000004
4990,22-01-20,shot,knife,40.0,M,W,Arvada,CO,False,other,Not fleeing,False,-105.07,39.798
4991,22-01-20,shot,gun,37.0,M,H,Mesa,AZ,False,attack,,False,-111.84899999999999,33.393
4992,22-01-20,shot,undetermined,34.0,M,W,Moore,OK,False,other,Car,False,-97.50200000000001,35.363
4993,23-01-20,shot,gun,22.0,M,B,Savannah,GA,False,other,Foot,False,-81.089,32.056999999999995
4994,23-01-20,shot,knife,30.0,M,W,Paris,TX,False,other,,False,-95.554,33.657
4995,23-01-20,shot,gun,26.0,M,W,Wasilla,AK,False,attack,Car,False,,
4996,23-01-20,shot,gun,29.0,M,B,St. Petersburg,FL,False,attack,Car,False,,
4997,23-01-20,shot,vehicle,32.0,M,B,Atlanta,GA,False,attack,Car,False,-84.344,33.75
4998,23-01-20,shot,vehicle,32.0,M,B,Bloomingdale,NJ,False,attack,Car,False,-74.331,41.006
4999,24-01-20,shot,gun,27.0,M,W,San Angelo,TX,False,attack,Other,False,-100.462,31.463
5000,24-01-20,shot,gun,31.0,M,H,Oak Park,CA,False,attack,Foot,True,-117.08,32.736
5001,24-01-20,shot,gun,35.0,F,W,Coden,AL,True,attack,Not fleeing,False,-88.169,30.464000000000002
5002,25-01-20,shot,gun,19.0,M,B,Aurora,CO,False,other,Car,False,-104.791,39.754
5003,25-01-20,shot,gun,34.0,M,B,Columbus,OH,False,other,Foot,False,-83.02600000000001,39.989000000000004
5004,27-01-20,shot,vehicle,32.0,M,W,Chandler,AZ,False,attack,Car,False,,
5005,27-01-20,shot,unarmed,43.0,M,B,Temple Hills,MD,False,attack,Not fleeing,False,-76.962,38.815
5006,27-01-20,shot,gun,22.0,M,B,Aiken,SC,False,attack,Not fleeing,False,,
5007,27-01-20,shot,gun,43.0,M,W,Lexington Park,MD,True,attack,Not fleeing,False,-76.404,38.213
5008,28-01-20,shot,knife,27.0,M,W,Scottsdale,AZ,True,attack,Not fleeing,False,-111.926,33.488
5009,28-01-20,shot,gun,39.0,M,H,Tuscson,AZ,False,attack,Not fleeing,False,-110.99799999999999,32.178000000000004
5010,28-01-20,shot,vehicle,37.0,M,W,Shelby Gap,KY,False,attack,Not fleeing,False,-82.566,37.233000000000004
5011,29-01-20,shot,unarmed,20.0,M,B,Graham,NC,False,attack,Foot,False,-79.38600000000001,36.078
5012,29-01-20,shot,gun,34.0,M,W,Deposit,NY,True,attack,Not fleeing,False,-75.385,42.1
5013,29-01-20,shot,gun,32.0,M,W,Kasilof,AK,False,attack,Foot,False,-151.38,60.325
5014,30-01-20,shot,gun,41.0,M,W,Hockingport,OH,False,attack,Not fleeing,False,-81.744,39.191
5015,30-01-20,shot,gun,15.0,M,B,Columbus,OH,False,attack,Not fleeing,False,-82.913,39.972
5016,30-01-20,shot,toy weapon,52.0,M,B,Raleigh,NC,True,attack,Foot,True,-78.707,35.861
5017,30-01-20,shot,gun,29.0,M,,Kansas City,MO,False,attack,Foot,False,-94.54700000000001,39.003
5018,01-02-20,shot,vehicle,53.0,M,B,Gulfport,MS,False,other,Not fleeing,False,-89.054,30.383000000000003
5019,01-02-20,shot,gun,24.0,M,W,Spring Hill,FL,False,attack,Not fleeing,False,-82.48700000000001,28.500999999999998
5020,01-02-20,shot,gun,41.0,M,B,Fort Myers,FL,False,attack,Not fleeing,False,-81.862,26.615
5021,02-02-20,shot,gun,17.0,M,B,Wauwatosa,WI,False,attack,Foot,False,-88.045,43.06399999999999
5022,02-02-20,shot,vehicle and gun,44.0,M,W,Minot,ME,True,attack,Foot,False,-70.33,44.088
5023,02-02-20,shot,knife,63.0,M,,Yuma,AZ,False,other,Not fleeing,False,-114.48700000000001,32.743
5024,03-02-20,shot,gun,56.0,M,B,Millcreek,UT,False,other,Not fleeing,False,-111.82,40.696
5025,04-02-20,shot,meat cleaver,23.0,M,B,Denton,TX,True,other,Not fleeing,True,-97.132,33.199
5026,04-02-20,shot,gun,32.0,M,W,Allen,OK,False,attack,Foot,False,-96.41799999999999,34.875
5027,04-02-20,shot,machete,26.0,M,B,Home Garden,CA,True,attack,Not fleeing,False,-119.635,36.299
5028,04-02-20,shot,knife,41.0,M,W,Ono,CA,True,other,Car,False,-122.57,40.484
5029,05-02-20,shot,knife,56.0,M,W,Washoe,NV,False,other,Not fleeing,False,-119.79899999999999,39.548
5030,05-02-20,shot,vehicle,33.0,M,H,Topeka,KS,False,attack,Car,False,-95.669,39.05
5031,06-02-20,shot,gun,37.0,M,W,Port Charlotte,FL,False,attack,Car,False,-82.146,27.013
5032,07-02-20,shot,toy weapon,41.0,M,W,Brookline,MA,True,attack,Car,False,,
5033,07-02-20,shot,knife,38.0,M,W,Sapulpa,OK,True,other,Not fleeing,False,-96.10700000000001,35.975
5034,07-02-20,shot,gun,32.0,M,,Kansas City,MO,False,attack,Not fleeing,False,-94.546,39.103
5035,08-02-20,shot,gun,67.0,M,W,Vestavia Hills,AL,False,attack,Not fleeing,False,-86.7,33.488
5036,08-02-20,shot,gun,46.0,M,W,Cuba,MO,False,attack,Not fleeing,False,,
5037,09-02-20,shot,gun,45.0,M,W,Kennewick,WA,False,attack,Foot,False,-119.126,46.218
5038,09-02-20,shot,knife,23.0,M,,Orange County,FL,False,other,Not fleeing,False,-81.156,28.565
5039,09-02-20,shot,knife,48.0,M,W,Saginaw,MI,False,attack,Not fleeing,False,-83.936,43.41
5040,09-02-20,shot,gun,31.0,M,B,Chicago,IL,False,attack,Foot,False,-87.669,41.946999999999996
5041,09-02-20,shot,gun,47.0,M,W,Byron,GA,False,attack,Not fleeing,False,-83.721,32.647
5042,10-02-20,shot,gun,40.0,M,B,Forrest City,AR,False,attack,Not fleeing,False,-90.795,35.03
5043,10-02-20,shot,gun,40.0,M,W,Lafayette,LA,False,other,Not fleeing,False,-92.027,30.179000000000002
5044,10-02-20,shot,gun,34.0,M,W,Albertville,AL,False,attack,Other,True,-86.27799999999999,34.221
5045,12-02-20,shot,gun,51.0,M,N,Virginia Beach,VA,False,attack,Not fleeing,False,-75.99,36.775999999999996
5046,12-02-20,shot,gun,33.0,M,W,Baltimore,MD,False,attack,Not fleeing,False,-76.54899999999999,39.321999999999996
5047,13-02-20,shot,scissors,25.0,M,N,Dickinson,ND,False,attack,Not fleeing,False,-102.786,46.882
5048,13-02-20,shot,undetermined,42.0,M,W,Bossier City,LA,False,other,Not fleeing,True,,
5049,13-02-20,shot,gun,41.0,M,W,Salt Lake City,UT,False,other,Foot,False,-111.88,40.763000000000005
5050,13-02-20,shot,gun,19.0,M,H,Amarillo,TX,False,attack,Not fleeing,False,-101.829,35.227
5051,13-02-20,shot,undetermined,37.0,M,H,Sparks,NV,False,undetermined,Not fleeing,False,-119.71600000000001,39.538000000000004
5052,14-02-20,shot,gun,21.0,M,H,Silverton,OR,False,other,Not fleeing,True,-122.775,45.005
5053,14-02-20,shot,gun,63.0,M,W,Commerce City,CO,True,other,Car,False,-104.823,39.885
5054,14-02-20,shot,knife,,M,H,Rialto,CA,False,other,Not fleeing,False,-117.369,34.124
5055,14-02-20,shot,gun,58.0,M,W,Polkton,NC,False,attack,Car,False,-80.25,34.941
5056,15-02-20,shot,gun,16.0,M,A,Anchorage,AK,False,attack,Not fleeing,False,-149.889,61.217
5057,16-02-20,shot,vehicle,31.0,M,W,Newbury,MA,False,attack,Car,False,-70.936,42.751999999999995
5058,16-02-20,shot,gun,33.0,M,A,Long Beach,CA,False,attack,Foot,False,-118.181,33.793
5059,16-02-20,shot,gun,40.0,M,H,Poinciana,FL,False,attack,Car,False,-81.458,28.135
5060,16-02-20,shot,gun,34.0,M,W,Harrison County,IN,False,attack,Car,False,-86.14399999999999,38.22
5061,17-02-20,shot,gun,29.0,M,W,Greenville,TN,False,attack,Not fleeing,False,-82.78,36.18
5062,17-02-20,shot,gun,27.0,M,N,Pinetop,AZ,False,attack,Not fleeing,False,-109.946,34.129
5063,18-02-20,shot,gun,23.0,M,B,Orlando,FL,False,other,Foot,False,-81.459,28.496
5064,19-02-20,shot,gun,38.0,M,H,Red Bluff,CA,False,attack,Not fleeing,False,-122.236,40.154
5065,20-02-20,shot,gun,17.0,M,B,Columbus,OH,False,attack,Not fleeing,False,-82.995,40.089
5066,20-02-20,shot,gun,75.0,M,W,DeKalb County,GA,False,other,Not fleeing,False,-84.277,33.818000000000005
5067,21-02-20,shot,gun,26.0,M,,Lake Lanier,GA,False,attack,Car,False,-83.969,34.222
5068,21-02-20,shot,sharp object,40.0,M,H,Arvada,CO,False,other,Not fleeing,False,-105.096,39.794000000000004
5069,21-02-20,shot,gun,,M,,Old Mines,MO,True,other,Not fleeing,False,-90.764,37.997
5070,21-02-20,shot,unarmed,,F,,Phoenix,AZ,False,attack,Not fleeing,False,-112.116,33.653
5071,22-02-20,shot,gun,36.0,M,H,Deming,NM,False,attack,Other,False,-107.759,32.269
5072,23-02-20,shot,gun,83.0,M,,Jamestown,NC,False,attack,Not fleeing,False,-79.958,35.991
5073,24-02-20,shot,gun,27.0,M,W,Milwaukee,WI,False,other,Foot,False,-87.93799999999999,43.016000000000005
5074,24-02-20,shot,gun,28.0,M,W,Arnold,NE,True,other,Not fleeing,False,-100.193,41.423
5075,24-02-20,shot,unarmed,20.0,M,W,Floresville,TX,True,other,Not fleeing,False,-98.17200000000001,29.159000000000002
5076,25-02-20,shot,gun,38.0,M,B,Tuscumbia,AL,False,attack,Foot,False,-87.694,34.727
5077,25-02-20,shot,gun,39.0,M,B,Shreveport,LA,False,attack,Not fleeing,False,-93.764,32.437
5078,25-02-20,shot,vehicle,19.0,M,B,New York,NY,False,attack,Car,False,-73.743,40.696
5079,25-02-20,shot,knife,23.0,M,W,Pocatello,ID,False,other,Car,True,-112.43299999999999,42.853
5080,25-02-20,shot,gun,16.0,M,W,Georgetown,TX,False,attack,Not fleeing,False,-97.68,30.663
5081,25-02-20,shot,undetermined,,M,,Brea,CA,False,undetermined,,False,-117.848,33.924
5082,25-02-20,shot,gun,56.0,M,W,Dalzell,SC,False,attack,Not fleeing,False,-80.421,34.0
5083,26-02-20,shot,undetermined,35.0,M,,Kansas City,MO,False,undetermined,,False,-94.587,39.056999999999995
5084,26-02-20,shot,vehicle,30.0,M,B,Bradenton,FL,False,attack,Car,False,-82.616,27.462
5085,26-02-20,shot,gun,30.0,M,H,Greeley,CO,False,other,Not fleeing,False,-104.70299999999999,40.433
5086,26-02-20,shot,gun,30.0,M,W,Tahlequah,OK,False,attack,Car,False,-94.93799999999999,35.924
5087,26-02-20,shot,knife,54.0,M,,Sylvania Township,OH,False,other,Not fleeing,False,-83.666,41.718
5088,26-02-20,shot,unarmed,,M,,Garden Grove,CA,False,attack,,True,-117.92,33.766999999999996
5089,27-02-20,shot,gun,36.0,M,W,Lakeville,MN,True,attack,Not fleeing,False,-93.264,44.66
5090,27-02-20,shot,knife,33.0,M,W,Clarkdale,AZ,False,other,,False,-112.064,34.768
5091,27-02-20,shot,gun,39.0,M,H,Jacksonville,FL,True,attack,,False,-81.656,30.331999999999997
5092,28-02-20,shot,gun,22.0,M,H,Moses Lake,WA,False,attack,Other,False,-119.31700000000001,47.144
5093,29-02-20,shot,gun,49.0,M,B,Milwaukee,WI,False,other,,False,-87.914,43.055
5094,29-02-20,shot,gun,45.0,M,H,San Antonio,TX,False,attack,Not fleeing,False,,
5095,29-02-20,shot,knife,45.0,M,W,Henderson,NV,True,other,Not fleeing,True,-115.022,36.032
5096,01-03-20,shot,gun,30.0,M,W,Pueblo,CO,False,attack,Car,False,-104.605,38.288000000000004
5097,01-03-20,shot,gun,30.0,M,H,Santa Clarita,CA,False,other,Not fleeing,False,-118.551,34.416
5098,01-03-20,shot,gun,,M,,Santa Ana,CA,False,other,,False,-117.898,33.734
5099,01-03-20,shot,gun,,M,,Cloverleaf,TX,True,attack,Not fleeing,False,-95.178,29.791999999999998
5100,01-03-20,shot,gun,31.0,M,W,Mocksville,NC,False,attack,,False,-80.592,35.925
5101,02-03-20,shot,toy weapon,34.0,M,W,Keithville,LA,True,attack,Not fleeing,False,-93.83,32.333
5102,02-03-20,shot,BB gun,73.0,M,W,Sherman,TX,False,attack,Car,False,-96.617,33.67
5103,03-03-20,shot,knife,49.0,M,H,Miami-Dade,FL,False,other,Not fleeing,False,-80.486,25.581999999999997
5104,03-03-20,shot,gun,39.0,M,W,Riverside,WA,False,attack,,False,-119.506,48.503
5105,04-03-20,shot,unarmed,37.0,M,W,Manila,AR,True,attack,Not fleeing,False,,
5106,04-03-20,shot,gun,73.0,M,,Fayetteville,NC,False,attack,Not fleeing,False,-78.939,35.086999999999996
5107,05-03-20,shot,gun,,M,W,Ariton,AL,False,other,Car,False,-85.779,31.590999999999998
5108,05-03-20,shot,knife,31.0,M,O,Henrico,VA,False,attack,Not fleeing,False,-77.616,37.622
5109,05-03-20,shot,gun,25.0,M,B,Pittsburgh,PA,False,attack,Not fleeing,False,-80.003,40.453
5110,06-03-20,shot,gun,41.0,M,,Tucson,AZ,True,attack,Not fleeing,False,-110.824,32.221
5111,06-03-20,shot,gun,24.0,M,B,Fairfield,OH,False,other,Not fleeing,False,-84.525,39.329
5112,06-03-20,shot,unarmed,27.0,M,B,Fort Lauderdale,FL,False,attack,Foot,False,-80.175,26.13
5113,06-03-20,shot,knife,,M,W,Tulsa,OK,False,attack,Not fleeing,False,-95.976,36.075
5114,06-03-20,shot,unarmed,32.0,M,W,Edison,CA,False,attack,Not fleeing,False,-119.81299999999999,36.713
5115,07-03-20,shot,knife,33.0,M,,Stroudsburg,PA,False,other,Not fleeing,False,-75.195,40.986999999999995
5116,07-03-20,shot,vehicle,43.0,M,W,Harrison Township,OH,False,attack,Car,False,-85.323,51.254
5117,08-03-20,shot,gun,65.0,M,,Montgomery,AL,False,attack,Not fleeing,False,-86.196,32.343
5118,08-03-20,shot,gun,84.0,M,W,Apache Junction,AZ,False,attack,Not fleeing,False,-111.581,33.415
5119,08-03-20,shot,knife,29.0,F,H,Torrance,CA,False,other,Not fleeing,False,-118.335,33.866
5120,08-03-20,shot,unarmed,31.0,M,W,Humble,TX,False,other,Foot,False,-95.27,30.009
5121,08-03-20,shot,gun,57.0,M,W,Backus,MN,False,other,Not fleeing,False,-94.522,46.817
5122,08-03-20,shot,unarmed,37.0,M,W,Wasilla,AK,False,attack,Not fleeing,False,-149.597,61.551
5123,09-03-20,shot,gun,29.0,F,W,Dinuba,CA,False,attack,Not fleeing,False,-119.37700000000001,36.548
5124,09-03-20,shot,screwdriver,47.0,M,H,Elmendorf,TX,False,other,,False,-98.34899999999999,29.255
5125,10-03-20,shot,unarmed,44.0,M,H,Bell Gardens,CA,True,undetermined,,False,-118.165,33.963
5126,11-03-20,shot,gun,38.0,M,W,Elkton,FL,False,attack,Car,False,-81.426,29.783
5127,11-03-20,shot,gun,32.0,F,W,Anchor Point,AK,False,attack,,False,-151.743,59.791000000000004
5128,12-03-20,shot,unarmed,26.0,F,B,Louisville,KY,False,undetermined,Not fleeing,False,-85.81700000000001,38.148
5129,12-03-20,shot,gun,21.0,M,W,Potomac,MD,False,attack,Not fleeing,True,-77.206,39.056999999999995
5130,12-03-20,shot,unarmed,47.0,M,B,Kansas City,MO,False,undetermined,Foot,False,-94.556,39.034
5131,13-03-20,shot,undetermined,30.0,M,H,Claremore,OK,False,attack,Foot,False,,
5132,13-03-20,shot,gun,62.0,M,W,New Kensington,PA,False,attack,,False,-79.755,40.556999999999995
5133,13-03-20,shot,toy weapon,41.0,M,H,Chandler,AZ,False,attack,Not fleeing,False,-111.836,33.305
5134,13-03-20,shot,gun,50.0,M,A,Garland,TX,False,attack,Not fleeing,False,,
5135,13-03-20,shot,knife,,M,W,Mufreesboro,TN,True,other,Not fleeing,False,-86.311,35.806999999999995
5136,14-03-20,shot,vehicle,48.0,M,,Cocoa,FL,False,attack,Car,False,-74.719,40.263000000000005
5137,14-03-20,shot,gun,31.0,M,H,Taos,NM,False,attack,Car,False,-105.573,36.407
5138,14-03-20,shot,gun,30.0,M,W,Louisville,KY,False,attack,Foot,True,-85.85700000000001,38.134
5139,14-03-20,shot,tire iron,32.0,M,W,Springfield,OR,False,attack,Not fleeing,False,-123.045,44.073
5140,14-03-20,shot,gun,30.0,M,,Lodi,CA,False,attack,Car,False,-121.258,38.134
5141,14-03-20,shot,gun,20.0,M,W,Pueblo,CO,False,attack,Foot,False,-104.625,38.259
5142,15-03-20,shot,gun,38.0,M,W,High Point,NC,False,attack,,False,,
5143,15-03-20,shot,knife,25.0,F,H,Long Beach,CA,False,attack,Not fleeing,False,-118.161,33.765
5144,15-03-20,shot,gun,47.0,M,W,Lewistown,MT,False,attack,Car,False,,
5145,15-03-20,shot,gun,19.0,M,W,Chase City,VA,False,other,Car,False,,
5146,16-03-20,shot,gun,35.0,M,B,Webster City,IA,False,attack,Not fleeing,False,-93.821,42.468
5147,16-03-20,shot,machete,58.0,M,H,San Antonio,TX,False,other,Not fleeing,False,-98.50399999999999,29.414
5148,16-03-20,shot,gun,,M,,Miami,FL,True,attack,Other,False,-80.426,25.51
5149,16-03-20,shot,gun,18.0,M,W,Mecklenburg,VA,False,attack,,False,-78.479,36.738
5150,16-03-20,shot,undetermined,55.0,M,,Tucson,AZ,False,undetermined,Foot,False,,
5151,16-03-20,shot,vehicle,42.0,F,W,Myerstown,PA,False,attack,Car,False,-76.329,40.359
5152,17-03-20,shot,gun,39.0,M,B,Atlanta,GA,True,attack,Foot,False,-84.376,33.789
5153,18-03-20,shot,gun,61.0,M,B,Iota,LA,False,other,,False,-92.49600000000001,30.331
5154,18-03-20,shot,gun,51.0,M,W,Orchard Mesa,CO,False,other,Foot,False,-108.545,39.048
5155,18-03-20,shot and Tasered,knife,28.0,M,B,Abilene,TX,False,attack,Foot,False,-99.75299999999999,32.453
5156,19-03-20,shot,unknown weapon,33.0,M,W,Wheeling,MO,False,undetermined,,False,,
5157,19-03-20,shot and Tasered,knife,47.0,M,W,Port Jervis,NY,True,other,Not fleeing,False,-74.69,41.37
5158,20-03-20,shot,gun,39.0,M,W,Franklin County,TN,False,attack,Car,False,,
5159,20-03-20,shot,unarmed,31.0,M,B,Tallahassee,FL,False,attack,Other,False,,
5160,20-03-20,shot,gun,18.0,M,B,Cuthbert,GA,False,attack,Foot,False,,
5161,20-03-20,shot,gun,23.0,M,B,Virginia Beach,VA,False,attack,Not fleeing,False,-75.979,36.863
5162,21-03-20,shot,baton,30.0,M,,Mojave,CA,False,attack,Not fleeing,False,-118.17,35.047
5163,21-03-20,shot,unknown weapon,28.0,M,,Taylorsville,UT,False,other,Other,False,-111.96700000000001,40.654
5164,22-03-20,shot,toy weapon,55.0,M,,Sacramento,CA,False,attack,Not fleeing,True,-121.494,38.582
5165,23-03-20,shot,pick-axe,46.0,M,H,San Antonio,TX,False,attack,Not fleeing,False,-98.583,29.426
5166,23-03-20,shot,gun,50.0,M,W,Mojave,CA,False,attack,Not fleeing,False,-118.186,35.05
5167,24-03-20,shot,gun,34.0,M,W,Schenectady,NY,True,attack,Not fleeing,False,-73.937,42.806999999999995
5168,24-03-20,shot,vehicle,32.0,F,W,Shelton,WA,False,attack,Car,False,-122.958,47.333
5169,24-03-20,shot,gun,45.0,M,W,WInston Salem,NC,False,attack,Car,False,-80.383,36.03
5170,24-03-20,shot,gun,31.0,M,H,El Paso,TX,False,attack,Car,False,-106.363,31.794
5171,25-03-20,shot,gun,19.0,M,W,Pahrump,NV,False,attack,Not fleeing,True,-115.973,36.125
5172,25-03-20,shot,knife,53.0,M,W,London,AR,True,other,Not fleeing,False,,
5173,26-03-20,shot,gun,55.0,F,W,Ormond Beach,FL,False,attack,Not fleeing,False,-81.066,29.305999999999997
5174,26-03-20,shot,unarmed,32.0,M,W,Linwood,NC,False,other,Car,False,-80.40100000000001,35.751999999999995
5175,27-03-20,shot,gun,46.0,M,W,Buchanan,VA,True,attack,Not fleeing,False,,
5176,27-03-20,shot,gun,26.0,M,B,Newburgh,NY,False,attack,,True,,
5177,27-03-20,shot,gun,,M,,Lehigh Acres,FL,False,attack,Foot,False,-81.625,26.625
5178,27-03-20,shot,gun,51.0,M,,Salem,OR,False,other,,False,-122.99,44.943000000000005
5179,28-03-20,shot,gun,49.0,M,,Gray,KY,False,attack,Not fleeing,False,-83.941,36.917
5180,28-03-20,shot,gun,46.0,M,W,Caldwell,ID,False,attack,Not fleeing,False,,
5181,29-03-20,shot,gun,22.0,M,W,Phoenix,AZ,True,attack,Not fleeing,False,,
5182,30-03-20,shot,gun,38.0,M,B,Baltimore,MD,False,attack,Not fleeing,True,-76.587,39.288000000000004
5183,30-03-20,shot,gun,44.0,M,W,Louisville,KY,False,attack,Not fleeing,True,,
5184,31-03-20,shot,sword,37.0,M,H,Pomona,CA,False,other,Not fleeing,False,-117.73700000000001,34.061
5185,31-03-20,shot,shovel,52.0,M,H,Albuquerque,NM,True,other,Not fleeing,False,-106.64299999999999,35.075
5186,31-03-20,shot,gun,29.0,M,W,Asheville,NC,False,attack,Not fleeing,False,-82.54899999999999,35.596
5187,31-03-20,shot,gun and car,29.0,M,,Hinton,VA,False,attack,Car,False,-78.99600000000001,38.479
5188,31-03-20,shot,knife,,M,,Burkesville,KY,False,attack,Car,False,,
5189,01-04-20,shot,gun and vehicle,19.0,M,W,Columbus,MS,False,attack,Car,False,-88.40799999999999,33.501999999999995
5190,02-04-20,shot,gun,66.0,M,B,Ouachita Parish,LA,False,attack,Not fleeing,False,,
5191,02-04-20,shot,knife,40.0,M,W,Lincoln CIty,OR,False,other,Not fleeing,False,,
5192,02-04-20,shot,Taser,30.0,M,H,Mesa,AZ,False,attack,Other,False,-111.823,33.408
5193,02-04-20,shot,gun,69.0,M,W,Irving,TX,False,attack,,False,-96.934,32.818000000000005
5194,02-04-20,shot,unarmed,27.0,M,H,Manchester,CT,True,other,Not fleeing,False,-72.51100000000001,41.77
5195,04-04-20,shot,knife,26.0,M,W,Nutter Fort,WV,False,other,Not fleeing,False,-80.319,39.262
5196,05-04-20,shot,gun,59.0,M,,Hialeah,FL,False,attack,Not fleeing,False,-80.332,25.888
5197,05-04-20,shot,unknown weapon,62.0,M,W,Manchester,NH,False,other,Not fleeing,False,-71.398,42.981
5198,05-04-20,shot,knife,,M,W,Ada,OK,True,attack,Not fleeing,False,-96.83,34.854
5199,05-04-20,shot,metal pipe,39.0,M,W,Milford,MA,False,attack,Not fleeing,False,,
5200,05-04-20,shot,gun,67.0,M,W,Melbourne,FL,False,other,,False,-80.67699999999999,28.18
5201,06-04-20,shot,gun,54.0,M,W,Florence,AL,False,attack,Foot,False,-87.662,34.803000000000004
5202,06-04-20,shot,vehicle,29.0,M,H,North Miami Beach,FL,False,attack,Car,False,-80.176,25.925
5203,07-04-20,shot,gun and car,37.0,M,,Eatonville,WA,True,attack,Car,False,-122.359,46.96
5204,07-04-20,shot,knife,33.0,M,B,Knoxville,TN,False,other,Not fleeing,False,,
5205,07-04-20,shot,knife,31.0,M,W,El Mirage,AZ,True,attack,Not fleeing,False,-112.31700000000001,33.6
5206,07-04-20,shot,vehicle,38.0,M,W,Clinton,IA,False,other,Car,True,-90.18799999999999,41.842
5207,07-04-20,shot,gun,28.0,M,W,Caddo Parish,LA,False,attack,Other,False,-93.971,32.509
5208,07-04-20,shot,gun,45.0,M,B,Refugio,TX,False,attack,Not fleeing,False,-97.274,28.307
5209,08-04-20,shot,gun,59.0,M,W,Salisbury,MD,True,attack,Not fleeing,False,-75.642,38.364000000000004
5210,08-04-20,shot,gun,17.0,M,B,Columbia,SC,False,other,Foot,False,-81.043,34.047
5211,09-04-20,shot,gun,19.0,M,B,Colonial Heights,VA,False,attack,Foot,False,,
5212,09-04-20,shot,Taser,36.0,M,W,Winchester,TN,False,attack,Foot,False,-86.101,35.18
5213,09-04-20,shot,unarmed,39.0,M,W,Brandon,CO,False,attack,Foot,False,-102.44,38.448
5214,10-04-20,shot,gun,,M,W,Klamath Falls,OR,False,attack,Car,False,-121.80799999999999,42.281000000000006
5215,10-04-20,shot,unarmed,33.0,M,W,Philadelphia,PA,False,other,Not fleeing,False,-75.189,39.934
5216,11-04-20,shot,machete,48.0,M,,Ritzville,WA,True,other,Not fleeing,False,-118.366,47.118
5217,11-04-20,shot,gun,31.0,M,B,Pottstown,PA,False,attack,Not fleeing,False,-75.664,40.249
5218,11-04-20,shot,knife,29.0,F,W,Jacksonville,FL,True,other,Not fleeing,True,-81.676,30.365
5219,11-04-20,shot,gun,51.0,M,W,West Terre Haute,IN,False,attack,Not fleeing,False,,
5220,11-04-20,shot,gun,54.0,M,W,Clackamas County,OR,False,attack,,False,-122.62799999999999,45.428999999999995
5221,12-04-20,shot,knife,35.0,M,W,Daly City,CA,True,other,Car,False,,
5222,12-04-20,shot,gun,56.0,M,,Pompano Beach,FL,False,attack,Not fleeing,False,-80.098,26.246
5223,13-04-20,shot,screwdriver,,M,,Jackson,MS,False,attack,Foot,False,-90.186,32.311
5224,13-04-20,shot,gun,36.0,M,H,Lamont,CA,False,attack,Car,False,,
5225,14-04-20,shot,gun,31.0,M,W,Old Town,ME,False,attack,Not fleeing,False,,
5226,15-04-20,shot,gun,33.0,M,,Hubert,NC,False,attack,Not fleeing,False,-77.203,34.673
5227,15-04-20,shot,gun,39.0,M,W,Blair,NE,False,attack,Not fleeing,False,-96.12799999999999,41.553000000000004
5228,15-04-20,shot,gun,58.0,M,W,Waukesha,WI,False,attack,Not fleeing,False,-88.243,43.011
5229,15-04-20,shot,gun,39.0,M,B,Augusta,GA,True,attack,Not fleeing,False,-82.046,33.514
5230,16-04-20,shot,gun and car,24.0,M,H,Richmond,CA,False,attack,Car,True,,
5231,16-04-20,shot,vehicle,48.0,M,W,Philipsburg,MT,False,attack,Not fleeing,False,,
5232,16-04-20,shot,gun,28.0,M,,Jefferson City,MO,False,attack,Foot,False,,
5233,16-04-20,shot,vehicle,31.0,M,B,Lubbock,TX,False,attack,Car,False,-101.822,33.657
5234,17-04-20,shot,gun,,M,B,Daphne,AL,True,attack,Not fleeing,False,-87.89399999999999,30.589000000000002
5235,17-04-20,shot,knife,43.0,M,W,Anderson,SC,False,attack,,False,-82.67200000000001,34.508
5236,18-04-20,shot,baseball bat,33.0,M,B,San Leandro,CA,True,other,Not fleeing,False,-122.13,37.689
5237,18-04-20,shot,gun,37.0,M,,Raytown,MO,False,other,Not fleeing,False,,
5238,18-04-20,shot,gun,24.0,M,W,Mankato,MN,True,attack,Other,False,-94.02,44.196000000000005
5239,19-04-20,shot,gun,40.0,M,W,Henderson,NV,False,attack,Not fleeing,True,-115.085,35.978
5240,19-04-20,shot,gun,28.0,M,B,Colorado Springs,CO,False,attack,Not fleeing,False,-104.81299999999999,38.785
5241,21-04-20,shot,gun,24.0,M,B,Las Vegas,NV,False,attack,Car,True,-115.15299999999999,36.121
5242,21-04-20,shot,sharp object,27.0,M,H,Houston,TX,True,other,Foot,False,-95.304,29.773000000000003
5243,21-04-20,shot and Tasered,Taser,27.0,M,H,Houston,TX,True,other,Not fleeing,True,-95.304,29.774
5244,22-04-20,shot,gun,40.0,M,B,Florence,SC,False,attack,Not fleeing,False,-79.74600000000001,34.219
5245,22-04-20,shot,gun,31.0,M,,Springfield,CO,False,attack,Not fleeing,False,-102.68299999999999,37.528
5246,22-04-20,shot,knife,,M,,Los Angeles,CA,False,other,Not fleeing,False,-118.256,34.016
5247,22-04-20,shot,toy weapon,35.0,M,B,Houston,TX,False,attack,Foot,False,-95.51899999999999,29.638
5248,23-04-20,shot,gun,42.0,M,W,Paterson,NJ,True,attack,Not fleeing,False,-74.161,40.921
5249,23-04-20,shot,unarmed,34.0,M,,North Las Vegas,NV,False,attack,Not fleeing,False,-115.132,36.205
5250,24-04-20,shot,unarmed,42.0,M,H,Austin,TX,False,undetermined,Car,True,-97.73,30.223000000000003
5251,24-04-20,shot,gun,28.0,M,,Lenoir,NC,False,attack,Not fleeing,True,-81.577,35.873000000000005
5252,24-04-20,shot,gun,24.0,M,W,Napa,CA,False,other,Car,False,-122.26899999999999,38.242
5253,24-04-20,shot,gun,53.0,M,B,Denton,TX,False,attack,,False,-97.102,33.179
5254,24-04-20,shot,gun,67.0,M,,Adel,GA,False,attack,Not fleeing,False,,
5255,24-04-20,shot,gun,59.0,M,W,Hiram,ME,False,attack,Not fleeing,False,-70.859,43.839
5256,25-04-20,shot,gun,61.0,M,W,Hogansville,GA,False,attack,Not fleeing,False,-84.90299999999999,33.183
5257,26-04-20,shot,vehicle,48.0,M,,Wayne,NJ,False,other,Car,False,-74.28699999999999,40.974
5258,26-04-20,shot,gun,26.0,M,A,La Plata,MD,False,attack,Not fleeing,False,-76.965,38.501
5259,27-04-20,shot,gun,28.0,M,H,Houston,TX,False,attack,Not fleeing,False,-95.287,29.76
5260,28-04-20,shot,gun,32.0,M,W,Buckeye,AZ,False,attack,Car,False,-112.556,33.421
5261,28-04-20,shot,gun and vehicle,26.0,M,B,Tampa,FL,False,attack,Car,False,-82.42200000000001,27.987
5262,28-04-20,shot and Tasered,sharp object,50.0,M,W,Vancouver,WA,False,attack,Not fleeing,False,-122.617,45.641000000000005
5263,29-04-20,shot,gun,38.0,M,H,Las Vegas,NV,False,attack,Car,False,-115.311,36.219
5264,29-04-20,shot,vehicle,29.0,M,W,Madera County,CA,False,attack,Other,False,-120.18700000000001,36.836999999999996
5265,29-04-20,shot,gun,27.0,M,B,Jeffersonville,IN,False,attack,Not fleeing,False,-85.708,38.304
5266,30-04-20,shot,gun,,M,,Los Angeles,CA,False,other,Car,False,-118.26299999999999,34.025
5267,30-04-20,shot,gun,43.0,M,W,Martin County,KY,False,attack,Car,False,-82.51899999999999,37.783
5268,01-05-20,shot,gun,21.0,M,B,Denver,CO,False,other,Other,True,-104.949,39.74
5269,01-05-20,shot,unarmed,36.0,M,W,San Diego,CA,True,other,Foot,False,-117.165,32.717
5270,01-05-20,shot,unarmed,24.0,M,B,Seattle,WA,False,attack,Foot,True,-122.33200000000001,47.606
5271,01-05-20,shot,knife,,M,,Hialeah,FL,False,undetermined,Foot,False,-80.13,25.811
5272,01-05-20,shot,gun,32.0,M,B,Little Rock,AR,False,other,Not fleeing,False,-92.37799999999999,34.736999999999995
5273,01-05-20,shot,gun,26.0,M,B,Lakewood,WA,False,attack,Not fleeing,False,-122.522,47.176
5274,01-05-20,shot and Tasered,knife,21.0,M,W,Portland,IN,True,other,Not fleeing,True,-70.265,43.656000000000006
5275,03-05-20,shot,gun,54.0,M,W,Fort Lauderdale,FL,False,other,Not fleeing,False,-80.09899999999999,26.177
5276,03-05-20,shot,gun,44.0,M,W,Caldwell County,NC,False,other,Car,True,-82.345,35.802
5277,03-05-20,shot,gun,69.0,M,W,Oakland City,IN,True,other,Not fleeing,False,-87.279,38.319
5278,03-05-20,shot,gun,45.0,M,W,Jacksonville,FL,False,attack,Not fleeing,False,-81.555,30.363000000000003
5279,03-05-20,shot,knife,26.0,M,H,San Jose,CA,False,attack,Not fleeing,True,-121.902,37.336
5280,03-05-20,shot,gun,43.0,M,W,Boerne,TX,False,attack,Not fleeing,False,-98.74,29.853
5281,03-05-20,shot,gun,38.0,M,W,Overland Park,KS,False,attack,Car,False,-94.68299999999999,38.906
5282,03-05-20,shot,undetermined,28.0,M,,Sterling,CO,False,other,Car,False,-103.20700000000001,40.625
5283,04-05-20,shot,knife,36.0,M,,Monterey Park,CA,False,other,Not fleeing,False,-118.13,34.033
5284,04-05-20,shot,gun,21.0,M,B,Muskogee,OK,False,attack,Foot,False,-95.387,35.748000000000005
5285,05-05-20,shot,gun,23.0,M,B,Webster Groves,MO,False,attack,Not fleeing,False,-90.353,38.583
5286,05-05-20,shot,gun,56.0,F,W,Half Moon Bay,CA,True,attack,Not fleeing,False,-122.43,37.458
5287,05-05-20,shot,gun,33.0,M,W,Kansas City,MO,False,attack,Car,False,-94.541,39.102
5288,05-05-20,shot,samurai sword,40.0,M,W,Las Vegas,NV,True,other,Not fleeing,True,-115.088,36.135999999999996
5289,05-05-20,shot,knife,21.0,M,B,St. Cloud,FL,False,other,Foot,False,,
5290,05-05-20,shot and Tasered,Taser,20.0,M,H,San Antonio,TX,False,attack,,False,-98.615,29.37
5291,06-05-20,shot,gun,21.0,M,B,Indianapolis,IN,False,attack,Car,True,-86.20200000000001,39.868
5292,06-05-20,shot,knife,20.0,M,,Renton,WA,False,other,,False,-122.18700000000001,47.501000000000005
5293,06-05-20,shot,knife,47.0,M,W,Graham,NC,False,attack,Car,False,-79.402,36.071
5294,06-05-20,shot,gun,38.0,M,H,Commerce City,CO,False,attack,Foot,False,-104.905,39.825
5295,07-05-20,shot,knife,31.0,M,H,Long Beach,CA,False,other,Not fleeing,False,-118.182,33.814
5296,07-05-20,shot,gun,51.0,M,W,Jean,NV,False,attack,Car,False,-115.324,35.779
5297,07-05-20,shot,gun,19.0,M,B,Indianapolis,IN,False,attack,Not fleeing,False,-86.199,39.902
5298,07-05-20,shot,knife,21.0,M,H,Wasco,CA,False,attack,Not fleeing,False,-119.335,35.584
5299,08-05-20,shot,Taser,48.0,M,B,Houston,TX,False,attack,Not fleeing,True,,
5300,08-05-20,shot,gun,47.0,M,,Pasadena,CA,False,other,Car,False,-118.113,34.150999999999996
5301,09-05-20,shot,gun,42.0,M,H,Green Bay,WI,False,attack,Not fleeing,False,-87.943,44.518
5302,09-05-20,shot,knife,30.0,M,B,Silver Spring,MD,False,other,Not fleeing,True,-76.979,39.043
5303,09-05-20,shot,rock,47.0,M,B,Claxton,GA,True,attack,Foot,False,-81.926,32.218
5304,09-05-20,shot,gun,57.0,M,W,Idaho Springs,CO,False,attack,Car,False,-105.60600000000001,39.676
5305,09-05-20,shot,unknown weapon,27.0,M,W,Calypso,NC,False,other,Not fleeing,False,-78.102,35.152
5306,09-05-20,shot,knife,33.0,F,W,Grand Junction,CO,True,other,,False,-108.515,39.03
5307,09-05-20,shot,gun,25.0,M,W,Greenville,SC,False,attack,Foot,False,-82.383,34.85
5308,10-05-20,shot,knife,50.0,M,W,Joshua Tree,CA,False,other,Car,False,-116.213,34.141999999999996
5309,11-05-20,shot,hammer,,M,,Laguna Niguel,CA,False,undetermined,,False,-117.68700000000001,33.519
5310,12-05-20,shot,gun,37.0,M,W,Deltona,FL,False,attack,Car,True,-81.266,28.906
5311,13-05-20,shot,gun,24.0,M,B,Raleigh,NC,False,attack,Foot,False,-78.587,35.79
5312,14-05-20,shot,toy weapon,30.0,M,B,Houston,TX,True,attack,Not fleeing,False,-95.366,29.684
5313,14-05-20,shot,knife,49.0,M,W,Union Township,OH,True,other,Not fleeing,False,-84.255,39.086
5314,14-05-20,shot,gun,26.0,M,H,Los Angeles,CA,False,other,Not fleeing,True,-118.289,33.921
5315,14-05-20,shot,gun,47.0,M,W,San Angelo,TX,True,attack,Not fleeing,False,,
5316,14-05-20,shot,gun,30.0,M,,Rapid City,SD,False,attack,Car,False,-103.167,44.068000000000005
5317,15-05-20,shot,gun,42.0,M,A,San Leandro,CA,False,attack,Not fleeing,False,-122.101,37.693000000000005
5318,15-05-20,shot,vehicle,31.0,M,W,Pueblo,CO,False,attack,Car,False,-104.57700000000001,38.271
5319,15-05-20,shot,gun,33.0,M,W,Oxford,MS,False,attack,Car,False,-89.522,34.335
5320,16-05-20,shot,gun,29.0,M,B,Essex,MD,False,other,Not fleeing,True,-76.44,39.31
5321,16-05-20,shot,gun,42.0,M,W,Greenville,GA,False,attack,Foot,False,-84.72,33.02
5322,16-05-20,shot,knife,38.0,M,B,Houston,TX,True,attack,Not fleeing,True,-95.52799999999999,29.671
5323,17-05-20,shot,gun,25.0,M,H,Pasco,WA,False,attack,,False,-119.072,46.233999999999995
5324,17-05-20,shot,gun,49.0,M,,Germantown,TN,False,other,Not fleeing,False,-89.833,35.111999999999995
5325,17-05-20,shot,gun,39.0,M,W,East Baton Rouge,LA,False,attack,Other,False,-90.915,30.355999999999998
5326,18-05-20,shot,gun,64.0,M,W,St. Francis County,AR,False,attack,Not fleeing,False,-90.787,34.993
5327,18-05-20,shot,gun,28.0,M,W,Suring,WI,False,other,Not fleeing,False,-88.37200000000001,44.998999999999995
5328,19-05-20,shot,gun,32.0,M,W,Chunchula,AL,False,attack,Not fleeing,False,-88.164,30.951
5329,19-05-20,shot,unknown weapon,69.0,M,B,Tallahassee,FL,False,other,Not fleeing,False,-84.3,30.476999999999997
5330,19-05-20,shot,unarmed,29.0,M,W,Sale Creek,TN,False,attack,Not fleeing,False,-85.035,35.383
5331,19-05-20,shot and Tasered,knife,57.0,M,B,Seattle,WA,False,undetermined,Foot,True,-122.352,47.614
5332,20-05-20,shot,gun,,M,,Viera,FL,True,attack,Not fleeing,False,-80.741,28.226999999999997
5333,20-05-20,shot,undetermined,45.0,M,B,Atmore,AL,False,other,Foot,False,-87.494,31.024
5334,20-05-20,shot,vehicle,23.0,M,,Hayward,CA,False,attack,Car,True,-122.06200000000001,37.684
5335,21-05-20,shot,gun,40.0,M,W,Phoenix,AZ,False,other,Not fleeing,True,-112.056,33.306
5336,21-05-20,shot,gun,60.0,M,B,Greenwood,SC,False,attack,Not fleeing,False,-82.146,34.198
5337,23-05-20,shot,gun,22.0,M,H,Salt Lake City,UT,False,other,Foot,True,-111.9,40.75
5338,23-05-20,shot,unarmed,28.0,M,B,Bass River,NJ,False,attack,Not fleeing,True,-74.445,39.591
5339,23-05-20,shot,gun,36.0,M,B,Paterson,NJ,False,undetermined,,False,-74.16199999999999,40.916
5340,23-05-20,shot,gun,57.0,M,,Bell County,KY,False,other,Car,False,-83.635,36.741
5341,24-05-20,shot,gun,44.0,M,,Bulls Gap,TN,True,attack,Foot,False,,
5342,24-05-20,shot,gun,52.0,M,W,Flathead County,MT,False,attack,Not fleeing,False,-114.583,48.071999999999996
5343,25-05-20,shot,knife,43.0,M,W,Jonesborough,TN,True,attack,Not fleeing,False,-82.516,36.255
5344,25-05-20,shot,gun,38.0,M,H,Houston,TX,True,attack,Not fleeing,False,-95.30799999999999,29.604
5345,25-05-20,shot,undetermined,28.0,M,B,Phoenix,AZ,False,undetermined,Not fleeing,True,-111.97399999999999,33.674
5346,25-05-20,shot,toy weapon,35.0,M,,Modesto,CA,True,attack,Not fleeing,True,-121.001,37.664
5347,25-05-20,shot,knife,33.0,M,,League City,TX,False,attack,Not fleeing,False,-95.116,29.503
5348,26-05-20,shot,toy weapon,,M,,Jamestown,CA,True,other,Not fleeing,False,-120.42200000000001,37.95
5349,26-05-20,shot,gun,37.0,M,W,Lansing,MI,True,attack,Not fleeing,True,-84.557,42.743
5350,26-05-20,shot,toy weapon,61.0,M,,Manlius,NY,True,attack,Not fleeing,False,-76.024,43.06
5351,26-05-20,shot,gun,22.0,M,H,Corpus Christi,TX,False,attack,Not fleeing,False,-97.434,27.724
5352,26-05-20,shot,gun,42.0,F,W,Orlando,FL,False,attack,Not fleeing,False,-81.157,28.549
5353,26-05-20,shot,gun,47.0,M,H,Thornton,CO,False,attack,,False,-104.977,39.921
5354,26-05-20,shot,gun,18.0,M,H,Los Angeles,CA,False,attack,Foot,False,-118.294,33.937
5355,26-05-20,shot,gun,47.0,M,,Parma,OH,False,attack,Not fleeing,False,-81.709,41.406000000000006
5356,26-05-20,shot and Tasered,undetermined,61.0,M,,Jacksonville,FL,False,attack,Foot,False,-81.465,30.255
5357,27-05-20,shot,gun,38.0,M,B,Tallahassee,FL,False,other,Not fleeing,False,-84.29899999999999,30.415
5358,27-05-20,shot,vehicle and gun,58.0,M,W,Geneseo,NY,False,attack,Car,False,-77.817,42.794
5359,27-05-20,shot,sword,50.0,M,,Los Angeles,CA,False,attack,,False,-118.37700000000001,34.187
5360,27-05-20,shot,knife,31.0,M,H,Fullerton,CA,False,attack,Not fleeing,True,-117.975,33.865
5361,27-05-20,shot,knife,30.0,M,,Wilburton,OK,False,attack,Not fleeing,False,-95.31700000000001,34.917
5362,27-05-20,shot,unarmed,34.0,M,W,Luverne,AL,False,undetermined,Not fleeing,False,,
5363,27-05-20,shot and Tasered,gun,35.0,M,B,Jefferson Parish,LA,False,attack,Other,True,-90.064,29.906
5364,28-05-20,shot,gun,53.0,M,W,Ogden,UT,False,attack,Not fleeing,False,-111.95299999999999,41.257
5365,28-05-20,shot,vehicle,31.0,M,W,Centennial,CO,False,attack,Car,False,-104.88,39.580999999999996
5366,28-05-20,shot,gun,35.0,M,B,North Little Rock,AR,False,other,Not fleeing,False,-92.213,34.76
5367,28-05-20,shot and Tasered,knife,26.0,M,W,Washington County,OR,False,other,Not fleeing,True,-122.765,45.5
5368,29-05-20,shot,knife,22.0,F,O,Temple Terrace,FL,True,attack,Not fleeing,False,-82.39399999999999,28.05
5369,29-05-20,shot,toy weapon,,M,W,Lancaster,CA,False,attack,,False,-118.162,34.675
5370,29-05-20,shot,gun,32.0,M,A,San Diego,CA,False,attack,,False,-117.09200000000001,32.75
5371,29-05-20,shot,knife,35.0,M,B,Philadelphia,PA,False,other,Not fleeing,False,-75.08,40.023
5372,29-05-20,shot,gun,39.0,M,B,Snellville,GA,False,attack,Car,False,-83.991,33.828
5373,29-05-20,shot,vehicle,44.0,M,B,Yulee,FL,False,attack,Car,False,-81.604,30.634
5374,30-05-20,shot,gun,46.0,M,B,Fountain,FL,False,attack,Not fleeing,False,-85.348,30.515
5375,31-05-20,shot,undetermined,49.0,M,W,Portland,OR,False,undetermined,,False,-122.536,45.498999999999995
5376,31-05-20,shot and Tasered,gun,32.0,M,W,Watertown,WI,False,attack,Not fleeing,False,-88.73100000000001,43.178000000000004
5377,01-06-20,shot,gun,53.0,M,B,Louisville,KY,False,attack,,True,,
5378,01-06-20,shot,gun,25.0,M,H,Las Vegas,NV,False,attack,Not fleeing,False,-115.14200000000001,36.165
5379,01-06-20,shot,gun,36.0,M,W,Fayetteville,AR,False,undetermined,Not fleeing,False,-94.19,36.055
5380,02-06-20,shot,gun,65.0,M,,Cottonwood,CA,False,other,Not fleeing,False,-122.22,40.396
5381,02-06-20,shot,hammer,22.0,M,H,Vallejo,CA,False,other,Not fleeing,True,-122.257,38.104
5382,02-06-20,shot,gun,33.0,M,B,Brooklyn,NY,False,other,Not fleeing,True,,
5383,03-06-20,shot,knife,39.0,F,W,Poteau,OK,False,other,Not fleeing,False,-94.618,35.049
5384,03-06-20,shot,gun,44.0,M,W,Aiken,SC,False,attack,Not fleeing,False,,
5385,03-06-20,shot,gun,25.0,M,H,Corpus Christi,TX,False,attack,Not fleeing,False,-97.45100000000001,27.752
5386,03-06-20,shot,undetermined,36.0,M,W,Alexander,AR,False,undetermined,Not fleeing,False,-92.47,34.611999999999995
5387,05-06-20,shot,gun,42.0,M,W,Mustang,OK,False,attack,Not fleeing,False,-97.725,35.406
5388,05-06-20,shot,gun,60.0,M,W,Socorro,TX,True,attack,Not fleeing,False,-106.257,31.651999999999997
5389,06-06-20,shot,gun,24.0,M,B,New Rochelle,NY,False,attack,Foot,False,-73.773,40.926
5390,06-06-20,shot,undetermined,22.0,M,H,Oakland,CA,False,undetermined,Not fleeing,False,-122.167,37.748000000000005
5391,06-06-20,shot,metal pipe,37.0,M,W,Clarkrange,TN,True,attack,Not fleeing,False,-85.01700000000001,36.183
5392,07-06-20,shot,pellet gun,26.0,M,W,East Northport,NY,False,other,Not fleeing,False,-73.214,40.73
5393,07-06-20,shot,knife,35.0,M,W,Industry,CA,True,other,Not fleeing,False,-117.93,34.004
5394,07-06-20,shot,gun,39.0,M,B,Adrian,MO,False,attack,Not fleeing,False,,
5395,08-06-20,shot,gun,81.0,M,W,Las Cruces,NM,True,attack,Not fleeing,False,-106.775,32.317
5396,09-06-20,shot,gun,31.0,M,W,Englewood,CO,False,attack,,False,-104.99799999999999,39.655
5397,09-06-20,shot,gun,38.0,M,B,Orlando,FL,False,attack,Not fleeing,False,-81.40899999999999,28.487
5398,09-06-20,shot,gun,59.0,M,W,Bigfork,MT,False,attack,Car,False,,
5399,10-06-20,shot,gun,59.0,M,,Weippe,ID,False,attack,,False,-115.93799999999999,46.376000000000005
5400,10-06-20,shot,gun,36.0,M,W,Winter Haven,FL,True,attack,Not fleeing,False,,
5401,11-06-20,shot,gun,28.0,M,W,DeKalb County,TN,False,other,Other,False,,
5402,11-06-20,shot,gun,26.0,M,W,Paso Robles,CA,True,attack,Foot,False,,
5403,11-06-20,shot,undetermined,62.0,M,B,Lancaster,CA,False,undetermined,Not fleeing,False,,
5404,12-06-20,shot,Taser,27.0,M,B,Atlanta,GA,False,attack,Foot,True,-84.4,33.722
5405,12-06-20,shot,gun,23.0,M,B,Crown Point,IN,False,attack,Car,False,-87.322,41.417
5406,13-06-20,shot,unarmed,25.0,F,W,Sedalia,MO,False,other,Not fleeing,False,-93.27,38.71
5407,13-06-20,shot,gun,22.0,M,W,Kansas City,MO,False,other,Other,False,-94.52799999999999,39.084
5408,13-06-20,shot,toy weapon,21.0,M,H,San Bernardino,CA,False,attack,Not fleeing,False,-117.25,34.117
5409,15-06-20,shot,gun,31.0,M,W,Lawrence,KS,False,attack,Car,False,-95.236,38.95
5410,16-06-20,shot,gun,24.0,M,B,Beach Park,IL,False,attack,Not fleeing,False,-87.876,42.43899999999999
5411,16-06-20,shot,gun,27.0,M,B,Phoenix,AZ,False,attack,Not fleeing,True,-112.1,33.495
5412,17-06-20,shot,gun,31.0,M,B,Rosamond,CA,False,attack,Not fleeing,False,-118.15799999999999,34.871
5413,17-06-20,shot,gun,50.0,M,W,Kennard,IN,False,attack,Other,False,,
5414,17-06-20,shot,gun,48.0,M,W,Collinsville,MS,False,attack,Not fleeing,False,-88.895,32.543
5415,17-06-20,shot and Tasered,knife,,M,W,Lovelock,NV,False,attack,Car,False,-118.473,40.179
5416,18-06-20,shot,gun,38.0,M,W,Westminister,CO,False,other,Not fleeing,False,-105.04299999999999,39.824
5417,18-06-20,shot,gun,19.0,M,W,Billings,MT,False,attack,Not fleeing,False,-108.535,45.772
5418,18-06-20,shot,gun,18.0,M,H,Gardena,CA,False,other,Foot,False,-118.304,33.89
5419,18-06-20,shot,gun,35.0,M,W,Maiden,NC,False,attack,Not fleeing,False,-81.094,35.573
5420,19-06-20,shot,tire iron,25.0,M,W,Jay,OK,False,attack,Foot,False,-94.79,36.422
5421,19-06-20,shot,gun,24.0,M,W,Sodus,NY,False,attack,Not fleeing,True,,
5422,20-06-20,shot,machete,35.0,M,W,Lake Charles,LA,False,attack,Not fleeing,False,,
5423,21-06-20,shot and Tasered,knife,19.0,M,W,Milpitas,CA,False,attack,Not fleeing,True,-121.87700000000001,37.441
5424,22-06-20,shot,gun,22.0,M,,Aurora,CO,False,attack,Not fleeing,True,-104.819,39.768
5425,22-06-20,shot,gun,33.0,M,H,Palm Desert,CA,False,other,Not fleeing,False,-116.355,33.746
5426,22-06-20,shot,knife,43.0,M,B,Giddings,TX,False,other,Not fleeing,False,-96.94,30.19
5427,22-06-20,shot,gun,63.0,M,,Las Vegas,NV,True,attack,Not fleeing,False,-115.15,36.243
5428,23-06-20,shot,gun,43.0,M,H,Pueblo,CO,False,attack,,False,-104.632,38.246
5429,23-06-20,shot,gun,40.0,M,,Wasilla,AK,False,other,Car,False,,
5430,23-06-20,shot,knife,22.0,M,B,Sherman,TX,False,attack,Not fleeing,False,-96.64,33.609
5431,24-06-20,shot,gun,,F,A,Lake Forest,CA,False,other,Not fleeing,False,-117.699,33.631
5432,24-06-20,shot,gun,31.0,M,B,San Bernardino,CA,False,attack,Car,False,-117.749,34.075
5433,25-06-20,shot,knife,27.0,F,,Plano,TX,False,attack,Not fleeing,False,-96.75,33.071999999999996
5434,25-06-20,shot,unarmed,34.0,M,B,Vinita,OK,False,undetermined,Not fleeing,False,-95.15100000000001,36.622
5435,25-06-20,shot,gun,37.0,M,H,Atlanta,GA,False,attack,Other,False,-84.446,33.9
5436,25-06-20,shot,gun,26.0,M,B,Roanoke,VA,False,attack,Foot,False,-79.995,37.292
5437,26-06-20,shot,gun,27.0,M,W,Auburndale,FL,False,attack,Not fleeing,False,-81.77600000000001,28.061
5438,26-06-20,shot,gun,30.0,M,W,Elko,NV,False,attack,Foot,True,-115.75399999999999,40.836
5439,26-06-20,shot,gun,38.0,M,W,Muncie,IN,False,attack,Car,False,-85.459,40.321
5440,27-06-20,shot,knife,33.0,M,W,Hebron,KY,False,attack,,False,-84.696,39.066
5441,27-06-20,shot,gun,40.0,F,W,Port Richey,FL,False,attack,Foot,False,-82.72,28.272
5442,27-06-20,shot,gun,25.0,M,H,San Diego,CA,False,attack,Foot,True,-117.15899999999999,32.718
5443,27-06-20,shot,gun,57.0,M,W,Cumberland County,TN,False,attack,,False,-84.87,35.944
5444,27-06-20,shot,gun,31.0,M,W,Red Bluff,CA,False,attack,Not fleeing,False,-122.191,40.108000000000004
5445,27-06-20,shot and Tasered,knife,58.0,M,B,Little Rock,AR,False,attack,Other,False,-92.23700000000001,34.721
5446,28-06-20,shot,gun,68.0,M,W,Kettering,OH,True,attack,Not fleeing,False,-84.14299999999999,39.718
5447,29-06-20,shot,undetermined,57.0,M,W,Paducah,KY,False,undetermined,Car,False,-88.65299999999999,37.061
5448,29-06-20,shot,gun,48.0,M,W,Hazleton,PA,False,attack,Car,False,-75.979,40.95
5449,29-06-20,shot,gun,26.0,F,W,Midland,TX,False,other,Other,False,-102.161,31.996
5450,29-06-20,shot,gun,34.0,M,H,Pomona,CA,True,attack,Car,False,,
5451,30-06-20,shot,gun,62.0,M,W,Johnson City,TN,False,attack,,False,-82.331,36.353
5452,30-06-20,shot,gun,30.0,M,W,Liberty,MO,False,attack,Car,False,-94.41799999999999,39.249
5453,01-07-20,shot,gun,34.0,M,W,Durango,CO,False,attack,Not fleeing,False,-107.876,37.29
5454,02-07-20,shot,gun,31.0,M,B,Kansas City,MO,True,attack,Foot,False,-94.521,39.069
5455,02-07-20,shot and Tasered,knife,32.0,M,B,Sheboygan,WI,True,other,Not fleeing,True,-87.725,43.744
5456,03-07-20,shot,gun,58.0,M,W,Welches,OR,True,attack,Not fleeing,False,-121.99799999999999,45.358999999999995
5457,04-07-20,shot,undetermined,28.0,M,H,Phoenix,AZ,False,undetermined,Not fleeing,True,-112.208,33.495
5458,04-07-20,shot,machete,17.0,M,H,Jacksonville,FL,True,other,Not fleeing,False,-81.815,30.255
5459,05-07-20,shot,gun,34.0,M,W,Chino,CA,False,attack,Foot,False,-117.73100000000001,34.023
5460,05-07-20,shot,toy weapon,30.0,M,W,Muncie,IN,True,attack,,True,-85.38600000000001,40.193000000000005
5461,05-07-20,shot,gun,70.0,M,W,Mesa,AZ,True,attack,Not fleeing,False,-111.719,33.423
5462,06-07-20,shot,gun,35.0,M,B,Milwaukee,WI,False,other,,False,-87.976,43.021
5463,06-07-20,shot,gun,40.0,M,,Smithfield Township,PA,True,attack,Not fleeing,False,-75.074,41.028
5464,07-07-20,shot,gun,62.0,M,W,Etowah,TN,False,attack,Not fleeing,False,-84.51799999999999,35.323
5465,07-07-20,shot,vehicle,36.0,M,H,Fresno,CA,False,attack,Not fleeing,False,-119.77600000000001,36.736
5466,07-07-20,shot,gun,28.0,M,,Harris County,TX,True,attack,Not fleeing,False,-95.429,29.96
5467,08-07-20,shot,knife,37.0,M,W,Pascagoula,MS,True,other,Not fleeing,False,-88.51899999999999,30.359
5468,08-07-20,shot,gun,49.0,M,W,Myrtle Beach,SC,True,other,Not fleeing,False,,
5469,09-07-20,shot,toy weapon,49.0,M,B,San Diego,CA,True,attack,Not fleeing,True,-117.094,32.756
5470,10-07-20,shot,gun,60.0,M,W,Forksville,PA,False,undetermined,Not fleeing,False,-76.684,41.523
5471,10-07-20,shot,gun,20.0,M,B,Detroit,MI,False,attack,Not fleeing,True,-83.146,42.417
5472,10-07-20,shot,gun,31.0,M,B,Panama City,FL,False,attack,Not fleeing,False,-85.804,30.177
5473,11-07-20,shot,gun,23.0,M,W,Monument,CO,False,attack,Car,False,-104.85799999999999,39.123000000000005
5474,11-07-20,shot,gun,26.0,M,W,Greenville,SC,False,attack,Not fleeing,False,-82.436,34.9
5475,12-07-20,shot,vehicle,36.0,F,W,Butler Township,OH,False,attack,Car,False,-79.918,40.841
5476,12-07-20,shot,knife,47.0,M,,Leesburg,GA,True,other,Foot,False,-84.178,31.726999999999997
5477,12-07-20,shot,gun,28.0,M,H,Chamblee,GA,False,attack,Not fleeing,False,-84.29299999999999,33.876999999999995
5478,13-07-20,shot,gun,59.0,M,,Rockwood,TN,False,other,Car,False,-84.686,35.866
5479,13-07-20,shot,gun,31.0,M,W,Chaska,MN,False,attack,Not fleeing,True,-93.595,44.79600000000001
5480,14-07-20,shot,knife,43.0,M,W,Delta Township,MI,False,other,Car,True,-84.64399999999999,42.683
5481,14-07-20,shot,gun,17.0,M,B,Cobb County,GA,False,attack,Other,False,-84.561,33.775
5482,14-07-20,shot,gun,32.0,M,H,Knoxville,TN,False,attack,Car,False,-83.926,35.97
5483,14-07-20,shot,gun,28.0,M,H,Deming,NM,False,attack,Foot,False,-107.745,32.260999999999996
5484,14-07-20,shot,toy weapon,24.0,M,W,Morris Township,NJ,True,attack,Not fleeing,False,-74.487,40.821999999999996
5485,15-07-20,shot,vehicle,39.0,M,B,Stockton,CA,False,attack,Not fleeing,False,-121.374,38.048
5486,15-07-20,shot,gun,22.0,M,W,Shepherdsville,KY,True,attack,Not fleeing,False,-85.71799999999999,38.005
5487,16-07-20,shot,knife,23.0,M,W,Shoreline,WA,False,other,Foot,False,-122.353,47.756
5488,16-07-20,shot,gun,60.0,M,W,North Fort Myers,FL,True,attack,Not fleeing,False,-81.905,26.719
5489,16-07-20,shot,gun,33.0,M,W,Knox County,TX,False,attack,Not fleeing,False,-99.81200000000001,33.673
5490,17-07-20,shot,gun,28.0,M,W,Fruita,CO,False,other,,False,-108.72,39.157
5491,17-07-20,shot,toy weapon,24.0,M,B,Houston,TX,False,other,Not fleeing,False,-95.333,29.656999999999996
5492,18-07-20,shot,gun,24.0,M,B,Chicago Heights,IL,False,attack,Foot,False,-87.62299999999999,41.503
5493,19-07-20,shot,gun,35.0,M,,Indianapolis,IN,False,attack,Not fleeing,False,-86.113,39.821999999999996
5494,20-07-20,shot,gun,51.0,M,B,Baton Rouge,LA,False,attack,Not fleeing,True,-91.18299999999999,30.393
5495,20-07-20,shot,gun,33.0,M,H,Chula Vista,CA,False,attack,Other,False,-116.98299999999999,32.646
5496,21-07-20,shot,gun,30.0,M,W,Oklahoma City,OK,False,attack,Not fleeing,True,-97.54799999999999,35.376999999999995
5497,21-07-20,shot,gun,22.0,M,B,Sacramento,CA,False,attack,Not fleeing,True,-121.41799999999999,38.549
5498,22-07-20,shot,gun,49.0,F,W,Largo,FL,False,attack,Foot,False,-82.714,27.916
5499,22-07-20,shot,gun,37.0,M,W,Waukesha,WI,True,other,Not fleeing,False,-88.249,42.949
5500,23-07-20,shot,gun,,M,B,Detroit,MI,False,attack,Other,True,-83.046,42.331
5501,23-07-20,shot,gun,51.0,M,W,Eureka,CA,True,attack,Not fleeing,True,-124.16799999999999,40.783
5502,24-07-20,shot,toy weapon,61.0,M,B,Stockton,CA,False,attack,Not fleeing,True,-121.228,37.999
5503,24-07-20,shot,vehicle,,M,,West Kendall,FL,False,other,Car,False,-80.457,25.684
5504,24-07-20,shot,gun,45.0,M,B,Roxboro,NC,False,attack,Not fleeing,False,-79.006,36.39
5505,24-07-20,shot,gun,41.0,M,W,Baytown,TX,True,attack,,False,-94.96,29.845
5506,25-07-20,shot,baseball bat,49.0,M,W,The Village,OK,False,other,Not fleeing,True,-97.55,35.565
5507,25-07-20,shot,knife,34.0,M,W,Salt Lake City,UT,True,other,Not fleeing,True,-111.87700000000001,40.76
5508,26-07-20,shot,knife,22.0,M,W,Mt. Airy,NC,True,attack,Not fleeing,False,-80.618,36.519
5509,27-07-20,shot,gun,26.0,M,H,Carmel,IN,True,attack,Foot,True,-86.069,39.995
5510,28-07-20,shot,gun,32.0,M,,Canton,NC,False,attack,Not fleeing,False,-82.814,35.536
5511,28-07-20,shot,gun,47.0,M,W,North Port,FL,True,attack,Not fleeing,False,-82.234,27.069000000000003
5512,29-07-20,shot,machete,21.0,M,,Las Vegas,NV,False,attack,Not fleeing,False,-115.125,36.192
5513,29-07-20,shot,knife,25.0,M,H,Bothell,WA,True,other,Not fleeing,False,-122.20700000000001,47.791000000000004
5514,29-07-20,shot,gun,37.0,M,B,Lake Charles,LA,False,other,Car,False,-93.208,30.212
5515,29-07-20,shot,gun,42.0,M,,Kingman,AZ,False,attack,Not fleeing,False,,
5516,30-07-20,shot,knife,41.0,M,,Chino,CA,False,other,Not fleeing,False,-117.686,34.029
5517,30-07-20,shot,gun,39.0,M,H,Mission,TX,False,attack,Not fleeing,False,-98.31200000000001,26.19
5518,30-07-20,shot and Tasered,sword,28.0,M,B,Detroit,MI,True,attack,Not fleeing,False,-83.16799999999999,42.381
5519,31-07-20,shot,gun,49.0,M,,Morristown,TN,False,attack,Not fleeing,False,-83.277,36.225
5520,31-07-20,shot,knife,,M,,Brunswick,OH,True,other,Not fleeing,False,,
5521,01-08-20,shot,gun,56.0,M,W,Miami,FL,False,attack,Not fleeing,False,-80.429,25.529
5522,02-08-20,shot,gun,38.0,M,W,Mooresville,NC,True,attack,,False,-80.806,35.565
5523,02-08-20,shot,gun,17.0,M,W,West Jordan,UT,False,attack,Not fleeing,False,-111.95200000000001,40.611999999999995
5524,02-08-20,shot and Tasered,knife,63.0,F,W,Sarasota,FL,True,other,Not fleeing,False,-82.488,27.303
5525,03-08-20,shot,knife,34.0,M,W,Culver City,CA,False,other,Foot,False,-118.38799999999999,34.027
5526,04-08-20,shot,gun,30.0,M,W,Kearns,UT,False,attack,Foot,False,-112.01899999999999,40.653
5527,04-08-20,shot,gun,44.0,M,W,Warren,OH,True,other,Not fleeing,False,-80.818,41.238
5528,04-08-20,shot,knife,39.0,F,W,Fort Dodge,IA,True,other,Not fleeing,True,,
5529,04-08-20,shot,undetermined,36.0,M,W,Port Orchard,WA,True,undetermined,Not fleeing,False,-122.663,47.527
5530,04-08-20,shot,gun and knife,67.0,M,,James Island,SC,False,attack,Not fleeing,False,-79.988,32.756
5531,05-08-20,shot,gun,29.0,M,H,San Angelo,TX,False,attack,Other,False,-100.509,31.438000000000002
5532,06-08-20,shot,bottle,30.0,M,B,Ventnor,NJ,False,other,Not fleeing,True,-74.47399999999999,39.355
5533,06-08-20,shot,gun,35.0,M,H,San Leandro,CA,False,attack,Other,False,-122.177,37.736
5534,06-08-20,shot,metal pipe,44.0,M,,Ontario,CA,False,other,Other,False,-117.57600000000001,34.065
5535,07-08-20,shot,unarmed,55.0,M,W,St. Petersburg,FL,True,attack,Not fleeing,False,-82.639,27.809
5536,07-08-20,shot,knife,33.0,M,H,Rancho Mirage,CA,False,attack,Not fleeing,False,,
5537,07-08-20,shot,gun,22.0,M,B,Orlando,FL,False,other,Foot,True,-81.40100000000001,28.45
5538,07-08-20,shot,gun,51.0,M,W,Dover,FL,True,attack,Not fleeing,False,-82.243,28.021
5539,07-08-20,shot,gun,26.0,M,,St. Charles County,MO,False,attack,Car,False,,
5540,07-08-20,shot,unarmed,60.0,M,B,Sylvania,GA,False,undetermined,Car,False,,
5541,08-08-20,shot,knife,45.0,M,W,St. Croix Falls,WI,False,attack,Not fleeing,False,-92.63600000000001,45.4
5542,08-08-20,shot,knife,25.0,M,W,Tulsa,OK,True,other,Not fleeing,False,-95.94,36.192
5543,08-08-20,shot,gun,21.0,M,W,Clinton,UT,False,attack,Car,False,-112.05799999999999,41.145
5544,08-08-20,shot,knife,34.0,M,B,Bossier City,LA,True,other,Not fleeing,False,-93.709,32.538000000000004
5545,08-08-20,shot,gun,39.0,M,W,Holladay,UT,True,undetermined,Not fleeing,True,-111.804,40.635
5546,09-08-20,shot,gun,26.0,M,H,El Paso,TX,False,attack,Foot,False,-106.28200000000001,31.759
5547,09-08-20,shot,knife,42.0,M,W,Tulsa,OK,False,attack,Foot,False,-95.976,36.075
5548,09-08-20,shot,gun,39.0,M,,Graham,WA,False,attack,Not fleeing,False,-122.24,47.03
5549,10-08-20,shot,gun,32.0,M,W,Las Vegas,NV,True,attack,Foot,True,-115.064,36.228
5550,10-08-20,shot,gun,48.0,M,H,Albuquerque,NM,False,attack,,False,-106.69200000000001,35.159
5551,10-08-20,shot,gun,35.0,M,W,Robbins,NC,True,other,Foot,False,-79.586,35.433
5552,10-08-20,shot,gun,50.0,M,W,Albuquerque,NM,False,attack,Foot,False,-106.615,35.074
5553,10-08-20,shot,knife,40.0,M,H,Grand Island,NE,True,attack,Not fleeing,False,-98.331,40.934
5554,11-08-20,shot,gun,48.0,F,H,Pueblo,CO,True,attack,Not fleeing,False,-104.641,38.281
5555,11-08-20,shot,vehicle,48.0,M,W,Rogers County,OK,False,attack,Car,False,-95.791,36.329
5556,13-08-20,shot,gun,39.0,M,H,Phoenix,AZ,False,attack,Not fleeing,False,-112.111,33.509
5557,14-08-20,shot,gun,,M,W,Dania Beach,FL,False,attack,,False,-80.158,26.048000000000002
5558,14-08-20,shot,knife,,M,,North Miami,FL,False,attack,Not fleeing,False,-80.175,25.891
5559,15-08-20,shot,knife,41.0,M,W,Oak Ridge,TN,False,other,Not fleeing,False,-84.305,36.001
5560,15-08-20,shot,gun,32.0,M,B,Pasadena,CA,False,other,Foot,True,-118.149,34.171
5561,15-08-20,shot,gun,51.0,M,W,Marion County,FL,False,attack,,False,-82.054,29.096
5562,15-08-20,shot,knife,,M,,Denver,CO,False,attack,Not fleeing,False,-104.976,39.78
5563,15-08-20,shot,gun,52.0,M,W,Franklin,GA,False,other,Not fleeing,False,-85.03399999999999,33.319
5564,16-08-20,shot,vehicle,35.0,M,W,Maury County,TN,False,attack,Other,False,-87.07,35.786
5565,16-08-20,shot,knife,27.0,M,H,Dos Palos,CA,False,other,Not fleeing,True,-120.618,36.983000000000004
5566,16-08-20,shot,gun,67.0,M,W,Las Vegas,NV,True,attack,Not fleeing,False,-115.273,36.138000000000005
5567,16-08-20,shot,gun,30.0,M,,Hemet,CA,False,other,Car,False,-116.959,33.755
5568,17-08-20,shot,gun,27.0,M,H,Weslaco,TX,False,attack,Foot,False,-97.111,31.585
5569,17-08-20,shot,knife,65.0,M,H,Bakersfield,CA,False,other,Car,True,-119.009,35.354
5570,17-08-20,shot,gun,36.0,M,H,San Bernardino,CA,False,attack,Foot,False,-117.29899999999999,34.12
5571,17-08-20,shot,pepper spray,35.0,M,W,Barstow,CA,False,attack,,False,-116.995,34.888000000000005
5572,18-08-20,shot,machete,37.0,M,B,Cumberland County,NC,True,other,,False,-78.895,34.964
5573,18-08-20,shot,undetermined,37.0,M,W,Pollocksville,NC,False,undetermined,,False,-77.211,34.968
5574,18-08-20,shot,gun and machete,34.0,M,W,Avon Park,FL,False,attack,Foot,False,-81.556,27.636
5575,19-08-20,shot,gun,60.0,M,W,Chickamauga,GA,False,attack,,False,-85.35,34.824
5576,19-08-20,shot,gun,39.0,M,H,Lake Havasu City,AZ,False,attack,Not fleeing,False,-114.295,34.509
5577,19-08-20,shot,gun,21.0,M,H,San Benito,TX,False,attack,Not fleeing,False,-97.63,26.125999999999998
5578,19-08-20,shot,gun,,M,,Bay City,TX,False,attack,Other,False,-95.969,28.983
5579,20-08-20,shot,gun,43.0,M,W,Wimberley,TX,True,attack,Car,False,-98.102,30.003
5580,20-08-20,shot,gun,37.0,M,W,Cabot,AR,True,other,Car,False,-92.072,35.025999999999996
5581,20-08-20,shot,gun,,M,,Brooksville,FL,False,attack,,False,-82.473,28.592
5582,21-08-20,shot,knife,39.0,M,B,Asbury Park,NJ,False,other,,False,-74.012,40.225
5583,21-08-20,shot and Tasered,knife,31.0,M,B,Lafayette,LA,True,other,Foot,False,-92.001,30.204
5584,21-08-20,shot,gun,42.0,M,W,Nipomo,CA,True,attack,Not fleeing,False,-120.485,35.037
5585,22-08-20,shot,gun,29.0,M,B,Rancho Cordova,CA,True,attack,Foot,False,-121.318,38.577
5586,22-08-20,shot,undetermined,35.0,M,N,Belcourt,ND,False,undetermined,,False,-99.745,48.839
5587,23-08-20,shot,knife,47.0,M,B,Kingsland,GA,False,attack,Not fleeing,False,-81.643,30.79
5588,24-08-20,shot,gun,,M,H,Albuquerque,NM,False,attack,,False,-106.57,35.184
5589,24-08-20,shot,gun,31.0,M,W,Lincoln County,NC,False,attack,Not fleeing,False,-81.208,35.29
5590,25-08-20,shot,gun,30.0,M,W,Barbourville,KY,False,attack,Not fleeing,False,-83.978,36.94
5591,25-08-20,shot,gun,47.0,M,W,Eckford Township,MI,False,attack,Not fleeing,False,-84.905,42.25
5592,25-08-20,shot,knife,39.0,M,,Rancho Cucamonga,CA,False,other,Not fleeing,False,-117.56,34.082
5593,25-08-20,shot and Tasered,gun,31.0,M,B,San Antonio,TX,True,attack,Not fleeing,False,-98.712,29.511999999999997
5594,26-08-20,shot,gun,41.0,M,W,Knox County,KY,False,attack,,False,-83.89,36.926
5595,26-08-20,shot,gun,17.0,M,H,Tucson,AZ,False,attack,Foot,True,-110.992,32.171
5596,26-08-20,shot,gun,29.0,M,B,Houston,TX,False,attack,Foot,False,-95.39399999999999,29.747
5597,27-08-20,shot,gun,38.0,M,W,Salt Lake City,UT,False,other,Foot,False,-111.89200000000001,40.747
5598,28-08-20,shot,vehicle,36.0,M,H,Elkridge,MD,False,other,Car,False,-76.764,39.199
5599,29-08-20,shot,gun,52.0,M,W,Loma,CO,False,other,Not fleeing,False,,
5600,29-08-20,shot,gun,43.0,M,B,Dearborn Heights,MI,True,attack,Not fleeing,False,-83.307,42.313
5601,29-08-20,shot,gun,44.0,M,B,Holly Hill,FL,False,attack,Not fleeing,True,-81.04899999999999,29.256999999999998
5602,29-08-20,shot,knife,25.0,M,H,Anaheim,CA,False,other,,False,-117.87899999999999,33.84
5603,30-08-20,shot,Airsoft pistol,26.0,M,W,Clovis,CA,False,attack,Not fleeing,True,-119.696,36.84
5604,31-08-20,shot,gun,29.0,M,B,Los Angeles,CA,False,attack,Foot,False,-118.296,33.936
5605,31-08-20,shot,undetermined,36.0,M,H,Aztec,NM,False,other,Other,True,-108.036,36.798
5606,31-08-20,shot,gun,58.0,M,W,Meridian,ID,False,attack,Not fleeing,True,-116.39399999999999,43.601000000000006
5607,31-08-20,shot,gun,26.0,M,H,Chicago,IL,False,attack,,True,-87.633,41.871
5608,01-09-20,shot,gun,50.0,M,W,Sacramento,CA,True,attack,Foot,True,-121.47399999999999,38.62
5609,02-09-20,shot,gun,18.0,M,B,Washington,DC,False,other,Other,True,-77.003,38.846
5610,03-09-20,shot,gun,48.0,M,W,Lacey,WA,False,other,Not fleeing,False,-122.823,47.036
5611,03-09-20,shot,gun,37.0,M,W,California City,CA,False,attack,Not fleeing,False,-117.98700000000001,35.312
5612,03-09-20,shot,knife,53.0,M,W,Bettendorf,IA,True,attack,Not fleeing,False,,
5613,04-09-20,shot,gun,33.0,M,B,Syracuse,NY,False,other,Not fleeing,True,-76.148,43.053000000000004
5614,04-09-20,shot,gun,38.0,M,W,Lucerne,CA,False,attack,Not fleeing,False,-116.83200000000001,34.438
5615,05-09-20,shot,vehicle,22.0,M,W,Battle Creek,MI,False,attack,Car,False,-85.272,42.305
5616,05-09-20,shot,knife,61.0,M,B,San Antonio,TX,False,attack,Not fleeing,False,,
5617,05-09-20,shot and Tasered,knife,34.0,M,B,Chicago,IL,False,other,Not fleeing,True,-87.74700000000001,41.803000000000004
5618,06-09-20,shot,knife,40.0,M,W,Summerlin,NV,True,attack,Not fleeing,False,,
5619,06-09-20,shot,knife,49.0,M,H,Virginia Beach,VA,False,other,Not fleeing,False,-76.083,36.830999999999996
5620,06-09-20,shot,knife,54.0,M,W,Spruce Pine,NC,True,other,,False,-82.065,35.918
5621,07-09-20,shot,gun,51.0,M,W,Altoona,IA,False,other,,False,-93.49799999999999,41.661
5622,08-09-20,shot,gun,33.0,M,B,Delray Beach,FL,False,attack,Car,False,-80.085,26.462
5623,08-09-20,shot,knife,37.0,M,W,Las Vegas,NV,False,attack,Other,True,-115.17299999999999,36.115
5624,09-09-20,shot,gun,47.0,M,W,McCracken County,KY,False,attack,Car,False,-88.711,37.092
5625,09-09-20,shot,Airsoft pistol,41.0,M,N,Denver,CO,False,attack,Not fleeing,False,-104.99799999999999,39.732
5626,10-09-20,shot,gun,18.0,M,B,Norcross,GA,False,attack,Foot,False,-84.175,33.926
5627,10-09-20,shot,gun,,M,W,Henderson County,NC,False,attack,Not fleeing,False,-82.506,35.376999999999995
5628,10-09-20,shot,gun,49.0,M,B,Moscow,TN,False,attack,Not fleeing,False,-89.404,35.062
5629,10-09-20,shot,gun,41.0,M,H,Los Angeles,CA,False,attack,Not fleeing,False,-118.20299999999999,33.891999999999996
5630,10-09-20,shot,gun,48.0,M,W,Fayetteville,NC,False,other,,False,-79.035,35.033
5631,11-09-20,shot,gun,31.0,M,,Spokane,WA,False,attack,Car,False,-117.319,47.663999999999994
5632,12-09-20,shot,gun,88.0,M,B,West Sacramento,CA,True,other,Not fleeing,True,-121.53399999999999,38.58
5633,12-09-20,shot,gun,,M,H,Denver,CO,True,attack,Other,False,-105.036,39.742
5634,13-09-20,shot,knife,27.0,M,H,Lancaster,PA,True,other,Not fleeing,True,-76.314,40.031
5635,15-09-20,shot,gun,27.0,M,W,Bountiful,UT,True,attack,Not fleeing,False,-111.883,40.9
5636,15-09-20,shot,gun,,M,W,Denver,CO,False,attack,Not fleeing,False,-104.94,39.673
5637,15-09-20,shot,gun,55.0,M,B,San Antonio,TX,False,attack,Not fleeing,True,-98.575,29.445
5638,17-09-20,shot,shovel,37.0,M,H,Immokalee,FL,False,other,Not fleeing,False,-81.391,26.406999999999996
5639,18-09-20,shot,undetermined,45.0,M,W,West Des Moines,IA,True,other,Not fleeing,False,-93.76299999999999,41.588
5640,18-09-20,shot,unknown weapon,39.0,M,,Redlands,CA,False,attack,,False,-117.17399999999999,34.07
5641,18-09-20,shot,undetermined,,M,A,Stanton,CA,False,undetermined,Car,False,-117.985,33.81
5642,18-09-20,shot,undetermined,41.0,M,W,West Odessa,TX,False,undetermined,,False,-102.5,31.883000000000003
5643,18-09-20,shot,gun,46.0,M,W,Lakewood,CO,False,attack,Foot,False,-105.08200000000001,39.722
5644,18-09-20,shot,gun,22.0,M,W,Midvale,UT,False,attack,Other,False,-111.914,40.621
5645,19-09-20,shot,gun,33.0,M,B,Brunswick,GA,False,attack,Foot,False,-81.495,31.148000000000003
5646,19-09-20,shot,undetermined,32.0,M,W,Auburn,WA,False,undetermined,,False,-122.22200000000001,47.301
5647,19-09-20,shot,gun,52.0,M,B,Talking Rock,GA,False,attack,,False,-84.505,34.509
5648,20-09-20,shot,gun,39.0,F,W,Redmond,WA,False,other,Not fleeing,False,-122.12700000000001,47.68
5649,21-09-20,shot,gun,26.0,M,B,St. Louis,MO,False,attack,Other,False,-90.22399999999999,38.751
5650,21-09-20,shot,knife,,M,,Noglaes,AZ,False,attack,,False,-110.934,31.34
5651,21-09-20,shot,gun,28.0,M,B,Atlanta,GA,False,other,Not fleeing,False,-84.368,33.716
5652,21-09-20,shot and Tasered,knife,40.0,F,W,Athens,GA,True,other,Not fleeing,True,-83.406,33.91
5653,22-09-20,shot,gun,30.0,M,W,Geneseo,IL,False,attack,Foot,False,-90.166,41.448
5654,22-09-20,shot,gun,44.0,M,H,San Antonio,TX,False,attack,Not fleeing,False,-98.59700000000001,29.448
5655,23-09-20,shot,undetermined,42.0,M,B,San Clemente,CA,False,attack,,False,-117.601,33.415
5656,24-09-20,shot,gun,38.0,M,W,Templeton,CA,False,attack,Foot,False,-120.698,35.573
5657,24-09-20,shot,gun,66.0,M,W,La Quinta,CA,False,attack,,True,-116.296,33.677
5658,24-09-20,shot,gun,29.0,M,,Whitehall,LA,False,attack,Not fleeing,False,,
5659,24-09-20,shot,gun,43.0,M,W,Airway Heights,WA,False,undetermined,Not fleeing,True,-117.539,47.644
5660,24-09-20,shot and Tasered,gun,30.0,M,W,Sebring,FL,False,attack,Foot,False,-81.512,27.426
5661,25-09-20,shot,undetermined,21.0,M,H,Tempe,AZ,False,other,Car,True,-111.883,33.422
5662,27-09-20,shot,knife,43.0,M,W,Dearborn,MI,False,attack,,False,-83.176,42.321999999999996
5663,28-09-20,shot,gun,57.0,M,B,Avondale,LA,False,attack,Not fleeing,False,-90.215,29.913
5664,29-09-20,shot,gun,27.0,M,W,St. Cloud,MN,False,other,Car,False,-94.185,45.553000000000004
5665,30-09-20,shot,undetermined,27.0,M,B,Decatur,GA,False,undetermined,Not fleeing,False,-84.235,33.766999999999996
5666,30-09-20,shot,gun,41.0,M,W,Manhattan,KS,True,attack,Not fleeing,True,-96.61200000000001,39.251
5667,01-10-20,shot,gun,,M,,Whitby,WV,False,attack,Car,False,,
5668,02-10-20,shot,gun,38.0,M,W,Tallahassee,FL,False,attack,Not fleeing,False,-84.374,30.434
5669,02-10-20,shot,undetermined,39.0,M,B,Mojave,CA,False,other,Foot,False,-118.17399999999999,35.058
5670,02-10-20,shot,gun,33.0,M,H,Longview,WA,False,other,Foot,False,-122.93799999999999,46.138000000000005
5671,02-10-20,shot and Tasered,knife,46.0,M,H,Fresno,CA,False,other,Foot,True,-119.723,36.729
5672,03-10-20,shot,gun,20.0,M,W,Myrtle Beach,SC,False,attack,,False,-78.90100000000001,33.676
5673,03-10-20,shot and Tasered,undetermined,32.0,M,B,Wolfe City,TX,False,undetermined,Not fleeing,False,-96.069,33.371
5674,04-10-20,shot,undetermined,30.0,M,,Chula Vista,CA,False,other,Car,False,-117.069,32.652
5675,04-10-20,shot,unknown weapon,41.0,M,,Vancouver,WA,False,other,Not fleeing,False,-122.65,45.64
5676,04-10-20,shot,gun,27.0,M,H,Las Cruces,NM,False,attack,Not fleeing,False,-106.764,32.32
5677,04-10-20,shot,gun and knife,24.0,M,,Camarillo,CA,True,attack,Not fleeing,True,-119.071,34.224000000000004
5678,05-10-20,shot,unarmed,47.0,M,H,Napa,CA,False,other,Not fleeing,True,-122.271,38.258
5679,06-10-20,shot,gun,44.0,M,W,Georgetown,KY,False,attack,Not fleeing,False,-84.669,38.211999999999996
5680,06-10-20,shot,gun,62.0,M,W,Fayetteville,NC,True,attack,,False,-79.02199999999999,34.995
5681,06-10-20,shot,gun,48.0,F,W,Hilliard,FL,True,attack,Not fleeing,False,-81.918,30.698
5682,08-10-20,shot,gun,29.0,M,B,Philadelphia,PA,False,attack,Other,False,-75.176,40.038000000000004
5683,08-10-20,shot,gun,24.0,M,B,New York,NY,False,attack,Other,True,-73.933,40.851
5684,08-10-20,shot,gun,47.0,M,W,Palm City,FL,True,attack,Not fleeing,False,-80.3,27.186
5685,09-10-20,shot,gun,41.0,F,W,Horry County,SC,True,other,,False,-79.056,33.606
5686,09-10-20,shot,unarmed,25.0,M,W,Pine County,MN,False,undetermined,Car,True,-92.88799999999999,46.105
5687,09-10-20,shot,gun,29.0,M,W,Salina,KS,False,attack,Car,False,-97.63,38.825
5688,09-10-20,shot,gun,29.0,M,H,Houston,TX,False,attack,,False,-95.309,29.621
5689,10-10-20,shot,knife,21.0,M,H,San Francisco,CA,False,other,Car,True,-122.42,37.772
5690,12-10-20,shot and Tasered,gun,29.0,M,N,Billings,MT,False,attack,,False,-108.572,45.786
5691,12-10-20,shot and Tasered,gun,24.0,M,,Bethel Springs,TN,False,other,Car,False,,
5692,13-10-20,shot,knife,27.0,M,H,Bakersfield,CA,False,attack,Foot,True,-118.994,35.373000000000005
5693,14-10-20,shot,gun,23.0,M,B,South Los Angeles,CA,False,attack,Not fleeing,False,,
5694,14-10-20,shot,machete,28.0,M,H,Frostproof,FL,True,other,Not fleeing,False,-81.531,27.746
5695,14-10-20,shot,gun,23.0,M,,Los Angeles,CA,False,attack,,False,-118.28299999999999,33.935
5696,14-10-20,shot and Tasered,knife,30.0,M,W,Chico,CA,False,attack,Foot,False,,
5697,14-10-20,shot and Tasered,spear,45.0,M,,Cookson,OK,False,attack,Not fleeing,False,,
5698,16-10-20,shot,gun,,M,,Sioux Falls,SD,False,attack,Not fleeing,False,-96.756,43.556000000000004
5699,16-10-20,shot,gun,57.0,M,H,Huntsville,AL,False,attack,Not fleeing,False,-86.572,34.628
5700,16-10-20,shot,gun,25.0,M,B,Los Angeles,CA,False,attack,Foot,True,-118.265,33.923
5701,16-10-20,shot,gun,27.0,M,B,Rock Island,IL,False,attack,Other,True,-90.568,41.5
5702,17-10-20,shot,gun,,M,,Laguna,NM,False,attack,Car,False,-107.38,35.032
5703,17-10-20,shot,gun,53.0,M,W,Muhlenberg County,KY,True,attack,Not fleeing,False,-87.14200000000001,37.177
5704,17-10-20,shot,undetermined,21.0,M,W,Wood County,WV,False,undetermined,,False,-81.436,39.215
5705,18-10-20,shot,gun,,M,,Sunrise,FL,True,attack,Not fleeing,False,-80.329,26.134
5706,18-10-20,shot,gun,32.0,M,W,Fresno,CA,False,attack,Foot,False,-119.821,36.758
5707,18-10-20,shot,gun,37.0,M,A,Tooele,UT,False,other,Not fleeing,False,-112.29799999999999,40.531
5708,19-10-20,shot,gun,43.0,M,,South Milwaukee,WI,True,attack,Not fleeing,False,-87.85600000000001,42.898999999999994
5709,19-10-20,shot,gun,,M,W,Emmitsburg,MD,False,attack,Other,False,-79.67699999999999,34.609
5710,19-10-20,shot and Tasered,knife,46.0,M,,Coram,NY,False,other,,False,-73.01,40.875
5711,20-10-20,shot,unarmed,19.0,M,B,Waukegan,IL,False,other,Car,True,-87.833,42.349
5712,20-10-20,shot,gun,43.0,M,H,Phoenix,AZ,True,attack,Not fleeing,True,-112.035,33.509
5713,20-10-20,shot,gun,48.0,M,B,Elmwood Place,OH,False,attack,Not fleeing,False,-84.49,39.187
5714,20-10-20,shot,gun,61.0,M,,Spring Hill,FL,False,attack,Not fleeing,False,-82.603,28.448
5715,20-10-20,shot,gun,,M,,Perdido Key,FL,True,attack,Not fleeing,False,-87.426,30.298000000000002
5716,20-10-20,shot,unarmed,44.0,M,H,Phoenix,AZ,False,other,Not fleeing,True,-112.035,33.509
5717,21-10-20,shot,knife,45.0,M,B,Moss Point,MS,False,attack,Not fleeing,False,-88.552,30.412
5718,21-10-20,shot,gun,35.0,M,,Bradenton,FL,False,attack,Not fleeing,False,-82.641,27.464000000000002
5719,22-10-20,shot,gun,30.0,M,H,Casa Grande,AZ,False,attack,Car,False,-111.757,32.894
5720,22-10-20,shot,gun,35.0,M,B,San Bernardino,CA,False,attack,Not fleeing,False,,
5721,22-10-20,shot,gun,43.0,M,W,Eagle River,AK,True,attack,Not fleeing,False,-149.558,61.309
5722,22-10-20,shot,unknown weapon,63.0,M,,Roane County,WV,False,other,,False,-81.47800000000001,38.585
5723,23-10-20,shot,gun,62.0,M,,Goodman,WI,False,attack,Car,False,-88.359,45.629
5724,23-10-20,shot,gun,25.0,M,H,Chicago,IL,False,attack,Foot,False,-87.71700000000001,41.843999999999994
5725,23-10-20,shot,gun,,M,W,Huntsville,UT,False,attack,Not fleeing,False,,
5726,24-10-20,shot,knife,33.0,M,W,Lawrenceburg,IN,False,attack,Not fleeing,False,,
5727,24-10-20,shot,gun,19.0,M,B,Sylvester,GA,False,attack,Other,False,-83.829,31.53
5728,25-10-20,shot,,53.0,M,W,Phoenix,AZ,False,attack,Not fleeing,False,-112.119,33.734
5729,26-10-20,shot,knife,27.0,M,B,Philadelphia,PA,True,other,Not fleeing,True,-75.244,39.958
5730,26-10-20,shot,gun,27.0,M,,Alexandria,VA,False,attack,Foot,False,-77.044,38.815
5731,27-10-20,shot,gun,38.0,M,W,Herriman,UT,False,other,,True,-112.01700000000001,40.509
5732,27-10-20,shot,gun,35.0,M,,Chattanooga,TN,False,other,,False,-85.11200000000001,35.04
5733,27-10-20,shot,gun,34.0,M,B,Las Vegas,NV,False,other,Not fleeing,True,-115.098,36.205
5734,28-10-20,shot,undetermined,44.0,M,W,Trigg County,KY,False,undetermined,,False,-87.88,36.872
5735,28-10-20,shot,gun,35.0,M,H,Tucson,AZ,False,attack,Foot,False,-110.99799999999999,32.135
5736,28-10-20,shot,gun,30.0,M,H,Bakersfield,CA,False,attack,Foot,False,-118.98,35.399
5737,29-10-20,shot,gun,21.0,M,B,Hazel Dell,WA,False,other,Foot,False,-122.663,45.672
5738,30-10-20,shot,undetermined,43.0,M,W,El Paso,TX,False,other,Car,False,-106.575,31.864
5739,31-10-20,shot,gun,44.0,M,W,Maryville,TN,False,other,,False,-84.00399999999999,35.72
5740,01-11-20,shot,undetermined,30.0,M,,Puyallup,WA,False,undetermined,,False,-122.26299999999999,47.175
5741,01-11-20,shot,gun,43.0,M,W,Seymour,IN,False,other,Foot,False,-85.90799999999999,38.951
5742,02-11-20,shot,undetermined,25.0,M,W,Springfield,MO,False,undetermined,,False,-93.28,37.181999999999995
5743,02-11-20,shot,vehicle,39.0,M,W,Lynn,MA,False,attack,Car,False,-70.96300000000001,42.46
5744,02-11-20,shot and Tasered,knife,35.0,M,W,Winchester,MA,False,other,Not fleeing,False,-71.135,42.461000000000006
5745,03-11-20,shot,gun,55.0,M,H,San Antonio,TX,False,attack,Not fleeing,True,-98.76100000000001,29.463
5746,03-11-20,shot,gun,38.0,M,,Henderson,NV,False,attack,,False,-115.05,36.037
5747,03-11-20,shot,gun,59.0,M,W,Jefferson County,TX,False,attack,Not fleeing,False,-94.214,30.176
5748,04-11-20,shot,gun,33.0,M,W,Fort Carson,CO,False,attack,Not fleeing,True,-104.79,38.753
5749,04-11-20,shot,knife,52.0,M,B,Sacramento,CA,False,attack,Not fleeing,False,-121.51899999999999,38.494
5750,04-11-20,shot,BB gun,26.0,M,W,Lewistown,IL,True,attack,,False,-90.152,40.405
5751,04-11-20,shot,gun,33.0,M,B,Jacksonville,FL,False,attack,Not fleeing,False,-81.645,30.385
5752,04-11-20,shot,gun,60.0,M,W,Kent,WA,True,attack,Foot,True,-122.169,47.419
5753,05-11-20,shot,vehicle,36.0,M,W,Tulsa,OK,False,attack,Not fleeing,False,-95.851,36.167
5754,05-11-20,shot,gun,32.0,M,H,Ventura,CA,False,other,Car,False,-119.27,34.265
5755,07-11-20,shot,undetermined,50.0,M,W,Cheatham County,TN,False,undetermined,,False,-87.131,36.259
5756,07-11-20,shot,gun,43.0,M,W,Lilburn,GA,False,attack,Not fleeing,False,-84.07700000000001,33.846
5757,07-11-20,shot and Tasered,knife,34.0,M,W,Missoula,MT,False,attack,,False,-114.035,46.873999999999995
5758,08-11-20,shot,gun,33.0,M,B,Evansville,IN,False,other,,True,-87.56700000000001,37.969
5759,08-11-20,shot,gun,58.0,M,W,Kingston Springs,TN,False,other,Not fleeing,False,-87.164,36.055
5760,09-11-20,shot,gun,25.0,M,B,Baltimore,MD,False,attack,Not fleeing,False,-76.671,39.308
5761,09-11-20,shot,gun,22.0,M,,Renton,WA,True,attack,Not fleeing,False,-122.208,47.48
5762,10-11-20,shot,gun,29.0,M,,Nederland,TX,False,attack,Foot,False,-93.971,29.986
5763,10-11-20,shot,knife,27.0,M,,Oildale,CA,False,other,Foot,True,-119.03399999999999,35.415
5764,10-11-20,shot,gun and vehicle,36.0,M,B,Lanham,MD,True,attack,Car,False,-76.883,38.955999999999996
5765,11-11-20,shot,gun,61.0,M,,Scottsdale,AZ,False,attack,Not fleeing,False,-111.874,33.698
5766,11-11-20,shot,gun,37.0,M,B,Oklahoma City,OK,False,attack,Car,False,-97.52799999999999,35.479
5767,12-11-20,shot,gun,39.0,M,,Philadelphia,PA,False,attack,Other,True,-75.12100000000001,39.991
5768,12-11-20,shot,gun,,M,W,Gulfport,MS,True,attack,Not fleeing,False,-89.09299999999999,30.38
5769,13-11-20,shot,undetermined,18.0,M,B,Cocoa,FL,False,other,Not fleeing,False,-80.765,28.374000000000002
5770,13-11-20,shot,undetermined,16.0,M,B,Cocoa,FL,False,other,Car,False,,
5771,13-11-20,shot,gun,19.0,M,B,Cleveland,OH,False,attack,,False,-81.64699999999999,41.489
5772,14-11-20,shot,vehicle,40.0,M,W,Pensacola,FL,False,other,Car,False,-87.235,30.441999999999997
5773,14-11-20,shot,gun,66.0,M,,Corpus Christi,TX,False,attack,,False,-97.419,27.725
5774,14-11-20,shot,gun,38.0,M,H,Sacramento,CA,False,attack,,False,-121.42399999999999,38.62
5775,15-11-20,shot,undetermined,35.0,M,W,Meredith,NH,False,undetermined,,False,-71.5,43.658
5776,15-11-20,shot,unknown weapon,50.0,F,,Lubbock,TX,False,other,Not fleeing,True,-101.927,33.549
5777,16-11-20,shot,gun,38.0,M,B,Dania Beach,FL,False,other,Car,False,-80.164,26.048000000000002
5778,16-11-20,shot,gun,32.0,M,W,Batesville,IN,False,attack,Not fleeing,False,-85.234,39.294000000000004
5779,17-11-20,shot,gun,39.0,M,B,La Vergne,TN,False,attack,Car,False,-86.556,36.015
5780,17-11-20,shot,gun,28.0,M,W,St. Augustine,FL,False,attack,,False,-81.333,29.905
5781,17-11-20,shot,gun,42.0,M,,Hart County,KY,False,attack,Other,False,-85.84899999999999,37.31
5782,17-11-20,shot,gun,18.0,M,B,Jacksonville,FL,False,other,Not fleeing,True,-81.73,30.281999999999996
5783,18-11-20,shot,unknown weapon,66.0,M,H,Tyler,TX,False,other,Not fleeing,False,-95.285,32.336999999999996
5784,19-11-20,shot,gun,35.0,M,B,Omaha,NE,False,other,Not fleeing,True,-95.95299999999999,41.191
5785,20-11-20,shot,undetermined,27.0,M,,Tangipahoa Parish,LA,False,undetermined,,False,-90.335,30.511999999999997
5786,20-11-20,shot,gun and machete,43.0,M,,Evansville,IN,False,attack,Car,False,-87.557,38.010999999999996
5787,20-11-20,shot,undetermined,,M,,Upper Darby,PA,False,attack,Foot,False,-75.273,39.968
5788,21-11-20,shot,gun,25.0,M,W,New Smyrna Beach,FL,False,attack,Car,True,-80.946,29.045
5789,21-11-20,shot,gun,75.0,M,,Oro Valley,AZ,False,other,,False,-110.986,32.405
5790,22-11-20,shot,undetermined,,M,,Eau Claire,WI,False,undetermined,,False,-91.46799999999999,44.787
5791,22-11-20,shot,undetermined,49.0,M,W,Louisville,KY,False,undetermined,,True,-85.78299999999999,38.266
5792,22-11-20,shot,vehicle,,M,,Spokane Valley,WA,False,attack,Car,False,-117.26100000000001,47.657
